  0
SECTION
  2
HEADER
  9
$ACADVER
  1
AC1032
  9
$ACADMAINTVER
 90
4
  9
$DWGCODEPAGE
  3
ANSI_1252
  9
$LASTSAVEDBY
  1
ezdxf
  9
$REQUIREDVERSIONS
160
0
  9
$INSBASE
 10
0.0
 20
0.0
 30
0.0
  9
$EXTMIN
 10
1e+20
 20
1e+20
 30
1e+20
  9
$EXTMAX
 10
-1e+20
 20
-1e+20
 30
-1e+20
  9
$LIMMIN
 10
0.0
 20
0.0
  9
$LIMMAX
 10
420.0
 20
297.0
  9
$ORTHOMODE
 70
0
  9
$REGENMODE
 70
1
  9
$FILLMODE
 70
1
  9
$QTEXTMODE
 70
0
  9
$MIRRTEXT
 70
1
  9
$LTSCALE
 40
1.0
  9
$ATTMODE
 70
1
  9
$TEXTSIZE
 40
2.5
  9
$TRACEWID
 40
1.0
  9
$TEXTSTYLE
  7
OpenSans
  9
$CLAYER
  8
0
  9
$CELTYPE
  6
ByLayer
  9
$CECOLOR
 62
256
  9
$CELTSCALE
 40
1.0
  9
$DISPSILH
 70
0
  9
$DIMSCALE
 40
1.0
  9
$DIMASZ
 40
0.175
  9
$DIMEXO
 40
0.125
  9
$DIMDLI
 40
3.75
  9
$DIMRND
 40
0.0
  9
$DIMDLE
 40
0.0
  9
$DIMEXE
 40
0.375
  9
$DIMTP
 40
0.0
  9
$DIMTM
 40
0.0
  9
$DIMTXT
 40
0.25
  9
$DIMCEN
 40
2.5
  9
$DIMTSZ
 40
0.0
  9
$DIMTOL
 70
0
  9
$DIMLIM
 70
0
  9
$DIMTIH
 70
0
  9
$DIMTOH
 70
0
  9
$DIMSE1
 70
0
  9
$DIMSE2
 70
0
  9
$DIMTAD
 70
1
  9
$DIMZIN
 70
12
  9
$DIMBLK
  1
ARCHTICK
  9
$DIMASO
 70
1
  9
$DIMSHO
 70
1
  9
$DIMPOST
  1

  9
$DIMAPOST
  1

  9
$DIMALT
 70
0
  9
$DIMALTD
 70
3
  9
$DIMALTF
 40
0.03937007874
  9
$DIMLFAC
 40
100.0
  9
$DIMTOFL
 70
1
  9
$DIMTVP
 40
0.0
  9
$DIMTIX
 70
0
  9
$DIMSOXD
 70
0
  9
$DIMSAH
 70
0
  9
$DIMBLK1
  1

  9
$DIMBLK2
  1

  9
$DIMSTYLE
  2
EZDXF
  9
$DIMCLRD
 70
0
  9
$DIMCLRE
 70
0
  9
$DIMCLRT
 70
0
  9
$DIMTFAC
 40
0.5
  9
$DIMGAP
 40
0.1
  9
$DIMJUST
 70
0
  9
$DIMSD1
 70
0
  9
$DIMSD2
 70
0
  9
$DIMTOLJ
 70
0
  9
$DIMTZIN
 70
8
  9
$DIMALTZ
 70
0
  9
$DIMALTTZ
 70
0
  9
$DIMUPT
 70
1
  9
$DIMDEC
 70
2
  9
$DIMTDEC
 70
2
  9
$DIMALTU
 70
2
  9
$DIMALTTD
 70
3
  9
$DIMTXSTY
  7
OpenSansCondensed-Light
  9
$DIMAUNIT
 70
0
  9
$DIMADEC
 70
2
  9
$DIMALTRND
 40
0.0
  9
$DIMAZIN
 70
3
  9
$DIMDSEP
 70
46
  9
$DIMATFIT
 70
3
  9
$DIMFRAC
 70
0
  9
$DIMLDRBLK
  1

  9
$DIMLUNIT
 70
2
  9
$DIMLWD
 70
-2
  9
$DIMLWE
 70
-2
  9
$DIMTMOVE
 70
2
  9
$DIMFXL
 40
1.0
  9
$DIMFXLON
 70
0
  9
$DIMJOGANG
 40
0.785398163397
  9
$DIMTFILL
 70
0
  9
$DIMTFILLCLR
 70
0
  9
$DIMARCSYM
 70
0
  9
$DIMLTYPE
  6

  9
$DIMLTEX1
  6

  9
$DIMLTEX2
  6

  9
$DIMTXTDIRECTION
 70
0
  9
$LUNITS
 70
2
  9
$LUPREC
 70
4
  9
$SKETCHINC
 40
1.0
  9
$FILLETRAD
 40
10.0
  9
$AUNITS
 70
0
  9
$AUPREC
 70
2
  9
$MENU
  1
.
  9
$ELEVATION
 40
0.0
  9
$PELEVATION
 40
0.0
  9
$THICKNESS
 40
0.0
  9
$LIMCHECK
 70
0
  9
$CHAMFERA
 40
0.0
  9
$CHAMFERB
 40
0.0
  9
$CHAMFERC
 40
0.0
  9
$CHAMFERD
 40
0.0
  9
$SKPOLY
 70
0
  9
$TDCREATE
 40
2461317.325127315
  9
$TDUCREATE
 40
2458532.153996898
  9
$TDUPDATE
 40
2461317.325127315
  9
$TDUUPDATE
 40
2458532.1544311
  9
$TDINDWG
 40
0.0
  9
$TDUSRTIMER
 40
0.0
  9
$USRTIMER
 70
1
  9
$ANGBASE
 50
0.0
  9
$ANGDIR
 70
0
  9
$PDMODE
 70
0
  9
$PDSIZE
 40
0.0
  9
$PLINEWID
 40
0.0
  9
$SPLFRAME
 70
0
  9
$SPLINETYPE
 70
6
  9
$SPLINESEGS
 70
8
  9
$HANDSEED
  5
C77
  9
$SURFTAB1
 70
6
  9
$SURFTAB2
 70
6
  9
$SURFTYPE
 70
6
  9
$SURFU
 70
6
  9
$SURFV
 70
6
  9
$UCSBASE
  2

  9
$UCSNAME
  2

  9
$UCSORG
 10
0.0
 20
0.0
 30
0.0
  9
$UCSXDIR
 10
1.0
 20
0.0
 30
0.0
  9
$UCSYDIR
 10
0.0
 20
1.0
 30
0.0
  9
$UCSORTHOREF
  2

  9
$UCSORTHOVIEW
 70
0
  9
$UCSORGTOP
 10
0.0
 20
0.0
 30
0.0
  9
$UCSORGBOTTOM
 10
0.0
 20
0.0
 30
0.0
  9
$UCSORGLEFT
 10
0.0
 20
0.0
 30
0.0
  9
$UCSORGRIGHT
 10
0.0
 20
0.0
 30
0.0
  9
$UCSORGFRONT
 10
0.0
 20
0.0
 30
0.0
  9
$UCSORGBACK
 10
0.0
 20
0.0
 30
0.0
  9
$PUCSBASE
  2

  9
$PUCSNAME
  2

  9
$PUCSORG
 10
0.0
 20
0.0
 30
0.0
  9
$PUCSXDIR
 10
1.0
 20
0.0
 30
0.0
  9
$PUCSYDIR
 10
0.0
 20
1.0
 30
0.0
  9
$PUCSORTHOREF
  2

  9
$PUCSORTHOVIEW
 70
0
  9
$PUCSORGTOP
 10
0.0
 20
0.0
 30
0.0
  9
$PUCSORGBOTTOM
 10
0.0
 20
0.0
 30
0.0
  9
$PUCSORGLEFT
 10
0.0
 20
0.0
 30
0.0
  9
$PUCSORGRIGHT
 10
0.0
 20
0.0
 30
0.0
  9
$PUCSORGFRONT
 10
0.0
 20
0.0
 30
0.0
  9
$PUCSORGBACK
 10
0.0
 20
0.0
 30
0.0
  9
$USERI1
 70
0
  9
$USERI2
 70
0
  9
$USERI3
 70
0
  9
$USERI4
 70
0
  9
$USERI5
 70
0
  9
$USERR1
 40
0.0
  9
$USERR2
 40
0.0
  9
$USERR3
 40
0.0
  9
$USERR4
 40
0.0
  9
$USERR5
 40
0.0
  9
$WORLDVIEW
 70
1
  9
$SHADEDGE
 70
3
  9
$SHADEDIF
 70
70
  9
$TILEMODE
 70
1
  9
$MAXACTVP
 70
64
  9
$PINSBASE
 10
0.0
 20
0.0
 30
0.0
  9
$PLIMCHECK
 70
0
  9
$PEXTMIN
 10
1e+20
 20
1e+20
 30
1e+20
  9
$PEXTMAX
 10
-1e+20
 20
-1e+20
 30
-1e+20
  9
$PLIMMIN
 10
0.0
 20
0.0
  9
$PLIMMAX
 10
420.0
 20
297.0
  9
$UNITMODE
 70
0
  9
$VISRETAIN
 70
1
  9
$PLINEGEN
 70
0
  9
$PSLTSCALE
 70
1
  9
$TREEDEPTH
 70
3020
  9
$CMLSTYLE
  2
Standard
  9
$CMLJUST
 70
0
  9
$CMLSCALE
 40
20.0
  9
$PROXYGRAPHICS
 70
1
  9
$MEASUREMENT
 70
1
  9
$CELWEIGHT
370
-1
  9
$ENDCAPS
280
0
  9
$JOINSTYLE
280
0
  9
$LWDISPLAY
290
0
  9
$INSUNITS
 70
6
  9
$HYPERLINKBASE
  1

  9
$STYLESHEET
  1

  9
$XEDIT
290
1
  9
$CEPSNTYPE
380
0
  9
$PSTYLEMODE
290
1
  9
$FINGERPRINTGUID
  2
{52DF8C21-D058-4B6F-BCDB-262E056FF72C}
  9
$VERSIONGUID
  2
{1D4E411E-514F-4576-B631-A93D62C5C721}
  9
$EXTNAMES
290
1
  9
$PSVPSCALE
 40
0.0
  9
$OLESTARTUP
290
0
  9
$SORTENTS
280
127
  9
$INDEXCTL
280
0
  9
$HIDETEXT
280
1
  9
$XCLIPFRAME
280
1
  9
$HALOGAP
280
0
  9
$OBSCOLOR
 70
257
  9
$OBSLTYPE
280
0
  9
$INTERSECTIONDISPLAY
280
0
  9
$INTERSECTIONCOLOR
 70
257
  9
$DIMASSOC
280
2
  9
$PROJECTNAME
  1

  9
$CAMERADISPLAY
290
0
  9
$LENSLENGTH
 40
50.0
  9
$CAMERAHEIGHT
 40
0.0
  9
$STEPSPERSEC
 40
24.0
  9
$STEPSIZE
 40
100.0
  9
$3DDWFPREC
 40
2.0
  9
$PSOLWIDTH
 40
0.005
  9
$PSOLHEIGHT
 40
0.08
  9
$LOFTANG1
 40
1.570796326795
  9
$LOFTANG2
 40
1.570796326795
  9
$LOFTMAG1
 40
0.0
  9
$LOFTMAG2
 40
0.0
  9
$LOFTPARAM
 70
7
  9
$LOFTNORMALS
280
1
  9
$LATITUDE
 40
37.795
  9
$LONGITUDE
 40
-122.394
  9
$NORTHDIRECTION
 40
0.0
  9
$TIMEZONE
 70
-8000
  9
$LIGHTGLYPHDISPLAY
280
1
  9
$TILEMODELIGHTSYNCH
280
1
  9
$CMATERIAL
347
20
  9
$SOLIDHIST
280
0
  9
$SHOWHIST
280
1
  9
$DWFFRAME
280
2
  9
$DGNFRAME
280
2
  9
$REALWORLDSCALE
290
1
  9
$INTERFERECOLOR
 62
256
  9
$CSHADOW
280
0
  9
$SHADOWPLANELOCATION
 40
0.0
  0
ENDSEC
  0
SECTION
  2
CLASSES
  0
CLASS
  1
ACDBDICTIONARYWDFLT
  2
AcDbDictionaryWithDefault
  3
ObjectDBX Classes
 90
0
 91
0
280
0
281
0
  0
CLASS
  1
SUN
  2
AcDbSun
  3
SCENEOE
 90
1153
 91
0
280
0
281
0
  0
CLASS
  1
VISUALSTYLE
  2
AcDbVisualStyle
  3
ObjectDBX Classes
 90
4095
 91
0
280
0
281
0
  0
CLASS
  1
MATERIAL
  2
AcDbMaterial
  3
ObjectDBX Classes
 90
1153
 91
0
280
0
281
0
  0
CLASS
  1
SCALE
  2
AcDbScale
  3
ObjectDBX Classes
 90
1153
 91
0
280
0
281
0
  0
CLASS
  1
TABLESTYLE
  2
AcDbTableStyle
  3
ObjectDBX Classes
 90
4095
 91
0
280
0
281
0
  0
CLASS
  1
MLEADERSTYLE
  2
AcDbMLeaderStyle
  3
ACDB_MLEADERSTYLE_CLASS
 90
4095
 91
0
280
0
281
0
  0
CLASS
  1
DICTIONARYVAR
  2
AcDbDictionaryVar
  3
ObjectDBX Classes
 90
0
 91
0
280
0
281
0
  0
CLASS
  1
CELLSTYLEMAP
  2
AcDbCellStyleMap
  3
ObjectDBX Classes
 90
1152
 91
0
280
0
281
0
  0
CLASS
  1
MENTALRAYRENDERSETTINGS
  2
AcDbMentalRayRenderSettings
  3
SCENEOE
 90
1024
 91
0
280
0
281
0
  0
CLASS
  1
ACDBDETAILVIEWSTYLE
  2
AcDbDetailViewStyle
  3
ObjectDBX Classes
 90
1025
 91
0
280
0
281
0
  0
CLASS
  1
ACDBSECTIONVIEWSTYLE
  2
AcDbSectionViewStyle
  3
ObjectDBX Classes
 90
1025
 91
0
280
0
281
0
  0
CLASS
  1
RASTERVARIABLES
  2
AcDbRasterVariables
  3
ISM
 90
0
 91
0
280
0
281
0
  0
CLASS
  1
ACDBPLACEHOLDER
  2
AcDbPlaceHolder
  3
ObjectDBX Classes
 90
0
 91
0
280
0
281
0
  0
CLASS
  1
LAYOUT
  2
AcDbLayout
  3
ObjectDBX Classes
 90
0
 91
0
280
0
281
0
  0
ENDSEC
  0
SECTION
  2
TABLES
  0
TABLE
  2
VPORT
  5
8
330
0
100
AcDbSymbolTable
 70
1
  0
VPORT
  5
23
330
8
100
AcDbSymbolTableRecord
100
AcDbViewportTableRecord
  2
*Active
 70
0
 10
0.0
 20
0.0
 11
1.0
 21
1.0
 12
0.0
 22
0.0
 13
0.0
 23
0.0
 14
0.5
 24
0.5
 15
0.5
 25
0.5
 16
0.0
 26
0.0
 36
1.0
 17
0.0
 27
0.0
 37
0.0
 40
1000.0
 41
1.34
 42
50.0
 43
0.0
 44
0.0
 50
0.0
 51
0.0
 71
0
 72
1000
 73
1
 74
3
 75
0
 76
0
 77
0
 78
0
281
0
 65
0
146
0.0
  0
ENDTAB
  0
TABLE
  2
LTYPE
  5
2
330
0
100
AcDbSymbolTable
 70
22
  0
LTYPE
  5
24
330
2
100
AcDbSymbolTableRecord
100
AcDbLinetypeTableRecord
  2
ByBlock
 70
0
  3

 72
65
 73
0
 40
0.0
  0
LTYPE
  5
25
330
2
100
AcDbSymbolTableRecord
100
AcDbLinetypeTableRecord
  2
ByLayer
 70
0
  3

 72
65
 73
0
 40
0.0
  0
LTYPE
  5
26
330
2
100
AcDbSymbolTableRecord
100
AcDbLinetypeTableRecord
  2
Continuous
 70
0
  3

 72
65
 73
0
 40
0.0
  0
LTYPE
  5
2F
330
2
100
AcDbSymbolTableRecord
100
AcDbLinetypeTableRecord
  2
CENTER
 70
0
  3
Center ____ _ ____ _ ____ _ ____ _ ____ _ ____
 72
65
 73
4
 40
5.08
 49
3.175
 74
0
 49
-0.635
 74
0
 49
0.635
 74
0
 49
-0.635
 74
0
  0
LTYPE
  5
30
330
2
100
AcDbSymbolTableRecord
100
AcDbLinetypeTableRecord
  2
CENTERX2
 70
0
  3
Center (2x) ________  __  ________  __  ________
 72
65
 73
4
 40
8.89
 49
6.35
 74
0
 49
-0.635
 74
0
 49
1.27
 74
0
 49
-0.635
 74
0
  0
LTYPE
  5
8B
330
2
100
AcDbSymbolTableRecord
100
AcDbLinetypeTableRecord
  2
CENTER2
 70
0
  3

 72
65
 73
4
 40
1.4
 49
1.0
 74
0
 49
-0.2
 74
0
 49
0.0
 74
0
 49
-0.2
 74
0
  0
LTYPE
  5
32
330
2
100
AcDbSymbolTableRecord
100
AcDbLinetypeTableRecord
  2
DASHED
 70
0
  3
Dashed __ __ __ __ __ __ __ __ __ __ __ __ __ _
 72
65
 73
2
 40
1.524
 49
1.27
 74
0
 49
-0.254
 74
0
  0
LTYPE
  5
33
330
2
100
AcDbSymbolTableRecord
100
AcDbLinetypeTableRecord
  2
DASHEDX2
 70
0
  3
Dashed (2x) ____  ____  ____  ____  ____  ____
 72
65
 73
2
 40
3.048
 49
2.54
 74
0
 49
-0.508
 74
0
  0
LTYPE
  5
34
330
2
100
AcDbSymbolTableRecord
100
AcDbLinetypeTableRecord
  2
DASHED2
 70
0
  3
Dashed (.5x) _ _ _ _ _ _ _ _ _ _ _ _ _ _
 72
65
 73
2
 40
0.762
 49
0.635
 74
0
 49
-0.127
 74
0
  0
LTYPE
  5
35
330
2
100
AcDbSymbolTableRecord
100
AcDbLinetypeTableRecord
  2
PHANTOM
 70
0
  3
Phantom ______  __  __  ______  __  __  ______
 72
65
 73
6
 40
6.35
 49
3.175
 74
0
 49
-0.635
 74
0
 49
0.635
 74
0
 49
-0.635
 74
0
 49
0.635
 74
0
 49
-0.635
 74
0
  0
LTYPE
  5
36
330
2
100
AcDbSymbolTableRecord
100
AcDbLinetypeTableRecord
  2
PHANTOMX2
 70
0
  3
Phantom (2x)____________    ____    ____    ____________
 72
65
 73
6
 40
10.795
 49
6.35
 74
0
 49
-0.635
 74
0
 49
1.27
 74
0
 49
-0.635
 74
0
 49
1.27
 74
0
 49
-0.635
 74
0
  0
LTYPE
  5
37
330
2
100
AcDbSymbolTableRecord
100
AcDbLinetypeTableRecord
  2
PHANTOM2
 70
0
  3
Phantom (.5x) ___ _ _ ___ _ _ ___ _ _ ___ _ _ ___
 72
65
 73
6
 40
3.175
 49
1.587
 74
0
 49
-0.318
 74
0
 49
0.318
 74
0
 49
-0.318
 74
0
 49
0.318
 74
0
 49
-0.318
 74
0
  0
LTYPE
  5
38
330
2
100
AcDbSymbolTableRecord
100
AcDbLinetypeTableRecord
  2
DASHDOT
 70
0
  3
Dash dot __ . __ . __ . __ . __ . __ . __ . __
 72
65
 73
4
 40
3.556
 49
2.54
 74
0
 49
-0.508
 74
0
 49
0.0
 74
0
 49
-0.508
 74
0
  0
LTYPE
  5
39
330
2
100
AcDbSymbolTableRecord
100
AcDbLinetypeTableRecord
  2
DASHDOTX2
 70
0
  3
Dash dot (2x) ____  .  ____  .  ____  .  ____
 72
65
 73
4
 40
6.096
 49
5.08
 74
0
 49
-0.508
 74
0
 49
0.0
 74
0
 49
-0.508
 74
0
  0
LTYPE
  5
3A
330
2
100
AcDbSymbolTableRecord
100
AcDbLinetypeTableRecord
  2
DASHDOT2
 70
0
  3
Dash dot (.5x) _ . _ . _ . _ . _ . _ . _ . _
 72
65
 73
4
 40
1.778
 49
1.27
 74
0
 49
-0.254
 74
0
 49
0.0
 74
0
 49
-0.254
 74
0
  0
LTYPE
  5
3B
330
2
100
AcDbSymbolTableRecord
100
AcDbLinetypeTableRecord
  2
DOT
 70
0
  3
Dot .  .  .  .  .  .  .  .  .  .  .  .  .  .  .  .
 72
65
 73
2
 40
0.508
 49
0.0
 74
0
 49
-0.508
 74
0
  0
LTYPE
  5
3C
330
2
100
AcDbSymbolTableRecord
100
AcDbLinetypeTableRecord
  2
DOTX2
 70
0
  3
Dot (2x) .    .    .    .    .    .    .    . 
 72
65
 73
2
 40
1.016
 49
0.0
 74
0
 49
-1.016
 74
0
  0
LTYPE
  5
3D
330
2
100
AcDbSymbolTableRecord
100
AcDbLinetypeTableRecord
  2
DOT2
 70
0
  3
Dot (.5) . . . . . . . . . . . . . . . . . . . 
 72
65
 73
2
 40
0.254
 49
0.0
 74
0
 49
-0.254
 74
0
  0
LTYPE
  5
3E
330
2
100
AcDbSymbolTableRecord
100
AcDbLinetypeTableRecord
  2
DIVIDE
 70
0
  3
Divide __ . . __ . . __ . . __ . . __ . . __
 72
65
 73
6
 40
4.064
 49
2.54
 74
0
 49
-0.508
 74
0
 49
0.0
 74
0
 49
-0.508
 74
0
 49
0.0
 74
0
 49
-0.508
 74
0
  0
LTYPE
  5
3F
330
2
100
AcDbSymbolTableRecord
100
AcDbLinetypeTableRecord
  2
DIVIDEX2
 70
0
  3
Divide (2x) ____  . .  ____  . .  ____  . .  ____
 72
65
 73
6
 40
6.604
 49
5.08
 74
0
 49
-0.508
 74
0
 49
0.0
 74
0
 49
-0.508
 74
0
 49
0.0
 74
0
 49
-0.508
 74
0
  0
LTYPE
  5
40
330
2
100
AcDbSymbolTableRecord
100
AcDbLinetypeTableRecord
  2
DIVIDE2
 70
0
  3
Divide(.5x) _ . _ . _ . _ . _ . _ . _ . _
 72
65
 73
6
 40
2.032
 49
1.27
 74
0
 49
-0.254
 74
0
 49
0.0
 74
0
 49
-0.254
 74
0
 49
0.0
 74
0
 49
-0.254
 74
0
  0
LTYPE
  5
8A
330
2
100
AcDbSymbolTableRecord
100
AcDbLinetypeTableRecord
  2
DASH2
 70
0
  3

 72
65
 73
2
 40
0.6
 49
0.4
 74
0
 49
-0.2
 74
0
  0
ENDTAB
  0
TABLE
  2
LAYER
  5
1
330
0
100
AcDbSymbolTable
 70
18
  0
LAYER
  5
27
330
1
100
AcDbSymbolTableRecord
100
AcDbLayerTableRecord
  2
0
 70
0
 62
7
  6
Continuous
370
-3
390
13
347
21
  0
LAYER
  5
28
330
1
100
AcDbSymbolTableRecord
100
AcDbLayerTableRecord
  2
Defpoints
 70
0
 62
7
  6
Continuous
290
0
370
-3
390
13
347
21
  0
LAYER
  5
8C
330
1
100
AcDbSymbolTableRecord
100
AcDbLayerTableRecord
  2
A-WALL
 70
0
 62
7
  6
Continuous
370
50
390
13
347
21
  0
LAYER
  5
8D
330
1
100
AcDbSymbolTableRecord
100
AcDbLayerTableRecord
  2
A-WALL-PATT
 70
0
 62
8
  6
Continuous
370
0
390
13
347
21
  0
LAYER
  5
8E
330
1
100
AcDbSymbolTableRecord
100
AcDbLayerTableRecord
  2
A-DOOR
 70
0
 62
3
  6
Continuous
370
18
390
13
347
21
  0
LAYER
  5
8F
330
1
100
AcDbSymbolTableRecord
100
AcDbLayerTableRecord
  2
A-GLAZ
 70
0
 62
4
  6
Continuous
370
18
390
13
347
21
  0
LAYER
  5
90
330
1
100
AcDbSymbolTableRecord
100
AcDbLayerTableRecord
  2
A-FLOR-STRS
 70
0
 62
6
  6
Continuous
370
18
390
13
347
21
  0
LAYER
  5
91
330
1
100
AcDbSymbolTableRecord
100
AcDbLayerTableRecord
  2
A-ANNO-TEXT
 70
0
 62
7
420
0
  6
Continuous
370
25
390
13
347
21
  0
LAYER
  5
92
330
1
100
AcDbSymbolTableRecord
100
AcDbLayerTableRecord
  2
A-ANNO-DIMS
 70
0
 62
1
  6
Continuous
370
18
390
13
347
21
  0
LAYER
  5
93
330
1
100
AcDbSymbolTableRecord
100
AcDbLayerTableRecord
  2
A-AREA
 70
0
 62
7
420
0
  6
Continuous
370
9
390
13
347
21
  0
LAYER
  5
94
330
1
100
AcDbSymbolTableRecord
100
AcDbLayerTableRecord
  2
A-ANNO-TTLB
 70
0
 62
7
420
0
  6
Continuous
370
35
390
13
347
21
  0
LAYER
  5
95
330
1
100
AcDbSymbolTableRecord
100
AcDbLayerTableRecord
  2
A-REF
 70
0
 62
8
  6
DASH2
370
13
390
13
347
21
  0
LAYER
  5
96
330
1
100
AcDbSymbolTableRecord
100
AcDbLayerTableRecord
  2
A-SECT-CUT
 70
0
 62
7
  6
Continuous
370
50
390
13
347
21
  0
LAYER
  5
97
330
1
100
AcDbSymbolTableRecord
100
AcDbLayerTableRecord
  2
A-SECT-BEYOND
 70
0
 62
8
  6
Continuous
370
13
390
13
347
21
  0
LAYER
  5
98
330
1
100
AcDbSymbolTableRecord
100
AcDbLayerTableRecord
  2
A-ELEV
 70
0
 62
7
  6
Continuous
370
25
390
13
347
21
  0
LAYER
  5
99
330
1
100
AcDbSymbolTableRecord
100
AcDbLayerTableRecord
  2
A-ELEV-GRND
 70
0
 62
7
  6
Continuous
370
70
390
13
347
21
  0
LAYER
  5
9A
330
1
100
AcDbSymbolTableRecord
100
AcDbLayerTableRecord
  2
A-ANNO-LEVL
 70
0
 62
5
420
0
  6
Continuous
370
18
390
13
347
21
  0
LAYER
  5
9B
330
1
100
AcDbSymbolTableRecord
100
AcDbLayerTableRecord
  2
A-ANNO-SYMB
 70
0
 62
1
  6
Continuous
370
25
390
13
347
21
  0
ENDTAB
  0
TABLE
  2
STYLE
  5
5
330
0
100
AcDbSymbolTable
 70
26
  0
STYLE
  5
29
330
5
100
AcDbSymbolTableRecord
100
AcDbTextStyleTableRecord
  2
Standard
 70
0
 40
0.0
 41
1.0
 50
0.0
 71
0
 42
2.5
  3
txt
  4

  0
STYLE
  5
41
330
5
100
AcDbSymbolTableRecord
100
AcDbTextStyleTableRecord
  2
OpenSans-Light
 70
0
 40
0.0
 41
1.0
 50
0.0
 71
0
 42
2.5
  3
OpenSans-Light.ttf
  4

  0
STYLE
  5
42
330
5
100
AcDbSymbolTableRecord
100
AcDbTextStyleTableRecord
  2
OpenSans-Light-Italic
 70
0
 40
0.0
 41
1.0
 50
0.0
 71
0
 42
2.5
  3
OpenSans-LightItalic.ttf
  4

  0
STYLE
  5
43
330
5
100
AcDbSymbolTableRecord
100
AcDbTextStyleTableRecord
  2
OpenSans
 70
0
 40
0.0
 41
1.0
 50
0.0
 71
0
 42
2.5
  3
OpenSans-Regular.ttf
  4

  0
STYLE
  5
44
330
5
100
AcDbSymbolTableRecord
100
AcDbTextStyleTableRecord
  2
OpenSans-Italic
 70
0
 40
0.0
 41
1.0
 50
0.0
 71
0
 42
2.5
  3
OpenSans-Italic.ttf
  4

  0
STYLE
  5
45
330
5
100
AcDbSymbolTableRecord
100
AcDbTextStyleTableRecord
  2
OpenSans-SemiBold
 70
0
 40
0.0
 41
1.0
 50
0.0
 71
0
 42
2.5
  3
OpenSans-SemiBold.ttf
  4

  0
STYLE
  5
46
330
5
100
AcDbSymbolTableRecord
100
AcDbTextStyleTableRecord
  2
OpenSans-SemiBoldItalic
 70
0
 40
0.0
 41
1.0
 50
0.0
 71
0
 42
2.5
  3
OpenSans-SemiBoldItalic.ttf
  4

  0
STYLE
  5
47
330
5
100
AcDbSymbolTableRecord
100
AcDbTextStyleTableRecord
  2
OpenSans-Bold
 70
0
 40
0.0
 41
1.0
 50
0.0
 71
0
 42
2.5
  3
OpenSans-Bold.ttf
  4

  0
STYLE
  5
48
330
5
100
AcDbSymbolTableRecord
100
AcDbTextStyleTableRecord
  2
OpenSans-BoldItalic
 70
0
 40
0.0
 41
1.0
 50
0.0
 71
0
 42
2.5
  3
OpenSans-BoldItalic.ttf
  4

  0
STYLE
  5
49
330
5
100
AcDbSymbolTableRecord
100
AcDbTextStyleTableRecord
  2
OpenSans-ExtraBold
 70
0
 40
0.0
 41
1.0
 50
0.0
 71
0
 42
2.5
  3
OpenSans-ExtraBold.ttf
  4

  0
STYLE
  5
4A
330
5
100
AcDbSymbolTableRecord
100
AcDbTextStyleTableRecord
  2
OpenSans-ExtraBoldItalic
 70
0
 40
0.0
 41
1.0
 50
0.0
 71
0
 42
2.5
  3
OpenSans-ExtraBoldItalic.ttf
  4

  0
STYLE
  5
4B
330
5
100
AcDbSymbolTableRecord
100
AcDbTextStyleTableRecord
  2
OpenSansCondensed-Bold
 70
0
 40
0.0
 41
1.0
 50
0.0
 71
0
 42
2.5
  3
OpenSansCondensed-Bold.ttf
  4

  0
STYLE
  5
4C
330
5
100
AcDbSymbolTableRecord
100
AcDbTextStyleTableRecord
  2
OpenSansCondensed-Light
 70
0
 40
0.0
 41
1.0
 50
0.0
 71
0
 42
2.5
  3
OpenSansCondensed-Light.ttf
  4

  0
STYLE
  5
4D
330
5
100
AcDbSymbolTableRecord
100
AcDbTextStyleTableRecord
  2
OpenSansCondensed-Italic
 70
0
 40
0.0
 41
1.0
 50
0.0
 71
0
 42
2.5
  3
OpenSansCondensed-LightItalic.ttf
  4

  0
STYLE
  5
4E
330
5
100
AcDbSymbolTableRecord
100
AcDbTextStyleTableRecord
  2
LiberationSans
 70
0
 40
0.0
 41
1.0
 50
0.0
 71
0
 42
2.5
  3
LiberationSans-Regular.ttf
  4

  0
STYLE
  5
4F
330
5
100
AcDbSymbolTableRecord
100
AcDbTextStyleTableRecord
  2
LiberationSans-Bold
 70
0
 40
0.0
 41
1.0
 50
0.0
 71
0
 42
2.5
  3
LiberationSans-Bold.ttf
  4

  0
STYLE
  5
50
330
5
100
AcDbSymbolTableRecord
100
AcDbTextStyleTableRecord
  2
LiberationSans-BoldItalic
 70
0
 40
0.0
 41
1.0
 50
0.0
 71
0
 42
2.5
  3
LiberationSans-BoldItalic.ttf
  4

  0
STYLE
  5
51
330
5
100
AcDbSymbolTableRecord
100
AcDbTextStyleTableRecord
  2
LiberationSans-Italic
 70
0
 40
0.0
 41
1.0
 50
0.0
 71
0
 42
2.5
  3
LiberationSans-Italic.ttf
  4

  0
STYLE
  5
52
330
5
100
AcDbSymbolTableRecord
100
AcDbTextStyleTableRecord
  2
LiberationSerif
 70
0
 40
0.0
 41
1.0
 50
0.0
 71
0
 42
2.5
  3
LiberationSerif-Regular.ttf
  4

  0
STYLE
  5
53
330
5
100
AcDbSymbolTableRecord
100
AcDbTextStyleTableRecord
  2
LiberationSerif-Bold
 70
0
 40
0.0
 41
1.0
 50
0.0
 71
0
 42
2.5
  3
LiberationSerif-Bold.ttf
  4

  0
STYLE
  5
54
330
5
100
AcDbSymbolTableRecord
100
AcDbTextStyleTableRecord
  2
LiberationSerif-BoldItalic
 70
0
 40
0.0
 41
1.0
 50
0.0
 71
0
 42
2.5
  3
LiberationSerif-BoldItalic.ttf
  4

  0
STYLE
  5
55
330
5
100
AcDbSymbolTableRecord
100
AcDbTextStyleTableRecord
  2
LiberationSerif-Italic
 70
0
 40
0.0
 41
1.0
 50
0.0
 71
0
 42
2.5
  3
LiberationSerif-Italic.ttf
  4

  0
STYLE
  5
56
330
5
100
AcDbSymbolTableRecord
100
AcDbTextStyleTableRecord
  2
LiberationMono
 70
0
 40
0.0
 41
1.0
 50
0.0
 71
0
 42
2.5
  3
LiberationMono-Regular.ttf
  4

  0
STYLE
  5
57
330
5
100
AcDbSymbolTableRecord
100
AcDbTextStyleTableRecord
  2
LiberationMono-Bold
 70
0
 40
0.0
 41
1.0
 50
0.0
 71
0
 42
2.5
  3
LiberationMono-Bold.ttf
  4

  0
STYLE
  5
58
330
5
100
AcDbSymbolTableRecord
100
AcDbTextStyleTableRecord
  2
LiberationMono-BoldItalic
 70
0
 40
0.0
 41
1.0
 50
0.0
 71
0
 42
2.5
  3
LiberationMono-BoldItalic.ttf
  4

  0
STYLE
  5
59
330
5
100
AcDbSymbolTableRecord
100
AcDbTextStyleTableRecord
  2
LiberationMono-Italic
 70
0
 40
0.0
 41
1.0
 50
0.0
 71
0
 42
2.5
  3
LiberationMono-Italic.ttf
  4

  0
ENDTAB
  0
TABLE
  2
VIEW
  5
7
330
0
100
AcDbSymbolTable
 70
0
  0
ENDTAB
  0
TABLE
  2
UCS
  5
6
330
0
100
AcDbSymbolTable
 70
0
  0
ENDTAB
  0
TABLE
  2
APPID
  5
3
330
0
100
AcDbSymbolTable
 70
3
  0
APPID
  5
2A
330
3
100
AcDbSymbolTableRecord
100
AcDbRegAppTableRecord
  2
ACAD
 70
0
  0
APPID
  5
C74
330
3
100
AcDbSymbolTableRecord
100
AcDbRegAppTableRecord
  2
HATCHBACKGROUNDCOLOR
 70
0
  0
APPID
  5
C75
330
3
100
AcDbSymbolTableRecord
100
AcDbRegAppTableRecord
  2
EZDXF
 70
0
  0
ENDTAB
  0
TABLE
  2
DIMSTYLE
  5
4
330
0
100
AcDbSymbolTable
 70
12
100
AcDbDimStyleTable
  0
DIMSTYLE
105
2B
330
4
100
AcDbSymbolTableRecord
100
AcDbDimStyleTableRecord
  2
Standard
 70
0
 40
1.0
 41
2.5
 42
0.625
 43
3.75
 44
1.25
 45
0.0
 46
0.0
 47
0.0
 48
0.0
 49
2.5
140
2.5
141
2.5
142
0.0
143
0.03937007874
144
1.0
145
0.0
146
1.0
147
0.625
148
0.0
 69
0
 70
0
 71
0
 72
0
 73
0
 74
0
 75
0
 76
0
 77
1
 78
8
 79
3
170
0
171
3
172
1
173
0
174
0
175
0
176
0
177
0
178
0
179
2
271
2
272
2
273
2
274
3
275
0
276
0
277
2
278
44
279
0
280
0
281
0
282
0
283
0
284
8
285
0
286
0
288
0
289
3
290
0
371
-2
372
-2
  0
DIMSTYLE
105
73
330
4
100
AcDbSymbolTableRecord
100
AcDbDimStyleTableRecord
  2
EZDXF
 70
0
 40
1.0
 41
0.175
 42
0.125
 43
3.75
 44
0.375
 45
0.0
 46
0.0
 47
0.0
 48
0.0
 49
2.5
140
0.25
141
2.5
142
0.0
143
0.03937007874
144
100.0
145
0.0
146
0.5
147
0.1
148
0.0
 69
0
 70
0
 71
0
 72
0
 73
0
 74
0
 75
0
 76
0
 77
1
 78
12
 79
3
170
0
171
3
172
1
173
0
174
0
175
0
176
0
177
0
178
0
179
2
271
2
272
2
273
2
274
3
275
0
276
0
277
2
278
46
279
2
280
0
281
0
282
0
283
0
284
8
285
0
286
0
288
1
289
3
290
0
340
4C
342
74
371
-2
372
-2
  0
DIMSTYLE
105
7C
330
4
100
AcDbSymbolTableRecord
100
AcDbDimStyleTableRecord
  2
EZ_M_100_H25_CM
 70
0
 40
1.0
 41
0.25
 42
0.125
 43
3.75
 44
0.375
 45
0.0
 46
0.0
 47
0.0
 48
0.0
 49
2.5
140
0.25
141
2.5
142
0.125
143
0.03937007874
144
100.0
145
0.0
146
0.5
147
0.1
148
0.0
 69
0
 70
0
 71
0
 72
0
 73
0
 74
0
 75
0
 76
0
 77
1
 78
12
 79
3
170
0
171
3
172
1
173
0
174
0
175
0
176
0
177
0
178
0
179
2
271
2
272
2
273
2
274
3
275
0
276
0
277
2
278
46
279
2
280
0
281
0
282
0
283
0
284
8
285
0
286
0
288
1
289
3
290
0
340
4C
371
-2
372
-2
  0
DIMSTYLE
105
7D
330
4
100
AcDbSymbolTableRecord
100
AcDbDimStyleTableRecord
  2
EZ_M_50_H25_CM
 70
0
 40
1.0
 41
0.125
 42
0.0625
 43
3.75
 44
0.1875
 45
0.0
 46
0.0
 47
0.0
 48
0.0
 49
2.5
140
0.125
141
2.5
142
0.0625
143
0.03937007874
144
100.0
145
0.0
146
0.5
147
0.05
148
0.0
 69
0
 70
0
 71
0
 72
0
 73
0
 74
0
 75
0
 76
0
 77
1
 78
12
 79
3
170
0
171
3
172
1
173
0
174
0
175
0
176
0
177
0
178
0
179
2
271
2
272
2
273
2
274
3
275
0
276
0
277
2
278
46
279
2
280
0
281
0
282
0
283
0
284
8
285
0
286
0
288
1
289
3
290
0
340
4C
371
-2
372
-2
  0
DIMSTYLE
105
7E
330
4
100
AcDbSymbolTableRecord
100
AcDbDimStyleTableRecord
  2
EZ_M_25_H25_CM
 70
0
 40
1.0
 41
0.0625
 42
0.03125
 43
3.75
 44
0.09375
 45
0.0
 46
0.0
 47
0.0
 48
0.0
 49
2.5
140
0.0625
141
2.5
142
0.03125
143
0.03937007874
144
100.0
145
0.0
146
0.5
147
0.025
148
0.0
 69
0
 70
0
 71
0
 72
0
 73
0
 74
0
 75
0
 76
0
 77
1
 78
12
 79
3
170
0
171
3
172
1
173
0
174
0
175
0
176
0
177
0
178
0
179
2
271
2
272
2
273
2
274
3
275
0
276
0
277
2
278
46
279
2
280
0
281
0
282
0
283
0
284
8
285
0
286
0
288
1
289
3
290
0
340
4C
371
-2
372
-2
  0
DIMSTYLE
105
7F
330
4
100
AcDbSymbolTableRecord
100
AcDbDimStyleTableRecord
  2
EZ_M_20_H25_CM
 70
0
 40
1.0
 41
0.05
 42
0.025
 43
3.75
 44
0.07500000000000001
 45
0.0
 46
0.0
 47
0.0
 48
0.0
 49
2.5
140
0.05
141
2.5
142
0.025
143
0.03937007874
144
100.0
145
0.0
146
0.5
147
0.020000000000000004
148
0.0
 69
0
 70
0
 71
0
 72
0
 73
0
 74
0
 75
0
 76
0
 77
1
 78
12
 79
3
170
0
171
3
172
1
173
0
174
0
175
0
176
0
177
0
178
0
179
2
271
2
272
2
273
2
274
3
275
0
276
0
277
2
278
46
279
2
280
0
281
0
282
0
283
0
284
8
285
0
286
0
288
1
289
3
290
0
340
4C
371
-2
372
-2
  0
DIMSTYLE
105
80
330
4
100
AcDbSymbolTableRecord
100
AcDbDimStyleTableRecord
  2
EZ_M_10_H25_CM
 70
0
 40
1.0
 41
0.025
 42
0.0125
 43
3.75
 44
0.037500000000000006
 45
0.0
 46
0.0
 47
0.0
 48
0.0
 49
2.5
140
0.025
141
2.5
142
0.0125
143
0.03937007874
144
100.0
145
0.0
146
0.5
147
0.010000000000000002
148
0.0
 69
0
 70
0
 71
0
 72
0
 73
0
 74
0
 75
0
 76
0
 77
1
 78
12
 79
3
170
0
171
3
172
1
173
0
174
0
175
0
176
0
177
0
178
0
179
2
271
2
272
2
273
2
274
3
275
0
276
0
277
2
278
46
279
2
280
0
281
0
282
0
283
0
284
8
285
0
286
0
288
1
289
3
290
0
340
4C
371
-2
372
-2
  0
DIMSTYLE
105
81
330
4
100
AcDbSymbolTableRecord
100
AcDbDimStyleTableRecord
  2
EZ_M_5_H25_CM
 70
0
 40
1.0
 41
0.0125
 42
0.00625
 43
3.75
 44
0.018750000000000003
 45
0.0
 46
0.0
 47
0.0
 48
0.0
 49
2.5
140
0.0125
141
2.5
142
0.00625
143
0.03937007874
144
100.0
145
0.0
146
0.5
147
0.005000000000000001
148
0.0
 69
0
 70
0
 71
0
 72
0
 73
0
 74
0
 75
0
 76
0
 77
1
 78
12
 79
3
170
0
171
3
172
1
173
0
174
0
175
0
176
0
177
0
178
0
179
2
271
2
272
2
273
2
274
3
275
0
276
0
277
2
278
46
279
2
280
0
281
0
282
0
283
0
284
8
285
0
286
0
288
1
289
3
290
0
340
4C
371
-2
372
-2
  0
DIMSTYLE
105
82
330
4
100
AcDbSymbolTableRecord
100
AcDbDimStyleTableRecord
  2
EZ_M_1_H25_CM
 70
0
 40
1.0
 41
0.0025
 42
0.00125
 43
3.75
 44
0.00375
 45
0.0
 46
0.0
 47
0.0
 48
0.0
 49
2.5
140
0.0025
141
2.5
142
0.00125
143
0.03937007874
144
100.0
145
0.0
146
0.5
147
0.001
148
0.0
 69
0
 70
0
 71
0
 72
0
 73
0
 74
0
 75
0
 76
0
 77
1
 78
12
 79
3
170
0
171
3
172
1
173
0
174
0
175
0
176
0
177
0
178
0
179
2
271
2
272
2
273
2
274
3
275
0
276
0
277
2
278
46
279
2
280
0
281
0
282
0
283
0
284
8
285
0
286
0
288
1
289
3
290
0
340
4C
371
-2
372
-2
  0
DIMSTYLE
105
83
330
4
100
AcDbSymbolTableRecord
100
AcDbDimStyleTableRecord
  2
EZ_RADIUS
 70
0
 40
1.0
 41
0.25
 42
0.125
 43
3.75
 44
0.375
 45
0.0
 46
0.0
 47
0.0
 48
0.0
 49
2.5
140
0.25
141
0.0
142
0.0
143
0.03937007874
144
100.0
145
0.0
146
0.5
147
0.1
148
0.0
 69
0
 70
0
 71
0
 72
0
 73
0
 74
0
 75
0
 76
0
 77
1
 78
12
 79
3
170
0
171
3
172
0
173
0
174
0
175
0
176
0
177
0
178
0
179
2
271
2
272
2
273
2
274
3
275
0
276
0
277
2
278
46
279
1
280
0
281
0
282
0
283
0
284
8
285
0
286
0
288
1
289
3
290
0
340
4C
342
84
371
-2
372
-2
  0
DIMSTYLE
105
88
330
4
100
AcDbSymbolTableRecord
100
AcDbDimStyleTableRecord
  2
EZ_RADIUS_INSIDE
 70
0
 40
1.0
 41
0.25
 42
0.125
 43
3.75
 44
0.375
 45
0.0
 46
0.0
 47
0.0
 48
0.0
 49
2.5
140
0.25
141
0.0
142
0.0
143
0.03937007874
144
100.0
145
0.0
146
0.5
147
0.1
148
0.0
 69
0
 70
0
 71
0
 72
0
 73
0
 74
0
 75
0
 76
0
 77
0
 78
12
 79
3
170
0
171
3
172
0
173
0
174
1
175
0
176
0
177
0
178
0
179
2
271
2
272
2
273
2
274
3
275
0
276
0
277
2
278
46
279
0
280
0
281
0
282
0
283
0
284
8
285
0
286
0
288
1
289
0
290
0
340
4C
342
84
371
-2
372
-2
  0
DIMSTYLE
105
89
330
4
100
AcDbSymbolTableRecord
100
AcDbDimStyleTableRecord
  2
EZ_CURVED
 70
0
 40
1.0
 41
0.25
 42
0.125
 43
3.75
 44
0.375
 45
0.0
 46
0.0
 47
0.0
 48
0.0
 49
2.5
140
0.25
141
2.5
142
0.0
143
0.03937007874
144
100.0
145
0.0
146
0.5
147
0.1
148
0.0
 69
0
 70
0
 71
0
 72
0
 73
0
 74
0
 75
0
 76
0
 77
1
 78
12
 79
2
 90
2
170
0
171
3
172
1
173
0
174
0
175
0
176
0
177
0
178
0
179
2
271
2
272
2
273
2
274
3
275
0
276
0
277
2
278
46
279
2
280
0
281
0
282
0
283
0
284
8
285
0
286
0
288
1
289
3
290
0
340
4C
371
-2
372
-2
  0
ENDTAB
  0
TABLE
  2
BLOCK_RECORD
  5
9
330
0
100
AcDbSymbolTable
 70
115
  0
BLOCK_RECORD
  5
17
330
9
100
AcDbSymbolTableRecord
100
AcDbBlockTableRecord
  2
*Model_Space
340
1A
 70
0
280
1
281
0
  0
BLOCK_RECORD
  5
1B
330
9
100
AcDbSymbolTableRecord
100
AcDbBlockTableRecord
  2
*Paper_Space
340
1E
 70
0
280
1
281
0
  0
BLOCK_RECORD
  5
74
330
9
100
AcDbSymbolTableRecord
100
AcDbBlockTableRecord
  2
_ARCHTICK
340
0
 70
0
280
1
281
0
  0
BLOCK_RECORD
  5
78
330
9
100
AcDbSymbolTableRecord
100
AcDbBlockTableRecord
  2
_CLOSEDFILLED
340
0
 70
0
280
1
281
0
  0
BLOCK_RECORD
  5
84
330
9
100
AcDbSymbolTableRecord
100
AcDbBlockTableRecord
  2
_CLOSEDBLANK
340
0
 70
0
280
1
281
0
  0
BLOCK_RECORD
  5
19F
330
9
100
AcDbSymbolTableRecord
100
AcDbBlockTableRecord
  2
*D1
340
0
 70
0
280
1
281
0
  0
BLOCK_RECORD
  5
1AE
330
9
100
AcDbSymbolTableRecord
100
AcDbBlockTableRecord
  2
*D2
340
0
 70
0
280
1
281
0
  0
BLOCK_RECORD
  5
1BD
330
9
100
AcDbSymbolTableRecord
100
AcDbBlockTableRecord
  2
*D3
340
0
 70
0
280
1
281
0
  0
BLOCK_RECORD
  5
1CC
330
9
100
AcDbSymbolTableRecord
100
AcDbBlockTableRecord
  2
*D4
340
0
 70
0
280
1
281
0
  0
BLOCK_RECORD
  5
1DB
330
9
100
AcDbSymbolTableRecord
100
AcDbBlockTableRecord
  2
*D5
340
0
 70
0
280
1
281
0
  0
BLOCK_RECORD
  5
1EA
330
9
100
AcDbSymbolTableRecord
100
AcDbBlockTableRecord
  2
*D6
340
0
 70
0
280
1
281
0
  0
BLOCK_RECORD
  5
1F9
330
9
100
AcDbSymbolTableRecord
100
AcDbBlockTableRecord
  2
*D7
340
0
 70
0
280
1
281
0
  0
BLOCK_RECORD
  5
208
330
9
100
AcDbSymbolTableRecord
100
AcDbBlockTableRecord
  2
*D8
340
0
 70
0
280
1
281
0
  0
BLOCK_RECORD
  5
217
330
9
100
AcDbSymbolTableRecord
100
AcDbBlockTableRecord
  2
*D9
340
0
 70
0
280
1
281
0
  0
BLOCK_RECORD
  5
226
330
9
100
AcDbSymbolTableRecord
100
AcDbBlockTableRecord
  2
*D10
340
0
 70
0
280
1
281
0
  0
BLOCK_RECORD
  5
235
330
9
100
AcDbSymbolTableRecord
100
AcDbBlockTableRecord
  2
*D11
340
0
 70
0
280
1
281
0
  0
BLOCK_RECORD
  5
244
330
9
100
AcDbSymbolTableRecord
100
AcDbBlockTableRecord
  2
*D12
340
0
 70
0
280
1
281
0
  0
BLOCK_RECORD
  5
253
330
9
100
AcDbSymbolTableRecord
100
AcDbBlockTableRecord
  2
*D13
340
0
 70
0
280
1
281
0
  0
BLOCK_RECORD
  5
262
330
9
100
AcDbSymbolTableRecord
100
AcDbBlockTableRecord
  2
*D14
340
0
 70
0
280
1
281
0
  0
BLOCK_RECORD
  5
271
330
9
100
AcDbSymbolTableRecord
100
AcDbBlockTableRecord
  2
*D15
340
0
 70
0
280
1
281
0
  0
BLOCK_RECORD
  5
280
330
9
100
AcDbSymbolTableRecord
100
AcDbBlockTableRecord
  2
*D16
340
0
 70
0
280
1
281
0
  0
BLOCK_RECORD
  5
28F
330
9
100
AcDbSymbolTableRecord
100
AcDbBlockTableRecord
  2
*D17
340
0
 70
0
280
1
281
0
  0
BLOCK_RECORD
  5
29E
330
9
100
AcDbSymbolTableRecord
100
AcDbBlockTableRecord
  2
*D18
340
0
 70
0
280
1
281
0
  0
BLOCK_RECORD
  5
2AD
330
9
100
AcDbSymbolTableRecord
100
AcDbBlockTableRecord
  2
*D19
340
0
 70
0
280
1
281
0
  0
BLOCK_RECORD
  5
2BC
330
9
100
AcDbSymbolTableRecord
100
AcDbBlockTableRecord
  2
*D20
340
0
 70
0
280
1
281
0
  0
BLOCK_RECORD
  5
2CB
330
9
100
AcDbSymbolTableRecord
100
AcDbBlockTableRecord
  2
*D21
340
0
 70
0
280
1
281
0
  0
BLOCK_RECORD
  5
2DA
330
9
100
AcDbSymbolTableRecord
100
AcDbBlockTableRecord
  2
*D22
340
0
 70
0
280
1
281
0
  0
BLOCK_RECORD
  5
2E9
330
9
100
AcDbSymbolTableRecord
100
AcDbBlockTableRecord
  2
*D23
340
0
 70
0
280
1
281
0
  0
BLOCK_RECORD
  5
2F8
330
9
100
AcDbSymbolTableRecord
100
AcDbBlockTableRecord
  2
*D24
340
0
 70
0
280
1
281
0
  0
BLOCK_RECORD
  5
402
330
9
100
AcDbSymbolTableRecord
100
AcDbBlockTableRecord
  2
*D25
340
0
 70
0
280
1
281
0
  0
BLOCK_RECORD
  5
411
330
9
100
AcDbSymbolTableRecord
100
AcDbBlockTableRecord
  2
*D26
340
0
 70
0
280
1
281
0
  0
BLOCK_RECORD
  5
420
330
9
100
AcDbSymbolTableRecord
100
AcDbBlockTableRecord
  2
*D27
340
0
 70
0
280
1
281
0
  0
BLOCK_RECORD
  5
42F
330
9
100
AcDbSymbolTableRecord
100
AcDbBlockTableRecord
  2
*D28
340
0
 70
0
280
1
281
0
  0
BLOCK_RECORD
  5
43E
330
9
100
AcDbSymbolTableRecord
100
AcDbBlockTableRecord
  2
*D29
340
0
 70
0
280
1
281
0
  0
BLOCK_RECORD
  5
44D
330
9
100
AcDbSymbolTableRecord
100
AcDbBlockTableRecord
  2
*D30
340
0
 70
0
280
1
281
0
  0
BLOCK_RECORD
  5
45C
330
9
100
AcDbSymbolTableRecord
100
AcDbBlockTableRecord
  2
*D31
340
0
 70
0
280
1
281
0
  0
BLOCK_RECORD
  5
46B
330
9
100
AcDbSymbolTableRecord
100
AcDbBlockTableRecord
  2
*D32
340
0
 70
0
280
1
281
0
  0
BLOCK_RECORD
  5
47A
330
9
100
AcDbSymbolTableRecord
100
AcDbBlockTableRecord
  2
*D33
340
0
 70
0
280
1
281
0
  0
BLOCK_RECORD
  5
489
330
9
100
AcDbSymbolTableRecord
100
AcDbBlockTableRecord
  2
*D34
340
0
 70
0
280
1
281
0
  0
BLOCK_RECORD
  5
498
330
9
100
AcDbSymbolTableRecord
100
AcDbBlockTableRecord
  2
*D35
340
0
 70
0
280
1
281
0
  0
BLOCK_RECORD
  5
4A7
330
9
100
AcDbSymbolTableRecord
100
AcDbBlockTableRecord
  2
*D36
340
0
 70
0
280
1
281
0
  0
BLOCK_RECORD
  5
4B6
330
9
100
AcDbSymbolTableRecord
100
AcDbBlockTableRecord
  2
*D37
340
0
 70
0
280
1
281
0
  0
BLOCK_RECORD
  5
4C5
330
9
100
AcDbSymbolTableRecord
100
AcDbBlockTableRecord
  2
*D38
340
0
 70
0
280
1
281
0
  0
BLOCK_RECORD
  5
4D4
330
9
100
AcDbSymbolTableRecord
100
AcDbBlockTableRecord
  2
*D39
340
0
 70
0
280
1
281
0
  0
BLOCK_RECORD
  5
4E3
330
9
100
AcDbSymbolTableRecord
100
AcDbBlockTableRecord
  2
*D40
340
0
 70
0
280
1
281
0
  0
BLOCK_RECORD
  5
4F2
330
9
100
AcDbSymbolTableRecord
100
AcDbBlockTableRecord
  2
*D41
340
0
 70
0
280
1
281
0
  0
BLOCK_RECORD
  5
501
330
9
100
AcDbSymbolTableRecord
100
AcDbBlockTableRecord
  2
*D42
340
0
 70
0
280
1
281
0
  0
BLOCK_RECORD
  5
510
330
9
100
AcDbSymbolTableRecord
100
AcDbBlockTableRecord
  2
*D43
340
0
 70
0
280
1
281
0
  0
BLOCK_RECORD
  5
51F
330
9
100
AcDbSymbolTableRecord
100
AcDbBlockTableRecord
  2
*D44
340
0
 70
0
280
1
281
0
  0
BLOCK_RECORD
  5
52E
330
9
100
AcDbSymbolTableRecord
100
AcDbBlockTableRecord
  2
*D45
340
0
 70
0
280
1
281
0
  0
BLOCK_RECORD
  5
53D
330
9
100
AcDbSymbolTableRecord
100
AcDbBlockTableRecord
  2
*D46
340
0
 70
0
280
1
281
0
  0
BLOCK_RECORD
  5
54C
330
9
100
AcDbSymbolTableRecord
100
AcDbBlockTableRecord
  2
*D47
340
0
 70
0
280
1
281
0
  0
BLOCK_RECORD
  5
55B
330
9
100
AcDbSymbolTableRecord
100
AcDbBlockTableRecord
  2
*D48
340
0
 70
0
280
1
281
0
  0
BLOCK_RECORD
  5
665
330
9
100
AcDbSymbolTableRecord
100
AcDbBlockTableRecord
  2
*D49
340
0
 70
0
280
1
281
0
  0
BLOCK_RECORD
  5
674
330
9
100
AcDbSymbolTableRecord
100
AcDbBlockTableRecord
  2
*D50
340
0
 70
0
280
1
281
0
  0
BLOCK_RECORD
  5
683
330
9
100
AcDbSymbolTableRecord
100
AcDbBlockTableRecord
  2
*D51
340
0
 70
0
280
1
281
0
  0
BLOCK_RECORD
  5
692
330
9
100
AcDbSymbolTableRecord
100
AcDbBlockTableRecord
  2
*D52
340
0
 70
0
280
1
281
0
  0
BLOCK_RECORD
  5
6A1
330
9
100
AcDbSymbolTableRecord
100
AcDbBlockTableRecord
  2
*D53
340
0
 70
0
280
1
281
0
  0
BLOCK_RECORD
  5
6B0
330
9
100
AcDbSymbolTableRecord
100
AcDbBlockTableRecord
  2
*D54
340
0
 70
0
280
1
281
0
  0
BLOCK_RECORD
  5
6BF
330
9
100
AcDbSymbolTableRecord
100
AcDbBlockTableRecord
  2
*D55
340
0
 70
0
280
1
281
0
  0
BLOCK_RECORD
  5
6CE
330
9
100
AcDbSymbolTableRecord
100
AcDbBlockTableRecord
  2
*D56
340
0
 70
0
280
1
281
0
  0
BLOCK_RECORD
  5
6DD
330
9
100
AcDbSymbolTableRecord
100
AcDbBlockTableRecord
  2
*D57
340
0
 70
0
280
1
281
0
  0
BLOCK_RECORD
  5
6EC
330
9
100
AcDbSymbolTableRecord
100
AcDbBlockTableRecord
  2
*D58
340
0
 70
0
280
1
281
0
  0
BLOCK_RECORD
  5
6FB
330
9
100
AcDbSymbolTableRecord
100
AcDbBlockTableRecord
  2
*D59
340
0
 70
0
280
1
281
0
  0
BLOCK_RECORD
  5
70A
330
9
100
AcDbSymbolTableRecord
100
AcDbBlockTableRecord
  2
*D60
340
0
 70
0
280
1
281
0
  0
BLOCK_RECORD
  5
719
330
9
100
AcDbSymbolTableRecord
100
AcDbBlockTableRecord
  2
*D61
340
0
 70
0
280
1
281
0
  0
BLOCK_RECORD
  5
728
330
9
100
AcDbSymbolTableRecord
100
AcDbBlockTableRecord
  2
*D62
340
0
 70
0
280
1
281
0
  0
BLOCK_RECORD
  5
737
330
9
100
AcDbSymbolTableRecord
100
AcDbBlockTableRecord
  2
*D63
340
0
 70
0
280
1
281
0
  0
BLOCK_RECORD
  5
746
330
9
100
AcDbSymbolTableRecord
100
AcDbBlockTableRecord
  2
*D64
340
0
 70
0
280
1
281
0
  0
BLOCK_RECORD
  5
755
330
9
100
AcDbSymbolTableRecord
100
AcDbBlockTableRecord
  2
*D65
340
0
 70
0
280
1
281
0
  0
BLOCK_RECORD
  5
764
330
9
100
AcDbSymbolTableRecord
100
AcDbBlockTableRecord
  2
*D66
340
0
 70
0
280
1
281
0
  0
BLOCK_RECORD
  5
773
330
9
100
AcDbSymbolTableRecord
100
AcDbBlockTableRecord
  2
*D67
340
0
 70
0
280
1
281
0
  0
BLOCK_RECORD
  5
782
330
9
100
AcDbSymbolTableRecord
100
AcDbBlockTableRecord
  2
*D68
340
0
 70
0
280
1
281
0
  0
BLOCK_RECORD
  5
791
330
9
100
AcDbSymbolTableRecord
100
AcDbBlockTableRecord
  2
*D69
340
0
 70
0
280
1
281
0
  0
BLOCK_RECORD
  5
7A0
330
9
100
AcDbSymbolTableRecord
100
AcDbBlockTableRecord
  2
*D70
340
0
 70
0
280
1
281
0
  0
BLOCK_RECORD
  5
7AF
330
9
100
AcDbSymbolTableRecord
100
AcDbBlockTableRecord
  2
*D71
340
0
 70
0
280
1
281
0
  0
BLOCK_RECORD
  5
7BE
330
9
100
AcDbSymbolTableRecord
100
AcDbBlockTableRecord
  2
*D72
340
0
 70
0
280
1
281
0
  0
BLOCK_RECORD
  5
8C8
330
9
100
AcDbSymbolTableRecord
100
AcDbBlockTableRecord
  2
*D73
340
0
 70
0
280
1
281
0
  0
BLOCK_RECORD
  5
8D7
330
9
100
AcDbSymbolTableRecord
100
AcDbBlockTableRecord
  2
*D74
340
0
 70
0
280
1
281
0
  0
BLOCK_RECORD
  5
8E6
330
9
100
AcDbSymbolTableRecord
100
AcDbBlockTableRecord
  2
*D75
340
0
 70
0
280
1
281
0
  0
BLOCK_RECORD
  5
8F5
330
9
100
AcDbSymbolTableRecord
100
AcDbBlockTableRecord
  2
*D76
340
0
 70
0
280
1
281
0
  0
BLOCK_RECORD
  5
904
330
9
100
AcDbSymbolTableRecord
100
AcDbBlockTableRecord
  2
*D77
340
0
 70
0
280
1
281
0
  0
BLOCK_RECORD
  5
913
330
9
100
AcDbSymbolTableRecord
100
AcDbBlockTableRecord
  2
*D78
340
0
 70
0
280
1
281
0
  0
BLOCK_RECORD
  5
922
330
9
100
AcDbSymbolTableRecord
100
AcDbBlockTableRecord
  2
*D79
340
0
 70
0
280
1
281
0
  0
BLOCK_RECORD
  5
931
330
9
100
AcDbSymbolTableRecord
100
AcDbBlockTableRecord
  2
*D80
340
0
 70
0
280
1
281
0
  0
BLOCK_RECORD
  5
940
330
9
100
AcDbSymbolTableRecord
100
AcDbBlockTableRecord
  2
*D81
340
0
 70
0
280
1
281
0
  0
BLOCK_RECORD
  5
94F
330
9
100
AcDbSymbolTableRecord
100
AcDbBlockTableRecord
  2
*D82
340
0
 70
0
280
1
281
0
  0
BLOCK_RECORD
  5
95E
330
9
100
AcDbSymbolTableRecord
100
AcDbBlockTableRecord
  2
*D83
340
0
 70
0
280
1
281
0
  0
BLOCK_RECORD
  5
96D
330
9
100
AcDbSymbolTableRecord
100
AcDbBlockTableRecord
  2
*D84
340
0
 70
0
280
1
281
0
  0
BLOCK_RECORD
  5
97C
330
9
100
AcDbSymbolTableRecord
100
AcDbBlockTableRecord
  2
*D85
340
0
 70
0
280
1
281
0
  0
BLOCK_RECORD
  5
98B
330
9
100
AcDbSymbolTableRecord
100
AcDbBlockTableRecord
  2
*D86
340
0
 70
0
280
1
281
0
  0
BLOCK_RECORD
  5
99A
330
9
100
AcDbSymbolTableRecord
100
AcDbBlockTableRecord
  2
*D87
340
0
 70
0
280
1
281
0
  0
BLOCK_RECORD
  5
9A9
330
9
100
AcDbSymbolTableRecord
100
AcDbBlockTableRecord
  2
*D88
340
0
 70
0
280
1
281
0
  0
BLOCK_RECORD
  5
9B8
330
9
100
AcDbSymbolTableRecord
100
AcDbBlockTableRecord
  2
*D89
340
0
 70
0
280
1
281
0
  0
BLOCK_RECORD
  5
9C7
330
9
100
AcDbSymbolTableRecord
100
AcDbBlockTableRecord
  2
*D90
340
0
 70
0
280
1
281
0
  0
BLOCK_RECORD
  5
9D6
330
9
100
AcDbSymbolTableRecord
100
AcDbBlockTableRecord
  2
*D91
340
0
 70
0
280
1
281
0
  0
BLOCK_RECORD
  5
9E5
330
9
100
AcDbSymbolTableRecord
100
AcDbBlockTableRecord
  2
*D92
340
0
 70
0
280
1
281
0
  0
BLOCK_RECORD
  5
9F4
330
9
100
AcDbSymbolTableRecord
100
AcDbBlockTableRecord
  2
*D93
340
0
 70
0
280
1
281
0
  0
BLOCK_RECORD
  5
A03
330
9
100
AcDbSymbolTableRecord
100
AcDbBlockTableRecord
  2
*D94
340
0
 70
0
280
1
281
0
  0
BLOCK_RECORD
  5
A12
330
9
100
AcDbSymbolTableRecord
100
AcDbBlockTableRecord
  2
*D95
340
0
 70
0
280
1
281
0
  0
BLOCK_RECORD
  5
A21
330
9
100
AcDbSymbolTableRecord
100
AcDbBlockTableRecord
  2
*D96
340
0
 70
0
280
1
281
0
  0
BLOCK_RECORD
  5
A61
330
9
100
AcDbSymbolTableRecord
100
AcDbBlockTableRecord
  2
*D97
340
0
 70
0
280
1
281
0
  0
BLOCK_RECORD
  5
A70
330
9
100
AcDbSymbolTableRecord
100
AcDbBlockTableRecord
  2
*D98
340
0
 70
0
280
1
281
0
  0
BLOCK_RECORD
  5
B47
330
9
100
AcDbSymbolTableRecord
100
AcDbBlockTableRecord
  2
*D99
340
0
 70
0
280
1
281
0
  0
BLOCK_RECORD
  5
B56
330
9
100
AcDbSymbolTableRecord
100
AcDbBlockTableRecord
  2
*D100
340
0
 70
0
280
1
281
0
  0
BLOCK_RECORD
  5
B65
330
9
100
AcDbSymbolTableRecord
100
AcDbBlockTableRecord
  2
*D101
340
0
 70
0
280
1
281
0
  0
BLOCK_RECORD
  5
B74
330
9
100
AcDbSymbolTableRecord
100
AcDbBlockTableRecord
  2
*D102
340
0
 70
0
280
1
281
0
  0
BLOCK_RECORD
  5
B83
330
9
100
AcDbSymbolTableRecord
100
AcDbBlockTableRecord
  2
*D103
340
0
 70
0
280
1
281
0
  0
BLOCK_RECORD
  5
B92
330
9
100
AcDbSymbolTableRecord
100
AcDbBlockTableRecord
  2
*D104
340
0
 70
0
280
1
281
0
  0
BLOCK_RECORD
  5
BA1
330
9
100
AcDbSymbolTableRecord
100
AcDbBlockTableRecord
  2
*D105
340
0
 70
0
280
1
281
0
  0
BLOCK_RECORD
  5
BB0
330
9
100
AcDbSymbolTableRecord
100
AcDbBlockTableRecord
  2
*D106
340
0
 70
0
280
1
281
0
  0
BLOCK_RECORD
  5
BBF
330
9
100
AcDbSymbolTableRecord
100
AcDbBlockTableRecord
  2
*D107
340
0
 70
0
280
1
281
0
  0
BLOCK_RECORD
  5
BCE
330
9
100
AcDbSymbolTableRecord
100
AcDbBlockTableRecord
  2
*D108
340
0
 70
0
280
1
281
0
  0
BLOCK_RECORD
  5
C3F
330
9
100
AcDbSymbolTableRecord
100
AcDbBlockTableRecord
  2
*D109
340
0
 70
0
280
1
281
0
  0
BLOCK_RECORD
  5
C4E
330
9
100
AcDbSymbolTableRecord
100
AcDbBlockTableRecord
  2
*D110
340
0
 70
0
280
1
281
0
  0
ENDTAB
  0
ENDSEC
  0
SECTION
  2
BLOCKS
  0
BLOCK
  5
18
330
17
100
AcDbEntity
  8
0
100
AcDbBlockBegin
  2
*Model_Space
 70
0
 10
0.0
 20
0.0
 30
0.0
  3
*Model_Space
  1

  0
ENDBLK
  5
19
330
17
100
AcDbEntity
  8
0
100
AcDbBlockEnd
  0
BLOCK
  5
1C
330
1B
100
AcDbEntity
  8
0
100
AcDbBlockBegin
  2
*Paper_Space
 70
0
 10
0.0
 20
0.0
 30
0.0
  3
*Paper_Space
  1

  0
ENDBLK
  5
1D
330
1B
100
AcDbEntity
  8
0
100
AcDbBlockEnd
  0
BLOCK
  5
75
330
74
100
AcDbEntity
  8
0
100
AcDbBlockBegin
  2
_ARCHTICK
 70
0
 10
0.0
 20
0.0
 30
0.0
  3
_ARCHTICK
  1

  0
LWPOLYLINE
  5
77
330
74
100
AcDbEntity
  8
0
  6
BYBLOCK
 62
0
100
AcDbPolyline
 90
2
 70
0
 43
0.15
 10
-0.5
 20
-0.5
 10
0.5
 20
0.5
  0
ENDBLK
  5
76
330
74
100
AcDbEntity
  8
0
100
AcDbBlockEnd
  0
BLOCK
  5
79
330
78
100
AcDbEntity
  8
0
100
AcDbBlockBegin
  2
_CLOSEDFILLED
 70
0
 10
0.0
 20
0.0
 30
0.0
  3
_CLOSEDFILLED
  1

  0
SOLID
  5
7B
330
78
100
AcDbEntity
  8
0
  6
BYBLOCK
 62
0
100
AcDbTrace
 10
-1.0
 20
0.16439898372402537
 30
0.0
 11
0.0
 21
0.0
 31
0.0
 12
-1.0
 22
-0.16439898372402537
 32
0.0
 13
-1.0
 23
-0.16439898372402537
 33
0.0
  0
ENDBLK
  5
7A
330
78
100
AcDbEntity
  8
0
100
AcDbBlockEnd
  0
BLOCK
  5
85
330
84
100
AcDbEntity
  8
0
100
AcDbBlockBegin
  2
_CLOSEDBLANK
 70
0
 10
0.0
 20
0.0
 30
0.0
  3
_CLOSEDBLANK
  1

  0
LWPOLYLINE
  5
87
330
84
100
AcDbEntity
  8
0
  6
BYBLOCK
 62
0
100
AcDbPolyline
 90
3
 70
1
 10
-1.0
 20
0.16439898372402537
 10
0.0
 20
0.0
 10
-1.0
 20
-0.16439898372402537
  0
ENDBLK
  5
86
330
84
100
AcDbEntity
  8
0
100
AcDbBlockEnd
  0
BLOCK
  5
1A0
330
19F
100
AcDbEntity
  8
0
100
AcDbBlockBegin
  2
*D1
 70
1
 10
0.0
 20
0.0
 30
0.0
  3
*D1
  1

  0
LINE
  5
1A2
330
19F
100
AcDbEntity
  8
0
100
AcDbLine
 10
0.0
 20
-0.08
 30
0.0
 11
0.0
 21
-2.575
 31
0.0
  0
LINE
  5
1A3
330
19F
100
AcDbEntity
  8
0
100
AcDbLine
 10
0.3
 20
-0.08
 30
0.0
 11
0.3
 21
-2.575
 31
0.0
  0
INSERT
  5
1A4
330
19F
100
AcDbEntity
  8
A-ANNO-DIMS
100
AcDbBlockReference
  2
_ARCHTICK
 10
0.0
 20
-2.2
 30
0.0
 41
0.12
 42
0.12
  0
INSERT
  5
1A6
330
19F
100
AcDbEntity
  8
A-ANNO-DIMS
100
AcDbBlockReference
  2
_ARCHTICK
 10
0.3
 20
-2.2
 30
0.0
 41
0.12
 42
0.12
 50
180.0
  0
LINE
  5
1A8
330
19F
100
AcDbEntity
  8
0
100
AcDbLine
 10
0.0
 20
-2.2
 30
0.0
 11
0.3
 21
-2.2
 31
0.0
  0
MTEXT
  5
1A9
330
19F
100
AcDbEntity
  8
A-ANNO-DIMS
100
AcDbMText
 10
0.15
 20
-1.6350000000000002
 30
0.0
 40
0.18
 71
5
  1
0.30
  7
OpenSansCondensed-Light
  0
POINT
  5
1AA
330
19F
100
AcDbEntity
  8
Defpoints
100
AcDbPoint
 10
0.0
 20
-2.2
 30
0.0
  0
POINT
  5
1AB
330
19F
100
AcDbEntity
  8
Defpoints
100
AcDbPoint
 10
0.0
 20
0.0
 30
0.0
  0
POINT
  5
1AC
330
19F
100
AcDbEntity
  8
Defpoints
100
AcDbPoint
 10
0.3
 20
0.0
 30
0.0
  0
ENDBLK
  5
1A1
330
19F
100
AcDbEntity
  8
0
100
AcDbBlockEnd
  0
BLOCK
  5
1AF
330
1AE
100
AcDbEntity
  8
0
100
AcDbBlockBegin
  2
*D2
 70
1
 10
0.0
 20
0.0
 30
0.0
  3
*D2
  1

  0
LINE
  5
1B1
330
1AE
100
AcDbEntity
  8
0
100
AcDbLine
 10
0.3
 20
-0.08
 30
0.0
 11
0.3
 21
-2.575
 31
0.0
  0
LINE
  5
1B2
330
1AE
100
AcDbEntity
  8
0
100
AcDbLine
 10
7.2
 20
-0.08
 30
0.0
 11
7.2
 21
-2.575
 31
0.0
  0
INSERT
  5
1B3
330
1AE
100
AcDbEntity
  8
A-ANNO-DIMS
100
AcDbBlockReference
  2
_ARCHTICK
 10
0.3
 20
-2.2
 30
0.0
 41
0.12
 42
0.12
 50
180.0
  0
INSERT
  5
1B5
330
1AE
100
AcDbEntity
  8
A-ANNO-DIMS
100
AcDbBlockReference
  2
_ARCHTICK
 10
7.2
 20
-2.2
 30
0.0
 41
0.12
 42
0.12
  0
LINE
  5
1B7
330
1AE
100
AcDbEntity
  8
0
100
AcDbLine
 10
0.3
 20
-2.2
 30
0.0
 11
7.2
 21
-2.2
 31
0.0
  0
MTEXT
  5
1B8
330
1AE
100
AcDbEntity
  8
A-ANNO-DIMS
100
AcDbMText
 10
3.75
 20
-2.0100000000000002
 30
0.0
 40
0.18
 71
5
  1
6.90
  7
OpenSansCondensed-Light
  0
POINT
  5
1B9
330
1AE
100
AcDbEntity
  8
Defpoints
100
AcDbPoint
 10
0.3
 20
-2.2
 30
0.0
  0
POINT
  5
1BA
330
1AE
100
AcDbEntity
  8
Defpoints
100
AcDbPoint
 10
0.3
 20
0.0
 30
0.0
  0
POINT
  5
1BB
330
1AE
100
AcDbEntity
  8
Defpoints
100
AcDbPoint
 10
7.2
 20
0.0
 30
0.0
  0
ENDBLK
  5
1B0
330
1AE
100
AcDbEntity
  8
0
100
AcDbBlockEnd
  0
BLOCK
  5
1BE
330
1BD
100
AcDbEntity
  8
0
100
AcDbBlockBegin
  2
*D3
 70
1
 10
0.0
 20
0.0
 30
0.0
  3
*D3
  1

  0
LINE
  5
1C0
330
1BD
100
AcDbEntity
  8
0
100
AcDbLine
 10
7.2
 20
-0.08
 30
0.0
 11
7.2
 21
-2.575
 31
0.0
  0
LINE
  5
1C1
330
1BD
100
AcDbEntity
  8
0
100
AcDbLine
 10
7.45
 20
-0.08
 30
0.0
 11
7.45
 21
-2.575
 31
0.0
  0
INSERT
  5
1C2
330
1BD
100
AcDbEntity
  8
A-ANNO-DIMS
100
AcDbBlockReference
  2
_ARCHTICK
 10
7.2
 20
-2.2
 30
0.0
 41
0.12
 42
0.12
  0
INSERT
  5
1C4
330
1BD
100
AcDbEntity
  8
A-ANNO-DIMS
100
AcDbBlockReference
  2
_ARCHTICK
 10
7.45
 20
-2.2
 30
0.0
 41
0.12
 42
0.12
 50
180.0
  0
LINE
  5
1C6
330
1BD
100
AcDbEntity
  8
0
100
AcDbLine
 10
7.2
 20
-2.2
 30
0.0
 11
7.45
 21
-2.2
 31
0.0
  0
MTEXT
  5
1C7
330
1BD
100
AcDbEntity
  8
A-ANNO-DIMS
100
AcDbMText
 10
7.325
 20
-1.6350000000000002
 30
0.0
 40
0.18
 71
5
  1
0.25
  7
OpenSansCondensed-Light
  0
POINT
  5
1C8
330
1BD
100
AcDbEntity
  8
Defpoints
100
AcDbPoint
 10
7.2
 20
-2.2
 30
0.0
  0
POINT
  5
1C9
330
1BD
100
AcDbEntity
  8
Defpoints
100
AcDbPoint
 10
7.2
 20
0.0
 30
0.0
  0
POINT
  5
1CA
330
1BD
100
AcDbEntity
  8
Defpoints
100
AcDbPoint
 10
7.45
 20
0.0
 30
0.0
  0
ENDBLK
  5
1BF
330
1BD
100
AcDbEntity
  8
0
100
AcDbBlockEnd
  0
BLOCK
  5
1CD
330
1CC
100
AcDbEntity
  8
0
100
AcDbBlockBegin
  2
*D4
 70
1
 10
0.0
 20
0.0
 30
0.0
  3
*D4
  1

  0
LINE
  5
1CF
330
1CC
100
AcDbEntity
  8
0
100
AcDbLine
 10
7.45
 20
-0.08
 30
0.0
 11
7.45
 21
-2.575
 31
0.0
  0
LINE
  5
1D0
330
1CC
100
AcDbEntity
  8
0
100
AcDbLine
 10
11.7
 20
-0.08
 30
0.0
 11
11.7
 21
-2.575
 31
0.0
  0
INSERT
  5
1D1
330
1CC
100
AcDbEntity
  8
A-ANNO-DIMS
100
AcDbBlockReference
  2
_ARCHTICK
 10
7.45
 20
-2.2
 30
0.0
 41
0.12
 42
0.12
 50
180.0
  0
INSERT
  5
1D3
330
1CC
100
AcDbEntity
  8
A-ANNO-DIMS
100
AcDbBlockReference
  2
_ARCHTICK
 10
11.7
 20
-2.2
 30
0.0
 41
0.12
 42
0.12
  0
LINE
  5
1D5
330
1CC
100
AcDbEntity
  8
0
100
AcDbLine
 10
7.45
 20
-2.2
 30
0.0
 11
11.7
 21
-2.2
 31
0.0
  0
MTEXT
  5
1D6
330
1CC
100
AcDbEntity
  8
A-ANNO-DIMS
100
AcDbMText
 10
9.575
 20
-2.0100000000000002
 30
0.0
 40
0.18
 71
5
  1
4.25
  7
OpenSansCondensed-Light
  0
POINT
  5
1D7
330
1CC
100
AcDbEntity
  8
Defpoints
100
AcDbPoint
 10
7.45
 20
-2.2
 30
0.0
  0
POINT
  5
1D8
330
1CC
100
AcDbEntity
  8
Defpoints
100
AcDbPoint
 10
7.45
 20
0.0
 30
0.0
  0
POINT
  5
1D9
330
1CC
100
AcDbEntity
  8
Defpoints
100
AcDbPoint
 10
11.7
 20
0.0
 30
0.0
  0
ENDBLK
  5
1CE
330
1CC
100
AcDbEntity
  8
0
100
AcDbBlockEnd
  0
BLOCK
  5
1DC
330
1DB
100
AcDbEntity
  8
0
100
AcDbBlockBegin
  2
*D5
 70
1
 10
0.0
 20
0.0
 30
0.0
  3
*D5
  1

  0
LINE
  5
1DE
330
1DB
100
AcDbEntity
  8
0
100
AcDbLine
 10
11.7
 20
-0.08
 30
0.0
 11
11.7
 21
-2.575
 31
0.0
  0
LINE
  5
1DF
330
1DB
100
AcDbEntity
  8
0
100
AcDbLine
 10
11.95
 20
-0.08
 30
0.0
 11
11.95
 21
-2.575
 31
0.0
  0
INSERT
  5
1E0
330
1DB
100
AcDbEntity
  8
A-ANNO-DIMS
100
AcDbBlockReference
  2
_ARCHTICK
 10
11.7
 20
-2.2
 30
0.0
 41
0.12
 42
0.12
  0
INSERT
  5
1E2
330
1DB
100
AcDbEntity
  8
A-ANNO-DIMS
100
AcDbBlockReference
  2
_ARCHTICK
 10
11.95
 20
-2.2
 30
0.0
 41
0.12
 42
0.12
 50
180.0
  0
LINE
  5
1E4
330
1DB
100
AcDbEntity
  8
0
100
AcDbLine
 10
11.7
 20
-2.2
 30
0.0
 11
11.95
 21
-2.2
 31
0.0
  0
MTEXT
  5
1E5
330
1DB
100
AcDbEntity
  8
A-ANNO-DIMS
100
AcDbMText
 10
11.825
 20
-1.6350000000000002
 30
0.0
 40
0.18
 71
5
  1
0.25
  7
OpenSansCondensed-Light
  0
POINT
  5
1E6
330
1DB
100
AcDbEntity
  8
Defpoints
100
AcDbPoint
 10
11.7
 20
-2.2
 30
0.0
  0
POINT
  5
1E7
330
1DB
100
AcDbEntity
  8
Defpoints
100
AcDbPoint
 10
11.7
 20
0.0
 30
0.0
  0
POINT
  5
1E8
330
1DB
100
AcDbEntity
  8
Defpoints
100
AcDbPoint
 10
11.95
 20
0.0
 30
0.0
  0
ENDBLK
  5
1DD
330
1DB
100
AcDbEntity
  8
0
100
AcDbBlockEnd
  0
BLOCK
  5
1EB
330
1EA
100
AcDbEntity
  8
0
100
AcDbBlockBegin
  2
*D6
 70
1
 10
0.0
 20
0.0
 30
0.0
  3
*D6
  1

  0
LINE
  5
1ED
330
1EA
100
AcDbEntity
  8
0
100
AcDbLine
 10
11.95
 20
-0.08
 30
0.0
 11
11.95
 21
-2.575
 31
0.0
  0
LINE
  5
1EE
330
1EA
100
AcDbEntity
  8
0
100
AcDbLine
 10
18.849999999999998
 20
-0.08
 30
0.0
 11
18.849999999999998
 21
-2.575
 31
0.0
  0
INSERT
  5
1EF
330
1EA
100
AcDbEntity
  8
A-ANNO-DIMS
100
AcDbBlockReference
  2
_ARCHTICK
 10
11.95
 20
-2.2
 30
0.0
 41
0.12
 42
0.12
 50
180.0
  0
INSERT
  5
1F1
330
1EA
100
AcDbEntity
  8
A-ANNO-DIMS
100
AcDbBlockReference
  2
_ARCHTICK
 10
18.849999999999998
 20
-2.2
 30
0.0
 41
0.12
 42
0.12
  0
LINE
  5
1F3
330
1EA
100
AcDbEntity
  8
0
100
AcDbLine
 10
11.95
 20
-2.2
 30
0.0
 11
18.849999999999998
 21
-2.2
 31
0.0
  0
MTEXT
  5
1F4
330
1EA
100
AcDbEntity
  8
A-ANNO-DIMS
100
AcDbMText
 10
15.399999999999999
 20
-2.0100000000000002
 30
0.0
 40
0.18
 71
5
  1
6.90
  7
OpenSansCondensed-Light
  0
POINT
  5
1F5
330
1EA
100
AcDbEntity
  8
Defpoints
100
AcDbPoint
 10
11.95
 20
-2.2
 30
0.0
  0
POINT
  5
1F6
330
1EA
100
AcDbEntity
  8
Defpoints
100
AcDbPoint
 10
11.95
 20
0.0
 30
0.0
  0
POINT
  5
1F7
330
1EA
100
AcDbEntity
  8
Defpoints
100
AcDbPoint
 10
18.849999999999998
 20
0.0
 30
0.0
  0
ENDBLK
  5
1EC
330
1EA
100
AcDbEntity
  8
0
100
AcDbBlockEnd
  0
BLOCK
  5
1FA
330
1F9
100
AcDbEntity
  8
0
100
AcDbBlockBegin
  2
*D7
 70
1
 10
0.0
 20
0.0
 30
0.0
  3
*D7
  1

  0
LINE
  5
1FC
330
1F9
100
AcDbEntity
  8
0
100
AcDbLine
 10
18.849999999999998
 20
-0.08
 30
0.0
 11
18.849999999999998
 21
-2.575
 31
0.0
  0
LINE
  5
1FD
330
1F9
100
AcDbEntity
  8
0
100
AcDbLine
 10
19.15
 20
-0.08
 30
0.0
 11
19.15
 21
-2.575
 31
0.0
  0
INSERT
  5
1FE
330
1F9
100
AcDbEntity
  8
A-ANNO-DIMS
100
AcDbBlockReference
  2
_ARCHTICK
 10
18.849999999999998
 20
-2.2
 30
0.0
 41
0.12
 42
0.12
  0
INSERT
  5
200
330
1F9
100
AcDbEntity
  8
A-ANNO-DIMS
100
AcDbBlockReference
  2
_ARCHTICK
 10
19.15
 20
-2.2
 30
0.0
 41
0.12
 42
0.12
 50
180.0
  0
LINE
  5
202
330
1F9
100
AcDbEntity
  8
0
100
AcDbLine
 10
18.849999999999998
 20
-2.2
 30
0.0
 11
19.15
 21
-2.2
 31
0.0
  0
MTEXT
  5
203
330
1F9
100
AcDbEntity
  8
A-ANNO-DIMS
100
AcDbMText
 10
19.0
 20
-1.6350000000000002
 30
0.0
 40
0.18
 71
5
  1
0.30
  7
OpenSansCondensed-Light
  0
POINT
  5
204
330
1F9
100
AcDbEntity
  8
Defpoints
100
AcDbPoint
 10
18.849999999999998
 20
-2.2
 30
0.0
  0
POINT
  5
205
330
1F9
100
AcDbEntity
  8
Defpoints
100
AcDbPoint
 10
18.849999999999998
 20
0.0
 30
0.0
  0
POINT
  5
206
330
1F9
100
AcDbEntity
  8
Defpoints
100
AcDbPoint
 10
19.15
 20
0.0
 30
0.0
  0
ENDBLK
  5
1FB
330
1F9
100
AcDbEntity
  8
0
100
AcDbBlockEnd
  0
BLOCK
  5
209
330
208
100
AcDbEntity
  8
0
100
AcDbBlockBegin
  2
*D8
 70
1
 10
0.0
 20
0.0
 30
0.0
  3
*D8
  1

  0
LINE
  5
20B
330
208
100
AcDbEntity
  8
0
100
AcDbLine
 10
0.0
 20
-0.08
 30
0.0
 11
0.0
 21
-3.375
 31
0.0
  0
LINE
  5
20C
330
208
100
AcDbEntity
  8
0
100
AcDbLine
 10
19.15
 20
-0.08
 30
0.0
 11
19.15
 21
-3.375
 31
0.0
  0
INSERT
  5
20D
330
208
100
AcDbEntity
  8
A-ANNO-DIMS
100
AcDbBlockReference
  2
_ARCHTICK
 10
0.0
 20
-3.0
 30
0.0
 41
0.12
 42
0.12
 50
180.0
  0
INSERT
  5
20F
330
208
100
AcDbEntity
  8
A-ANNO-DIMS
100
AcDbBlockReference
  2
_ARCHTICK
 10
19.15
 20
-3.0
 30
0.0
 41
0.12
 42
0.12
  0
LINE
  5
211
330
208
100
AcDbEntity
  8
0
100
AcDbLine
 10
0.0
 20
-3.0
 30
0.0
 11
19.15
 21
-3.0
 31
0.0
  0
MTEXT
  5
212
330
208
100
AcDbEntity
  8
A-ANNO-DIMS
100
AcDbMText
 10
9.575
 20
-2.81
 30
0.0
 40
0.18
 71
5
  1
19.15
  7
OpenSansCondensed-Light
  0
POINT
  5
213
330
208
100
AcDbEntity
  8
Defpoints
100
AcDbPoint
 10
0.0
 20
-3.0
 30
0.0
  0
POINT
  5
214
330
208
100
AcDbEntity
  8
Defpoints
100
AcDbPoint
 10
0.0
 20
0.0
 30
0.0
  0
POINT
  5
215
330
208
100
AcDbEntity
  8
Defpoints
100
AcDbPoint
 10
19.15
 20
0.0
 30
0.0
  0
ENDBLK
  5
20A
330
208
100
AcDbEntity
  8
0
100
AcDbBlockEnd
  0
BLOCK
  5
218
330
217
100
AcDbEntity
  8
0
100
AcDbBlockBegin
  2
*D9
 70
1
 10
0.0
 20
0.0
 30
0.0
  3
*D9
  1

  0
LINE
  5
21A
330
217
100
AcDbEntity
  8
0
100
AcDbLine
 10
-0.08
 20
0.0
 30
0.0
 11
-1.375
 21
0.0
 31
0.0
  0
LINE
  5
21B
330
217
100
AcDbEntity
  8
0
100
AcDbLine
 10
-0.08
 20
0.3
 30
0.0
 11
-1.375
 21
0.3
 31
0.0
  0
INSERT
  5
21C
330
217
100
AcDbEntity
  8
A-ANNO-DIMS
100
AcDbBlockReference
  2
_ARCHTICK
 10
-1.0
 20
0.0
 30
0.0
 41
0.12
 42
0.12
 50
90.0
  0
INSERT
  5
21E
330
217
100
AcDbEntity
  8
A-ANNO-DIMS
100
AcDbBlockReference
  2
_ARCHTICK
 10
-1.0
 20
0.3
 30
0.0
 41
0.12
 42
0.12
 50
270.0
  0
LINE
  5
220
330
217
100
AcDbEntity
  8
0
100
AcDbLine
 10
-1.0
 20
0.0
 30
0.0
 11
-1.0
 21
0.3
 31
0.0
  0
MTEXT
  5
221
330
217
100
AcDbEntity
  8
A-ANNO-DIMS
100
AcDbMText
 10
-1.565
 20
0.15
 30
0.0
 40
0.18
 71
5
  1
0.30
  7
OpenSansCondensed-Light
 50
90.0
  0
POINT
  5
222
330
217
100
AcDbEntity
  8
Defpoints
100
AcDbPoint
 10
-1.0
 20
0.0
 30
0.0
  0
POINT
  5
223
330
217
100
AcDbEntity
  8
Defpoints
100
AcDbPoint
 10
0.0
 20
0.0
 30
0.0
  0
POINT
  5
224
330
217
100
AcDbEntity
  8
Defpoints
100
AcDbPoint
 10
0.0
 20
0.3
 30
0.0
  0
ENDBLK
  5
219
330
217
100
AcDbEntity
  8
0
100
AcDbBlockEnd
  0
BLOCK
  5
227
330
226
100
AcDbEntity
  8
0
100
AcDbBlockBegin
  2
*D10
 70
1
 10
0.0
 20
0.0
 30
0.0
  3
*D10
  1

  0
LINE
  5
229
330
226
100
AcDbEntity
  8
0
100
AcDbLine
 10
-0.08
 20
0.3
 30
0.0
 11
-1.375
 21
0.3
 31
0.0
  0
LINE
  5
22A
330
226
100
AcDbEntity
  8
0
100
AcDbLine
 10
-0.08
 20
5.3
 30
0.0
 11
-1.375
 21
5.3
 31
0.0
  0
INSERT
  5
22B
330
226
100
AcDbEntity
  8
A-ANNO-DIMS
100
AcDbBlockReference
  2
_ARCHTICK
 10
-1.0
 20
0.3
 30
0.0
 41
0.12
 42
0.12
 50
270.0
  0
INSERT
  5
22D
330
226
100
AcDbEntity
  8
A-ANNO-DIMS
100
AcDbBlockReference
  2
_ARCHTICK
 10
-1.0
 20
5.3
 30
0.0
 41
0.12
 42
0.12
 50
90.0
  0
LINE
  5
22F
330
226
100
AcDbEntity
  8
0
100
AcDbLine
 10
-1.0
 20
0.3
 30
0.0
 11
-1.0
 21
5.3
 31
0.0
  0
MTEXT
  5
230
330
226
100
AcDbEntity
  8
A-ANNO-DIMS
100
AcDbMText
 10
-1.19
 20
2.8
 30
0.0
 40
0.18
 71
5
  1
5.00
  7
OpenSansCondensed-Light
 50
90.0
  0
POINT
  5
231
330
226
100
AcDbEntity
  8
Defpoints
100
AcDbPoint
 10
-1.0
 20
0.3
 30
0.0
  0
POINT
  5
232
330
226
100
AcDbEntity
  8
Defpoints
100
AcDbPoint
 10
0.0
 20
0.3
 30
0.0
  0
POINT
  5
233
330
226
100
AcDbEntity
  8
Defpoints
100
AcDbPoint
 10
0.0
 20
5.3
 30
0.0
  0
ENDBLK
  5
228
330
226
100
AcDbEntity
  8
0
100
AcDbBlockEnd
  0
BLOCK
  5
236
330
235
100
AcDbEntity
  8
0
100
AcDbBlockBegin
  2
*D11
 70
1
 10
0.0
 20
0.0
 30
0.0
  3
*D11
  1

  0
LINE
  5
238
330
235
100
AcDbEntity
  8
0
100
AcDbLine
 10
-0.08
 20
5.3
 30
0.0
 11
-1.375
 21
5.3
 31
0.0
  0
LINE
  5
239
330
235
100
AcDbEntity
  8
0
100
AcDbLine
 10
-0.08
 20
5.45
 30
0.0
 11
-1.375
 21
5.45
 31
0.0
  0
INSERT
  5
23A
330
235
100
AcDbEntity
  8
A-ANNO-DIMS
100
AcDbBlockReference
  2
_ARCHTICK
 10
-1.0
 20
5.3
 30
0.0
 41
0.12
 42
0.12
 50
90.0
  0
INSERT
  5
23C
330
235
100
AcDbEntity
  8
A-ANNO-DIMS
100
AcDbBlockReference
  2
_ARCHTICK
 10
-1.0
 20
5.45
 30
0.0
 41
0.12
 42
0.12
 50
270.0
  0
LINE
  5
23E
330
235
100
AcDbEntity
  8
0
100
AcDbLine
 10
-1.0
 20
5.3
 30
0.0
 11
-1.0
 21
5.45
 31
0.0
  0
MTEXT
  5
23F
330
235
100
AcDbEntity
  8
A-ANNO-DIMS
100
AcDbMText
 10
-1.565
 20
5.375
 30
0.0
 40
0.18
 71
5
  1
0.15
  7
OpenSansCondensed-Light
 50
90.0
  0
POINT
  5
240
330
235
100
AcDbEntity
  8
Defpoints
100
AcDbPoint
 10
-1.0
 20
5.3
 30
0.0
  0
POINT
  5
241
330
235
100
AcDbEntity
  8
Defpoints
100
AcDbPoint
 10
0.0
 20
5.3
 30
0.0
  0
POINT
  5
242
330
235
100
AcDbEntity
  8
Defpoints
100
AcDbPoint
 10
0.0
 20
5.45
 30
0.0
  0
ENDBLK
  5
237
330
235
100
AcDbEntity
  8
0
100
AcDbBlockEnd
  0
BLOCK
  5
245
330
244
100
AcDbEntity
  8
0
100
AcDbBlockBegin
  2
*D12
 70
1
 10
0.0
 20
0.0
 30
0.0
  3
*D12
  1

  0
LINE
  5
247
330
244
100
AcDbEntity
  8
0
100
AcDbLine
 10
-0.08
 20
5.45
 30
0.0
 11
-1.375
 21
5.45
 31
0.0
  0
LINE
  5
248
330
244
100
AcDbEntity
  8
0
100
AcDbLine
 10
-0.08
 20
7.45
 30
0.0
 11
-1.375
 21
7.45
 31
0.0
  0
INSERT
  5
249
330
244
100
AcDbEntity
  8
A-ANNO-DIMS
100
AcDbBlockReference
  2
_ARCHTICK
 10
-1.0
 20
5.45
 30
0.0
 41
0.12
 42
0.12
 50
270.0
  0
INSERT
  5
24B
330
244
100
AcDbEntity
  8
A-ANNO-DIMS
100
AcDbBlockReference
  2
_ARCHTICK
 10
-1.0
 20
7.45
 30
0.0
 41
0.12
 42
0.12
 50
90.0
  0
LINE
  5
24D
330
244
100
AcDbEntity
  8
0
100
AcDbLine
 10
-1.0
 20
5.45
 30
0.0
 11
-1.0
 21
7.45
 31
0.0
  0
MTEXT
  5
24E
330
244
100
AcDbEntity
  8
A-ANNO-DIMS
100
AcDbMText
 10
-1.19
 20
6.45
 30
0.0
 40
0.18
 71
5
  1
2.00
  7
OpenSansCondensed-Light
 50
90.0
  0
POINT
  5
24F
330
244
100
AcDbEntity
  8
Defpoints
100
AcDbPoint
 10
-1.0
 20
5.45
 30
0.0
  0
POINT
  5
250
330
244
100
AcDbEntity
  8
Defpoints
100
AcDbPoint
 10
0.0
 20
5.45
 30
0.0
  0
POINT
  5
251
330
244
100
AcDbEntity
  8
Defpoints
100
AcDbPoint
 10
0.0
 20
7.45
 30
0.0
  0
ENDBLK
  5
246
330
244
100
AcDbEntity
  8
0
100
AcDbBlockEnd
  0
BLOCK
  5
254
330
253
100
AcDbEntity
  8
0
100
AcDbBlockBegin
  2
*D13
 70
1
 10
0.0
 20
0.0
 30
0.0
  3
*D13
  1

  0
LINE
  5
256
330
253
100
AcDbEntity
  8
0
100
AcDbLine
 10
-0.08
 20
7.45
 30
0.0
 11
-1.375
 21
7.45
 31
0.0
  0
LINE
  5
257
330
253
100
AcDbEntity
  8
0
100
AcDbLine
 10
-0.08
 20
7.6
 30
0.0
 11
-1.375
 21
7.6
 31
0.0
  0
INSERT
  5
258
330
253
100
AcDbEntity
  8
A-ANNO-DIMS
100
AcDbBlockReference
  2
_ARCHTICK
 10
-1.0
 20
7.45
 30
0.0
 41
0.12
 42
0.12
 50
90.0
  0
INSERT
  5
25A
330
253
100
AcDbEntity
  8
A-ANNO-DIMS
100
AcDbBlockReference
  2
_ARCHTICK
 10
-1.0
 20
7.6
 30
0.0
 41
0.12
 42
0.12
 50
270.0
  0
LINE
  5
25C
330
253
100
AcDbEntity
  8
0
100
AcDbLine
 10
-1.0
 20
7.45
 30
0.0
 11
-1.0
 21
7.6
 31
0.0
  0
MTEXT
  5
25D
330
253
100
AcDbEntity
  8
A-ANNO-DIMS
100
AcDbMText
 10
-1.565
 20
7.525
 30
0.0
 40
0.18
 71
5
  1
0.15
  7
OpenSansCondensed-Light
 50
90.0
  0
POINT
  5
25E
330
253
100
AcDbEntity
  8
Defpoints
100
AcDbPoint
 10
-1.0
 20
7.45
 30
0.0
  0
POINT
  5
25F
330
253
100
AcDbEntity
  8
Defpoints
100
AcDbPoint
 10
0.0
 20
7.45
 30
0.0
  0
POINT
  5
260
330
253
100
AcDbEntity
  8
Defpoints
100
AcDbPoint
 10
0.0
 20
7.6
 30
0.0
  0
ENDBLK
  5
255
330
253
100
AcDbEntity
  8
0
100
AcDbBlockEnd
  0
BLOCK
  5
263
330
262
100
AcDbEntity
  8
0
100
AcDbBlockBegin
  2
*D14
 70
1
 10
0.0
 20
0.0
 30
0.0
  3
*D14
  1

  0
LINE
  5
265
330
262
100
AcDbEntity
  8
0
100
AcDbLine
 10
-0.08
 20
7.6
 30
0.0
 11
-1.375
 21
7.6
 31
0.0
  0
LINE
  5
266
330
262
100
AcDbEntity
  8
0
100
AcDbLine
 10
-0.08
 20
11.6
 30
0.0
 11
-1.375
 21
11.6
 31
0.0
  0
INSERT
  5
267
330
262
100
AcDbEntity
  8
A-ANNO-DIMS
100
AcDbBlockReference
  2
_ARCHTICK
 10
-1.0
 20
7.6
 30
0.0
 41
0.12
 42
0.12
 50
270.0
  0
INSERT
  5
269
330
262
100
AcDbEntity
  8
A-ANNO-DIMS
100
AcDbBlockReference
  2
_ARCHTICK
 10
-1.0
 20
11.6
 30
0.0
 41
0.12
 42
0.12
 50
90.0
  0
LINE
  5
26B
330
262
100
AcDbEntity
  8
0
100
AcDbLine
 10
-1.0
 20
7.6
 30
0.0
 11
-1.0
 21
11.6
 31
0.0
  0
MTEXT
  5
26C
330
262
100
AcDbEntity
  8
A-ANNO-DIMS
100
AcDbMText
 10
-1.19
 20
9.6
 30
0.0
 40
0.18
 71
5
  1
4.00
  7
OpenSansCondensed-Light
 50
90.0
  0
POINT
  5
26D
330
262
100
AcDbEntity
  8
Defpoints
100
AcDbPoint
 10
-1.0
 20
7.6
 30
0.0
  0
POINT
  5
26E
330
262
100
AcDbEntity
  8
Defpoints
100
AcDbPoint
 10
0.0
 20
7.6
 30
0.0
  0
POINT
  5
26F
330
262
100
AcDbEntity
  8
Defpoints
100
AcDbPoint
 10
0.0
 20
11.6
 30
0.0
  0
ENDBLK
  5
264
330
262
100
AcDbEntity
  8
0
100
AcDbBlockEnd
  0
BLOCK
  5
272
330
271
100
AcDbEntity
  8
0
100
AcDbBlockBegin
  2
*D15
 70
1
 10
0.0
 20
0.0
 30
0.0
  3
*D15
  1

  0
LINE
  5
274
330
271
100
AcDbEntity
  8
0
100
AcDbLine
 10
-0.08
 20
11.6
 30
0.0
 11
-1.375
 21
11.6
 31
0.0
  0
LINE
  5
275
330
271
100
AcDbEntity
  8
0
100
AcDbLine
 10
-0.08
 20
11.75
 30
0.0
 11
-1.375
 21
11.75
 31
0.0
  0
INSERT
  5
276
330
271
100
AcDbEntity
  8
A-ANNO-DIMS
100
AcDbBlockReference
  2
_ARCHTICK
 10
-1.0
 20
11.6
 30
0.0
 41
0.12
 42
0.12
 50
90.0
  0
INSERT
  5
278
330
271
100
AcDbEntity
  8
A-ANNO-DIMS
100
AcDbBlockReference
  2
_ARCHTICK
 10
-1.0
 20
11.75
 30
0.0
 41
0.12
 42
0.12
 50
270.0
  0
LINE
  5
27A
330
271
100
AcDbEntity
  8
0
100
AcDbLine
 10
-1.0
 20
11.6
 30
0.0
 11
-1.0
 21
11.75
 31
0.0
  0
MTEXT
  5
27B
330
271
100
AcDbEntity
  8
A-ANNO-DIMS
100
AcDbMText
 10
-1.565
 20
11.675
 30
0.0
 40
0.18
 71
5
  1
0.15
  7
OpenSansCondensed-Light
 50
90.0
  0
POINT
  5
27C
330
271
100
AcDbEntity
  8
Defpoints
100
AcDbPoint
 10
-1.0
 20
11.6
 30
0.0
  0
POINT
  5
27D
330
271
100
AcDbEntity
  8
Defpoints
100
AcDbPoint
 10
0.0
 20
11.6
 30
0.0
  0
POINT
  5
27E
330
271
100
AcDbEntity
  8
Defpoints
100
AcDbPoint
 10
0.0
 20
11.75
 30
0.0
  0
ENDBLK
  5
273
330
271
100
AcDbEntity
  8
0
100
AcDbBlockEnd
  0
BLOCK
  5
281
330
280
100
AcDbEntity
  8
0
100
AcDbBlockBegin
  2
*D16
 70
1
 10
0.0
 20
0.0
 30
0.0
  3
*D16
  1

  0
LINE
  5
283
330
280
100
AcDbEntity
  8
0
100
AcDbLine
 10
-0.08
 20
11.75
 30
0.0
 11
-1.375
 21
11.75
 31
0.0
  0
LINE
  5
284
330
280
100
AcDbEntity
  8
0
100
AcDbLine
 10
-0.08
 20
16.75
 30
0.0
 11
-1.375
 21
16.75
 31
0.0
  0
INSERT
  5
285
330
280
100
AcDbEntity
  8
A-ANNO-DIMS
100
AcDbBlockReference
  2
_ARCHTICK
 10
-1.0
 20
11.75
 30
0.0
 41
0.12
 42
0.12
 50
270.0
  0
INSERT
  5
287
330
280
100
AcDbEntity
  8
A-ANNO-DIMS
100
AcDbBlockReference
  2
_ARCHTICK
 10
-1.0
 20
16.75
 30
0.0
 41
0.12
 42
0.12
 50
90.0
  0
LINE
  5
289
330
280
100
AcDbEntity
  8
0
100
AcDbLine
 10
-1.0
 20
11.75
 30
0.0
 11
-1.0
 21
16.75
 31
0.0
  0
MTEXT
  5
28A
330
280
100
AcDbEntity
  8
A-ANNO-DIMS
100
AcDbMText
 10
-1.19
 20
14.25
 30
0.0
 40
0.18
 71
5
  1
5.00
  7
OpenSansCondensed-Light
 50
90.0
  0
POINT
  5
28B
330
280
100
AcDbEntity
  8
Defpoints
100
AcDbPoint
 10
-1.0
 20
11.75
 30
0.0
  0
POINT
  5
28C
330
280
100
AcDbEntity
  8
Defpoints
100
AcDbPoint
 10
0.0
 20
11.75
 30
0.0
  0
POINT
  5
28D
330
280
100
AcDbEntity
  8
Defpoints
100
AcDbPoint
 10
0.0
 20
16.75
 30
0.0
  0
ENDBLK
  5
282
330
280
100
AcDbEntity
  8
0
100
AcDbBlockEnd
  0
BLOCK
  5
290
330
28F
100
AcDbEntity
  8
0
100
AcDbBlockBegin
  2
*D17
 70
1
 10
0.0
 20
0.0
 30
0.0
  3
*D17
  1

  0
LINE
  5
292
330
28F
100
AcDbEntity
  8
0
100
AcDbLine
 10
-0.08
 20
16.75
 30
0.0
 11
-1.375
 21
16.75
 31
0.0
  0
LINE
  5
293
330
28F
100
AcDbEntity
  8
0
100
AcDbLine
 10
-0.08
 20
16.9
 30
0.0
 11
-1.375
 21
16.9
 31
0.0
  0
INSERT
  5
294
330
28F
100
AcDbEntity
  8
A-ANNO-DIMS
100
AcDbBlockReference
  2
_ARCHTICK
 10
-1.0
 20
16.75
 30
0.0
 41
0.12
 42
0.12
 50
90.0
  0
INSERT
  5
296
330
28F
100
AcDbEntity
  8
A-ANNO-DIMS
100
AcDbBlockReference
  2
_ARCHTICK
 10
-1.0
 20
16.9
 30
0.0
 41
0.12
 42
0.12
 50
270.0
  0
LINE
  5
298
330
28F
100
AcDbEntity
  8
0
100
AcDbLine
 10
-1.0
 20
16.75
 30
0.0
 11
-1.0
 21
16.9
 31
0.0
  0
MTEXT
  5
299
330
28F
100
AcDbEntity
  8
A-ANNO-DIMS
100
AcDbMText
 10
-1.565
 20
16.825
 30
0.0
 40
0.18
 71
5
  1
0.15
  7
OpenSansCondensed-Light
 50
90.0
  0
POINT
  5
29A
330
28F
100
AcDbEntity
  8
Defpoints
100
AcDbPoint
 10
-1.0
 20
16.75
 30
0.0
  0
POINT
  5
29B
330
28F
100
AcDbEntity
  8
Defpoints
100
AcDbPoint
 10
0.0
 20
16.75
 30
0.0
  0
POINT
  5
29C
330
28F
100
AcDbEntity
  8
Defpoints
100
AcDbPoint
 10
0.0
 20
16.9
 30
0.0
  0
ENDBLK
  5
291
330
28F
100
AcDbEntity
  8
0
100
AcDbBlockEnd
  0
BLOCK
  5
29F
330
29E
100
AcDbEntity
  8
0
100
AcDbBlockBegin
  2
*D18
 70
1
 10
0.0
 20
0.0
 30
0.0
  3
*D18
  1

  0
LINE
  5
2A1
330
29E
100
AcDbEntity
  8
0
100
AcDbLine
 10
-0.08
 20
16.9
 30
0.0
 11
-1.375
 21
16.9
 31
0.0
  0
LINE
  5
2A2
330
29E
100
AcDbEntity
  8
0
100
AcDbLine
 10
-0.08
 20
20.9
 30
0.0
 11
-1.375
 21
20.9
 31
0.0
  0
INSERT
  5
2A3
330
29E
100
AcDbEntity
  8
A-ANNO-DIMS
100
AcDbBlockReference
  2
_ARCHTICK
 10
-1.0
 20
16.9
 30
0.0
 41
0.12
 42
0.12
 50
270.0
  0
INSERT
  5
2A5
330
29E
100
AcDbEntity
  8
A-ANNO-DIMS
100
AcDbBlockReference
  2
_ARCHTICK
 10
-1.0
 20
20.9
 30
0.0
 41
0.12
 42
0.12
 50
90.0
  0
LINE
  5
2A7
330
29E
100
AcDbEntity
  8
0
100
AcDbLine
 10
-1.0
 20
16.9
 30
0.0
 11
-1.0
 21
20.9
 31
0.0
  0
MTEXT
  5
2A8
330
29E
100
AcDbEntity
  8
A-ANNO-DIMS
100
AcDbMText
 10
-1.19
 20
18.9
 30
0.0
 40
0.18
 71
5
  1
4.00
  7
OpenSansCondensed-Light
 50
90.0
  0
POINT
  5
2A9
330
29E
100
AcDbEntity
  8
Defpoints
100
AcDbPoint
 10
-1.0
 20
16.9
 30
0.0
  0
POINT
  5
2AA
330
29E
100
AcDbEntity
  8
Defpoints
100
AcDbPoint
 10
0.0
 20
16.9
 30
0.0
  0
POINT
  5
2AB
330
29E
100
AcDbEntity
  8
Defpoints
100
AcDbPoint
 10
0.0
 20
20.9
 30
0.0
  0
ENDBLK
  5
2A0
330
29E
100
AcDbEntity
  8
0
100
AcDbBlockEnd
  0
BLOCK
  5
2AE
330
2AD
100
AcDbEntity
  8
0
100
AcDbBlockBegin
  2
*D19
 70
1
 10
0.0
 20
0.0
 30
0.0
  3
*D19
  1

  0
LINE
  5
2B0
330
2AD
100
AcDbEntity
  8
0
100
AcDbLine
 10
-0.08
 20
20.9
 30
0.0
 11
-1.375
 21
20.9
 31
0.0
  0
LINE
  5
2B1
330
2AD
100
AcDbEntity
  8
0
100
AcDbLine
 10
-0.08
 20
21.05
 30
0.0
 11
-1.375
 21
21.05
 31
0.0
  0
INSERT
  5
2B2
330
2AD
100
AcDbEntity
  8
A-ANNO-DIMS
100
AcDbBlockReference
  2
_ARCHTICK
 10
-1.0
 20
20.9
 30
0.0
 41
0.12
 42
0.12
 50
90.0
  0
INSERT
  5
2B4
330
2AD
100
AcDbEntity
  8
A-ANNO-DIMS
100
AcDbBlockReference
  2
_ARCHTICK
 10
-1.0
 20
21.05
 30
0.0
 41
0.12
 42
0.12
 50
270.0
  0
LINE
  5
2B6
330
2AD
100
AcDbEntity
  8
0
100
AcDbLine
 10
-1.0
 20
20.9
 30
0.0
 11
-1.0
 21
21.05
 31
0.0
  0
MTEXT
  5
2B7
330
2AD
100
AcDbEntity
  8
A-ANNO-DIMS
100
AcDbMText
 10
-1.565
 20
20.975
 30
0.0
 40
0.18
 71
5
  1
0.15
  7
OpenSansCondensed-Light
 50
90.0
  0
POINT
  5
2B8
330
2AD
100
AcDbEntity
  8
Defpoints
100
AcDbPoint
 10
-1.0
 20
20.9
 30
0.0
  0
POINT
  5
2B9
330
2AD
100
AcDbEntity
  8
Defpoints
100
AcDbPoint
 10
0.0
 20
20.9
 30
0.0
  0
POINT
  5
2BA
330
2AD
100
AcDbEntity
  8
Defpoints
100
AcDbPoint
 10
0.0
 20
21.05
 30
0.0
  0
ENDBLK
  5
2AF
330
2AD
100
AcDbEntity
  8
0
100
AcDbBlockEnd
  0
BLOCK
  5
2BD
330
2BC
100
AcDbEntity
  8
0
100
AcDbBlockBegin
  2
*D20
 70
1
 10
0.0
 20
0.0
 30
0.0
  3
*D20
  1

  0
LINE
  5
2BF
330
2BC
100
AcDbEntity
  8
0
100
AcDbLine
 10
-0.08
 20
21.05
 30
0.0
 11
-1.375
 21
21.05
 31
0.0
  0
LINE
  5
2C0
330
2BC
100
AcDbEntity
  8
0
100
AcDbLine
 10
-0.08
 20
22.55
 30
0.0
 11
-1.375
 21
22.55
 31
0.0
  0
INSERT
  5
2C1
330
2BC
100
AcDbEntity
  8
A-ANNO-DIMS
100
AcDbBlockReference
  2
_ARCHTICK
 10
-1.0
 20
21.05
 30
0.0
 41
0.12
 42
0.12
 50
270.0
  0
INSERT
  5
2C3
330
2BC
100
AcDbEntity
  8
A-ANNO-DIMS
100
AcDbBlockReference
  2
_ARCHTICK
 10
-1.0
 20
22.55
 30
0.0
 41
0.12
 42
0.12
 50
90.0
  0
LINE
  5
2C5
330
2BC
100
AcDbEntity
  8
0
100
AcDbLine
 10
-1.0
 20
21.05
 30
0.0
 11
-1.0
 21
22.55
 31
0.0
  0
MTEXT
  5
2C6
330
2BC
100
AcDbEntity
  8
A-ANNO-DIMS
100
AcDbMText
 10
-1.19
 20
21.8
 30
0.0
 40
0.18
 71
5
  1
1.50
  7
OpenSansCondensed-Light
 50
90.0
  0
POINT
  5
2C7
330
2BC
100
AcDbEntity
  8
Defpoints
100
AcDbPoint
 10
-1.0
 20
21.05
 30
0.0
  0
POINT
  5
2C8
330
2BC
100
AcDbEntity
  8
Defpoints
100
AcDbPoint
 10
0.0
 20
21.05
 30
0.0
  0
POINT
  5
2C9
330
2BC
100
AcDbEntity
  8
Defpoints
100
AcDbPoint
 10
0.0
 20
22.55
 30
0.0
  0
ENDBLK
  5
2BE
330
2BC
100
AcDbEntity
  8
0
100
AcDbBlockEnd
  0
BLOCK
  5
2CC
330
2CB
100
AcDbEntity
  8
0
100
AcDbBlockBegin
  2
*D21
 70
1
 10
0.0
 20
0.0
 30
0.0
  3
*D21
  1

  0
LINE
  5
2CE
330
2CB
100
AcDbEntity
  8
0
100
AcDbLine
 10
-0.08
 20
22.55
 30
0.0
 11
-1.375
 21
22.55
 31
0.0
  0
LINE
  5
2CF
330
2CB
100
AcDbEntity
  8
0
100
AcDbLine
 10
-0.08
 20
22.7
 30
0.0
 11
-1.375
 21
22.7
 31
0.0
  0
INSERT
  5
2D0
330
2CB
100
AcDbEntity
  8
A-ANNO-DIMS
100
AcDbBlockReference
  2
_ARCHTICK
 10
-1.0
 20
22.55
 30
0.0
 41
0.12
 42
0.12
 50
90.0
  0
INSERT
  5
2D2
330
2CB
100
AcDbEntity
  8
A-ANNO-DIMS
100
AcDbBlockReference
  2
_ARCHTICK
 10
-1.0
 20
22.7
 30
0.0
 41
0.12
 42
0.12
 50
270.0
  0
LINE
  5
2D4
330
2CB
100
AcDbEntity
  8
0
100
AcDbLine
 10
-1.0
 20
22.55
 30
0.0
 11
-1.0
 21
22.7
 31
0.0
  0
MTEXT
  5
2D5
330
2CB
100
AcDbEntity
  8
A-ANNO-DIMS
100
AcDbMText
 10
-1.565
 20
22.625
 30
0.0
 40
0.18
 71
5
  1
0.15
  7
OpenSansCondensed-Light
 50
90.0
  0
POINT
  5
2D6
330
2CB
100
AcDbEntity
  8
Defpoints
100
AcDbPoint
 10
-1.0
 20
22.55
 30
0.0
  0
POINT
  5
2D7
330
2CB
100
AcDbEntity
  8
Defpoints
100
AcDbPoint
 10
0.0
 20
22.55
 30
0.0
  0
POINT
  5
2D8
330
2CB
100
AcDbEntity
  8
Defpoints
100
AcDbPoint
 10
0.0
 20
22.7
 30
0.0
  0
ENDBLK
  5
2CD
330
2CB
100
AcDbEntity
  8
0
100
AcDbBlockEnd
  0
BLOCK
  5
2DB
330
2DA
100
AcDbEntity
  8
0
100
AcDbBlockBegin
  2
*D22
 70
1
 10
0.0
 20
0.0
 30
0.0
  3
*D22
  1

  0
LINE
  5
2DD
330
2DA
100
AcDbEntity
  8
0
100
AcDbLine
 10
-0.08
 20
22.7
 30
0.0
 11
-1.375
 21
22.7
 31
0.0
  0
LINE
  5
2DE
330
2DA
100
AcDbEntity
  8
0
100
AcDbLine
 10
-0.08
 20
27.7
 30
0.0
 11
-1.375
 21
27.7
 31
0.0
  0
INSERT
  5
2DF
330
2DA
100
AcDbEntity
  8
A-ANNO-DIMS
100
AcDbBlockReference
  2
_ARCHTICK
 10
-1.0
 20
22.7
 30
0.0
 41
0.12
 42
0.12
 50
270.0
  0
INSERT
  5
2E1
330
2DA
100
AcDbEntity
  8
A-ANNO-DIMS
100
AcDbBlockReference
  2
_ARCHTICK
 10
-1.0
 20
27.7
 30
0.0
 41
0.12
 42
0.12
 50
90.0
  0
LINE
  5
2E3
330
2DA
100
AcDbEntity
  8
0
100
AcDbLine
 10
-1.0
 20
22.7
 30
0.0
 11
-1.0
 21
27.7
 31
0.0
  0
MTEXT
  5
2E4
330
2DA
100
AcDbEntity
  8
A-ANNO-DIMS
100
AcDbMText
 10
-1.19
 20
25.2
 30
0.0
 40
0.18
 71
5
  1
5.00
  7
OpenSansCondensed-Light
 50
90.0
  0
POINT
  5
2E5
330
2DA
100
AcDbEntity
  8
Defpoints
100
AcDbPoint
 10
-1.0
 20
22.7
 30
0.0
  0
POINT
  5
2E6
330
2DA
100
AcDbEntity
  8
Defpoints
100
AcDbPoint
 10
0.0
 20
22.7
 30
0.0
  0
POINT
  5
2E7
330
2DA
100
AcDbEntity
  8
Defpoints
100
AcDbPoint
 10
0.0
 20
27.7
 30
0.0
  0
ENDBLK
  5
2DC
330
2DA
100
AcDbEntity
  8
0
100
AcDbBlockEnd
  0
BLOCK
  5
2EA
330
2E9
100
AcDbEntity
  8
0
100
AcDbBlockBegin
  2
*D23
 70
1
 10
0.0
 20
0.0
 30
0.0
  3
*D23
  1

  0
LINE
  5
2EC
330
2E9
100
AcDbEntity
  8
0
100
AcDbLine
 10
-0.08
 20
27.7
 30
0.0
 11
-1.375
 21
27.7
 31
0.0
  0
LINE
  5
2ED
330
2E9
100
AcDbEntity
  8
0
100
AcDbLine
 10
-0.08
 20
28.0
 30
0.0
 11
-1.375
 21
28.0
 31
0.0
  0
INSERT
  5
2EE
330
2E9
100
AcDbEntity
  8
A-ANNO-DIMS
100
AcDbBlockReference
  2
_ARCHTICK
 10
-1.0
 20
27.7
 30
0.0
 41
0.12
 42
0.12
 50
90.0
  0
INSERT
  5
2F0
330
2E9
100
AcDbEntity
  8
A-ANNO-DIMS
100
AcDbBlockReference
  2
_ARCHTICK
 10
-1.0
 20
28.0
 30
0.0
 41
0.12
 42
0.12
 50
270.0
  0
LINE
  5
2F2
330
2E9
100
AcDbEntity
  8
0
100
AcDbLine
 10
-1.0
 20
27.7
 30
0.0
 11
-1.0
 21
28.0
 31
0.0
  0
MTEXT
  5
2F3
330
2E9
100
AcDbEntity
  8
A-ANNO-DIMS
100
AcDbMText
 10
-1.565
 20
27.85
 30
0.0
 40
0.18
 71
5
  1
0.30
  7
OpenSansCondensed-Light
 50
90.0
  0
POINT
  5
2F4
330
2E9
100
AcDbEntity
  8
Defpoints
100
AcDbPoint
 10
-1.0
 20
27.7
 30
0.0
  0
POINT
  5
2F5
330
2E9
100
AcDbEntity
  8
Defpoints
100
AcDbPoint
 10
0.0
 20
27.7
 30
0.0
  0
POINT
  5
2F6
330
2E9
100
AcDbEntity
  8
Defpoints
100
AcDbPoint
 10
0.0
 20
28.0
 30
0.0
  0
ENDBLK
  5
2EB
330
2E9
100
AcDbEntity
  8
0
100
AcDbBlockEnd
  0
BLOCK
  5
2F9
330
2F8
100
AcDbEntity
  8
0
100
AcDbBlockBegin
  2
*D24
 70
1
 10
0.0
 20
0.0
 30
0.0
  3
*D24
  1

  0
LINE
  5
2FB
330
2F8
100
AcDbEntity
  8
0
100
AcDbLine
 10
-0.08
 20
0.0
 30
0.0
 11
-2.375
 21
0.0
 31
0.0
  0
LINE
  5
2FC
330
2F8
100
AcDbEntity
  8
0
100
AcDbLine
 10
-0.08
 20
28.0
 30
0.0
 11
-2.375
 21
28.0
 31
0.0
  0
INSERT
  5
2FD
330
2F8
100
AcDbEntity
  8
A-ANNO-DIMS
100
AcDbBlockReference
  2
_ARCHTICK
 10
-2.0
 20
0.0
 30
0.0
 41
0.12
 42
0.12
 50
270.0
  0
INSERT
  5
2FF
330
2F8
100
AcDbEntity
  8
A-ANNO-DIMS
100
AcDbBlockReference
  2
_ARCHTICK
 10
-2.0
 20
28.0
 30
0.0
 41
0.12
 42
0.12
 50
90.0
  0
LINE
  5
301
330
2F8
100
AcDbEntity
  8
0
100
AcDbLine
 10
-2.0
 20
0.0
 30
0.0
 11
-2.0
 21
28.0
 31
0.0
  0
MTEXT
  5
302
330
2F8
100
AcDbEntity
  8
A-ANNO-DIMS
100
AcDbMText
 10
-2.19
 20
14.0
 30
0.0
 40
0.18
 71
5
  1
28.00
  7
OpenSansCondensed-Light
 50
90.0
  0
POINT
  5
303
330
2F8
100
AcDbEntity
  8
Defpoints
100
AcDbPoint
 10
-2.0
 20
0.0
 30
0.0
  0
POINT
  5
304
330
2F8
100
AcDbEntity
  8
Defpoints
100
AcDbPoint
 10
0.0
 20
0.0
 30
0.0
  0
POINT
  5
305
330
2F8
100
AcDbEntity
  8
Defpoints
100
AcDbPoint
 10
0.0
 20
28.0
 30
0.0
  0
ENDBLK
  5
2FA
330
2F8
100
AcDbEntity
  8
0
100
AcDbBlockEnd
  0
BLOCK
  5
403
330
402
100
AcDbEntity
  8
0
100
AcDbBlockBegin
  2
*D25
 70
1
 10
0.0
 20
0.0
 30
0.0
  3
*D25
  1

  0
LINE
  5
405
330
402
100
AcDbEntity
  8
0
100
AcDbLine
 10
32.0
 20
-0.08
 30
0.0
 11
32.0
 21
-2.575
 31
0.0
  0
LINE
  5
406
330
402
100
AcDbEntity
  8
0
100
AcDbLine
 10
32.3
 20
-0.08
 30
0.0
 11
32.3
 21
-2.575
 31
0.0
  0
INSERT
  5
407
330
402
100
AcDbEntity
  8
A-ANNO-DIMS
100
AcDbBlockReference
  2
_ARCHTICK
 10
32.0
 20
-2.2
 30
0.0
 41
0.12
 42
0.12
  0
INSERT
  5
409
330
402
100
AcDbEntity
  8
A-ANNO-DIMS
100
AcDbBlockReference
  2
_ARCHTICK
 10
32.3
 20
-2.2
 30
0.0
 41
0.12
 42
0.12
 50
180.0
  0
LINE
  5
40B
330
402
100
AcDbEntity
  8
0
100
AcDbLine
 10
32.0
 20
-2.2
 30
0.0
 11
32.3
 21
-2.2
 31
0.0
  0
MTEXT
  5
40C
330
402
100
AcDbEntity
  8
A-ANNO-DIMS
100
AcDbMText
 10
32.15
 20
-1.6350000000000002
 30
0.0
 40
0.18
 71
5
  1
0.30
  7
OpenSansCondensed-Light
  0
POINT
  5
40D
330
402
100
AcDbEntity
  8
Defpoints
100
AcDbPoint
 10
32.0
 20
-2.2
 30
0.0
  0
POINT
  5
40E
330
402
100
AcDbEntity
  8
Defpoints
100
AcDbPoint
 10
32.0
 20
0.0
 30
0.0
  0
POINT
  5
40F
330
402
100
AcDbEntity
  8
Defpoints
100
AcDbPoint
 10
32.3
 20
0.0
 30
0.0
  0
ENDBLK
  5
404
330
402
100
AcDbEntity
  8
0
100
AcDbBlockEnd
  0
BLOCK
  5
412
330
411
100
AcDbEntity
  8
0
100
AcDbBlockBegin
  2
*D26
 70
1
 10
0.0
 20
0.0
 30
0.0
  3
*D26
  1

  0
LINE
  5
414
330
411
100
AcDbEntity
  8
0
100
AcDbLine
 10
32.3
 20
-0.08
 30
0.0
 11
32.3
 21
-2.575
 31
0.0
  0
LINE
  5
415
330
411
100
AcDbEntity
  8
0
100
AcDbLine
 10
39.2
 20
-0.08
 30
0.0
 11
39.2
 21
-2.575
 31
0.0
  0
INSERT
  5
416
330
411
100
AcDbEntity
  8
A-ANNO-DIMS
100
AcDbBlockReference
  2
_ARCHTICK
 10
32.3
 20
-2.2
 30
0.0
 41
0.12
 42
0.12
 50
180.0
  0
INSERT
  5
418
330
411
100
AcDbEntity
  8
A-ANNO-DIMS
100
AcDbBlockReference
  2
_ARCHTICK
 10
39.2
 20
-2.2
 30
0.0
 41
0.12
 42
0.12
  0
LINE
  5
41A
330
411
100
AcDbEntity
  8
0
100
AcDbLine
 10
32.3
 20
-2.2
 30
0.0
 11
39.2
 21
-2.2
 31
0.0
  0
MTEXT
  5
41B
330
411
100
AcDbEntity
  8
A-ANNO-DIMS
100
AcDbMText
 10
35.75
 20
-2.0100000000000002
 30
0.0
 40
0.18
 71
5
  1
6.90
  7
OpenSansCondensed-Light
  0
POINT
  5
41C
330
411
100
AcDbEntity
  8
Defpoints
100
AcDbPoint
 10
32.3
 20
-2.2
 30
0.0
  0
POINT
  5
41D
330
411
100
AcDbEntity
  8
Defpoints
100
AcDbPoint
 10
32.3
 20
0.0
 30
0.0
  0
POINT
  5
41E
330
411
100
AcDbEntity
  8
Defpoints
100
AcDbPoint
 10
39.2
 20
0.0
 30
0.0
  0
ENDBLK
  5
413
330
411
100
AcDbEntity
  8
0
100
AcDbBlockEnd
  0
BLOCK
  5
421
330
420
100
AcDbEntity
  8
0
100
AcDbBlockBegin
  2
*D27
 70
1
 10
0.0
 20
0.0
 30
0.0
  3
*D27
  1

  0
LINE
  5
423
330
420
100
AcDbEntity
  8
0
100
AcDbLine
 10
39.2
 20
-0.08
 30
0.0
 11
39.2
 21
-2.575
 31
0.0
  0
LINE
  5
424
330
420
100
AcDbEntity
  8
0
100
AcDbLine
 10
39.45
 20
-0.08
 30
0.0
 11
39.45
 21
-2.575
 31
0.0
  0
INSERT
  5
425
330
420
100
AcDbEntity
  8
A-ANNO-DIMS
100
AcDbBlockReference
  2
_ARCHTICK
 10
39.2
 20
-2.2
 30
0.0
 41
0.12
 42
0.12
  0
INSERT
  5
427
330
420
100
AcDbEntity
  8
A-ANNO-DIMS
100
AcDbBlockReference
  2
_ARCHTICK
 10
39.45
 20
-2.2
 30
0.0
 41
0.12
 42
0.12
 50
180.0
  0
LINE
  5
429
330
420
100
AcDbEntity
  8
0
100
AcDbLine
 10
39.2
 20
-2.2
 30
0.0
 11
39.45
 21
-2.2
 31
0.0
  0
MTEXT
  5
42A
330
420
100
AcDbEntity
  8
A-ANNO-DIMS
100
AcDbMText
 10
39.325
 20
-1.6350000000000002
 30
0.0
 40
0.18
 71
5
  1
0.25
  7
OpenSansCondensed-Light
  0
POINT
  5
42B
330
420
100
AcDbEntity
  8
Defpoints
100
AcDbPoint
 10
39.2
 20
-2.2
 30
0.0
  0
POINT
  5
42C
330
420
100
AcDbEntity
  8
Defpoints
100
AcDbPoint
 10
39.2
 20
0.0
 30
0.0
  0
POINT
  5
42D
330
420
100
AcDbEntity
  8
Defpoints
100
AcDbPoint
 10
39.45
 20
0.0
 30
0.0
  0
ENDBLK
  5
422
330
420
100
AcDbEntity
  8
0
100
AcDbBlockEnd
  0
BLOCK
  5
430
330
42F
100
AcDbEntity
  8
0
100
AcDbBlockBegin
  2
*D28
 70
1
 10
0.0
 20
0.0
 30
0.0
  3
*D28
  1

  0
LINE
  5
432
330
42F
100
AcDbEntity
  8
0
100
AcDbLine
 10
39.45
 20
-0.08
 30
0.0
 11
39.45
 21
-2.575
 31
0.0
  0
LINE
  5
433
330
42F
100
AcDbEntity
  8
0
100
AcDbLine
 10
43.7
 20
-0.08
 30
0.0
 11
43.7
 21
-2.575
 31
0.0
  0
INSERT
  5
434
330
42F
100
AcDbEntity
  8
A-ANNO-DIMS
100
AcDbBlockReference
  2
_ARCHTICK
 10
39.45
 20
-2.2
 30
0.0
 41
0.12
 42
0.12
 50
180.0
  0
INSERT
  5
436
330
42F
100
AcDbEntity
  8
A-ANNO-DIMS
100
AcDbBlockReference
  2
_ARCHTICK
 10
43.7
 20
-2.2
 30
0.0
 41
0.12
 42
0.12
  0
LINE
  5
438
330
42F
100
AcDbEntity
  8
0
100
AcDbLine
 10
39.45
 20
-2.2
 30
0.0
 11
43.7
 21
-2.2
 31
0.0
  0
MTEXT
  5
439
330
42F
100
AcDbEntity
  8
A-ANNO-DIMS
100
AcDbMText
 10
41.575
 20
-2.0100000000000002
 30
0.0
 40
0.18
 71
5
  1
4.25
  7
OpenSansCondensed-Light
  0
POINT
  5
43A
330
42F
100
AcDbEntity
  8
Defpoints
100
AcDbPoint
 10
39.45
 20
-2.2
 30
0.0
  0
POINT
  5
43B
330
42F
100
AcDbEntity
  8
Defpoints
100
AcDbPoint
 10
39.45
 20
0.0
 30
0.0
  0
POINT
  5
43C
330
42F
100
AcDbEntity
  8
Defpoints
100
AcDbPoint
 10
43.7
 20
0.0
 30
0.0
  0
ENDBLK
  5
431
330
42F
100
AcDbEntity
  8
0
100
AcDbBlockEnd
  0
BLOCK
  5
43F
330
43E
100
AcDbEntity
  8
0
100
AcDbBlockBegin
  2
*D29
 70
1
 10
0.0
 20
0.0
 30
0.0
  3
*D29
  1

  0
LINE
  5
441
330
43E
100
AcDbEntity
  8
0
100
AcDbLine
 10
43.7
 20
-0.08
 30
0.0
 11
43.7
 21
-2.575
 31
0.0
  0
LINE
  5
442
330
43E
100
AcDbEntity
  8
0
100
AcDbLine
 10
43.95
 20
-0.08
 30
0.0
 11
43.95
 21
-2.575
 31
0.0
  0
INSERT
  5
443
330
43E
100
AcDbEntity
  8
A-ANNO-DIMS
100
AcDbBlockReference
  2
_ARCHTICK
 10
43.7
 20
-2.2
 30
0.0
 41
0.12
 42
0.12
  0
INSERT
  5
445
330
43E
100
AcDbEntity
  8
A-ANNO-DIMS
100
AcDbBlockReference
  2
_ARCHTICK
 10
43.95
 20
-2.2
 30
0.0
 41
0.12
 42
0.12
 50
180.0
  0
LINE
  5
447
330
43E
100
AcDbEntity
  8
0
100
AcDbLine
 10
43.7
 20
-2.2
 30
0.0
 11
43.95
 21
-2.2
 31
0.0
  0
MTEXT
  5
448
330
43E
100
AcDbEntity
  8
A-ANNO-DIMS
100
AcDbMText
 10
43.825
 20
-1.6350000000000002
 30
0.0
 40
0.18
 71
5
  1
0.25
  7
OpenSansCondensed-Light
  0
POINT
  5
449
330
43E
100
AcDbEntity
  8
Defpoints
100
AcDbPoint
 10
43.7
 20
-2.2
 30
0.0
  0
POINT
  5
44A
330
43E
100
AcDbEntity
  8
Defpoints
100
AcDbPoint
 10
43.7
 20
0.0
 30
0.0
  0
POINT
  5
44B
330
43E
100
AcDbEntity
  8
Defpoints
100
AcDbPoint
 10
43.95
 20
0.0
 30
0.0
  0
ENDBLK
  5
440
330
43E
100
AcDbEntity
  8
0
100
AcDbBlockEnd
  0
BLOCK
  5
44E
330
44D
100
AcDbEntity
  8
0
100
AcDbBlockBegin
  2
*D30
 70
1
 10
0.0
 20
0.0
 30
0.0
  3
*D30
  1

  0
LINE
  5
450
330
44D
100
AcDbEntity
  8
0
100
AcDbLine
 10
43.95
 20
-0.08
 30
0.0
 11
43.95
 21
-2.575
 31
0.0
  0
LINE
  5
451
330
44D
100
AcDbEntity
  8
0
100
AcDbLine
 10
50.849999999999994
 20
-0.08
 30
0.0
 11
50.849999999999994
 21
-2.575
 31
0.0
  0
INSERT
  5
452
330
44D
100
AcDbEntity
  8
A-ANNO-DIMS
100
AcDbBlockReference
  2
_ARCHTICK
 10
43.95
 20
-2.2
 30
0.0
 41
0.12
 42
0.12
 50
180.0
  0
INSERT
  5
454
330
44D
100
AcDbEntity
  8
A-ANNO-DIMS
100
AcDbBlockReference
  2
_ARCHTICK
 10
50.849999999999994
 20
-2.2
 30
0.0
 41
0.12
 42
0.12
  0
LINE
  5
456
330
44D
100
AcDbEntity
  8
0
100
AcDbLine
 10
43.95
 20
-2.2
 30
0.0
 11
50.849999999999994
 21
-2.2
 31
0.0
  0
MTEXT
  5
457
330
44D
100
AcDbEntity
  8
A-ANNO-DIMS
100
AcDbMText
 10
47.4
 20
-2.0100000000000002
 30
0.0
 40
0.18
 71
5
  1
6.90
  7
OpenSansCondensed-Light
  0
POINT
  5
458
330
44D
100
AcDbEntity
  8
Defpoints
100
AcDbPoint
 10
43.95
 20
-2.2
 30
0.0
  0
POINT
  5
459
330
44D
100
AcDbEntity
  8
Defpoints
100
AcDbPoint
 10
43.95
 20
0.0
 30
0.0
  0
POINT
  5
45A
330
44D
100
AcDbEntity
  8
Defpoints
100
AcDbPoint
 10
50.849999999999994
 20
0.0
 30
0.0
  0
ENDBLK
  5
44F
330
44D
100
AcDbEntity
  8
0
100
AcDbBlockEnd
  0
BLOCK
  5
45D
330
45C
100
AcDbEntity
  8
0
100
AcDbBlockBegin
  2
*D31
 70
1
 10
0.0
 20
0.0
 30
0.0
  3
*D31
  1

  0
LINE
  5
45F
330
45C
100
AcDbEntity
  8
0
100
AcDbLine
 10
50.849999999999994
 20
-0.08
 30
0.0
 11
50.849999999999994
 21
-2.575
 31
0.0
  0
LINE
  5
460
330
45C
100
AcDbEntity
  8
0
100
AcDbLine
 10
51.15
 20
-0.08
 30
0.0
 11
51.15
 21
-2.575
 31
0.0
  0
INSERT
  5
461
330
45C
100
AcDbEntity
  8
A-ANNO-DIMS
100
AcDbBlockReference
  2
_ARCHTICK
 10
50.849999999999994
 20
-2.2
 30
0.0
 41
0.12
 42
0.12
  0
INSERT
  5
463
330
45C
100
AcDbEntity
  8
A-ANNO-DIMS
100
AcDbBlockReference
  2
_ARCHTICK
 10
51.15
 20
-2.2
 30
0.0
 41
0.12
 42
0.12
 50
180.0
  0
LINE
  5
465
330
45C
100
AcDbEntity
  8
0
100
AcDbLine
 10
50.849999999999994
 20
-2.2
 30
0.0
 11
51.15
 21
-2.2
 31
0.0
  0
MTEXT
  5
466
330
45C
100
AcDbEntity
  8
A-ANNO-DIMS
100
AcDbMText
 10
51.0
 20
-1.6350000000000002
 30
0.0
 40
0.18
 71
5
  1
0.30
  7
OpenSansCondensed-Light
  0
POINT
  5
467
330
45C
100
AcDbEntity
  8
Defpoints
100
AcDbPoint
 10
50.849999999999994
 20
-2.2
 30
0.0
  0
POINT
  5
468
330
45C
100
AcDbEntity
  8
Defpoints
100
AcDbPoint
 10
50.849999999999994
 20
0.0
 30
0.0
  0
POINT
  5
469
330
45C
100
AcDbEntity
  8
Defpoints
100
AcDbPoint
 10
51.15
 20
0.0
 30
0.0
  0
ENDBLK
  5
45E
330
45C
100
AcDbEntity
  8
0
100
AcDbBlockEnd
  0
BLOCK
  5
46C
330
46B
100
AcDbEntity
  8
0
100
AcDbBlockBegin
  2
*D32
 70
1
 10
0.0
 20
0.0
 30
0.0
  3
*D32
  1

  0
LINE
  5
46E
330
46B
100
AcDbEntity
  8
0
100
AcDbLine
 10
32.0
 20
-0.08
 30
0.0
 11
32.0
 21
-3.375
 31
0.0
  0
LINE
  5
46F
330
46B
100
AcDbEntity
  8
0
100
AcDbLine
 10
51.15
 20
-0.08
 30
0.0
 11
51.15
 21
-3.375
 31
0.0
  0
INSERT
  5
470
330
46B
100
AcDbEntity
  8
A-ANNO-DIMS
100
AcDbBlockReference
  2
_ARCHTICK
 10
32.0
 20
-3.0
 30
0.0
 41
0.12
 42
0.12
 50
180.0
  0
INSERT
  5
472
330
46B
100
AcDbEntity
  8
A-ANNO-DIMS
100
AcDbBlockReference
  2
_ARCHTICK
 10
51.15
 20
-3.0
 30
0.0
 41
0.12
 42
0.12
  0
LINE
  5
474
330
46B
100
AcDbEntity
  8
0
100
AcDbLine
 10
32.0
 20
-3.0
 30
0.0
 11
51.15
 21
-3.0
 31
0.0
  0
MTEXT
  5
475
330
46B
100
AcDbEntity
  8
A-ANNO-DIMS
100
AcDbMText
 10
41.575
 20
-2.81
 30
0.0
 40
0.18
 71
5
  1
19.15
  7
OpenSansCondensed-Light
  0
POINT
  5
476
330
46B
100
AcDbEntity
  8
Defpoints
100
AcDbPoint
 10
32.0
 20
-3.0
 30
0.0
  0
POINT
  5
477
330
46B
100
AcDbEntity
  8
Defpoints
100
AcDbPoint
 10
32.0
 20
0.0
 30
0.0
  0
POINT
  5
478
330
46B
100
AcDbEntity
  8
Defpoints
100
AcDbPoint
 10
51.15
 20
0.0
 30
0.0
  0
ENDBLK
  5
46D
330
46B
100
AcDbEntity
  8
0
100
AcDbBlockEnd
  0
BLOCK
  5
47B
330
47A
100
AcDbEntity
  8
0
100
AcDbBlockBegin
  2
*D33
 70
1
 10
0.0
 20
0.0
 30
0.0
  3
*D33
  1

  0
LINE
  5
47D
330
47A
100
AcDbEntity
  8
0
100
AcDbLine
 10
31.92
 20
0.0
 30
0.0
 11
30.625
 21
0.0
 31
0.0
  0
LINE
  5
47E
330
47A
100
AcDbEntity
  8
0
100
AcDbLine
 10
31.92
 20
0.3
 30
0.0
 11
30.625
 21
0.3
 31
0.0
  0
INSERT
  5
47F
330
47A
100
AcDbEntity
  8
A-ANNO-DIMS
100
AcDbBlockReference
  2
_ARCHTICK
 10
31.0
 20
0.0
 30
0.0
 41
0.12
 42
0.12
 50
90.0
  0
INSERT
  5
481
330
47A
100
AcDbEntity
  8
A-ANNO-DIMS
100
AcDbBlockReference
  2
_ARCHTICK
 10
31.0
 20
0.3
 30
0.0
 41
0.12
 42
0.12
 50
270.0
  0
LINE
  5
483
330
47A
100
AcDbEntity
  8
0
100
AcDbLine
 10
31.0
 20
0.0
 30
0.0
 11
31.0
 21
0.3
 31
0.0
  0
MTEXT
  5
484
330
47A
100
AcDbEntity
  8
A-ANNO-DIMS
100
AcDbMText
 10
30.435
 20
0.15
 30
0.0
 40
0.18
 71
5
  1
0.30
  7
OpenSansCondensed-Light
 50
90.0
  0
POINT
  5
485
330
47A
100
AcDbEntity
  8
Defpoints
100
AcDbPoint
 10
31.0
 20
0.0
 30
0.0
  0
POINT
  5
486
330
47A
100
AcDbEntity
  8
Defpoints
100
AcDbPoint
 10
32.0
 20
0.0
 30
0.0
  0
POINT
  5
487
330
47A
100
AcDbEntity
  8
Defpoints
100
AcDbPoint
 10
32.0
 20
0.3
 30
0.0
  0
ENDBLK
  5
47C
330
47A
100
AcDbEntity
  8
0
100
AcDbBlockEnd
  0
BLOCK
  5
48A
330
489
100
AcDbEntity
  8
0
100
AcDbBlockBegin
  2
*D34
 70
1
 10
0.0
 20
0.0
 30
0.0
  3
*D34
  1

  0
LINE
  5
48C
330
489
100
AcDbEntity
  8
0
100
AcDbLine
 10
31.92
 20
0.3
 30
0.0
 11
30.625
 21
0.3
 31
0.0
  0
LINE
  5
48D
330
489
100
AcDbEntity
  8
0
100
AcDbLine
 10
31.92
 20
5.3
 30
0.0
 11
30.625
 21
5.3
 31
0.0
  0
INSERT
  5
48E
330
489
100
AcDbEntity
  8
A-ANNO-DIMS
100
AcDbBlockReference
  2
_ARCHTICK
 10
31.0
 20
0.3
 30
0.0
 41
0.12
 42
0.12
 50
270.0
  0
INSERT
  5
490
330
489
100
AcDbEntity
  8
A-ANNO-DIMS
100
AcDbBlockReference
  2
_ARCHTICK
 10
31.0
 20
5.3
 30
0.0
 41
0.12
 42
0.12
 50
90.0
  0
LINE
  5
492
330
489
100
AcDbEntity
  8
0
100
AcDbLine
 10
31.0
 20
0.3
 30
0.0
 11
31.0
 21
5.3
 31
0.0
  0
MTEXT
  5
493
330
489
100
AcDbEntity
  8
A-ANNO-DIMS
100
AcDbMText
 10
30.81
 20
2.8
 30
0.0
 40
0.18
 71
5
  1
5.00
  7
OpenSansCondensed-Light
 50
90.0
  0
POINT
  5
494
330
489
100
AcDbEntity
  8
Defpoints
100
AcDbPoint
 10
31.0
 20
0.3
 30
0.0
  0
POINT
  5
495
330
489
100
AcDbEntity
  8
Defpoints
100
AcDbPoint
 10
32.0
 20
0.3
 30
0.0
  0
POINT
  5
496
330
489
100
AcDbEntity
  8
Defpoints
100
AcDbPoint
 10
32.0
 20
5.3
 30
0.0
  0
ENDBLK
  5
48B
330
489
100
AcDbEntity
  8
0
100
AcDbBlockEnd
  0
BLOCK
  5
499
330
498
100
AcDbEntity
  8
0
100
AcDbBlockBegin
  2
*D35
 70
1
 10
0.0
 20
0.0
 30
0.0
  3
*D35
  1

  0
LINE
  5
49B
330
498
100
AcDbEntity
  8
0
100
AcDbLine
 10
31.92
 20
5.3
 30
0.0
 11
30.625
 21
5.3
 31
0.0
  0
LINE
  5
49C
330
498
100
AcDbEntity
  8
0
100
AcDbLine
 10
31.92
 20
5.45
 30
0.0
 11
30.625
 21
5.45
 31
0.0
  0
INSERT
  5
49D
330
498
100
AcDbEntity
  8
A-ANNO-DIMS
100
AcDbBlockReference
  2
_ARCHTICK
 10
31.0
 20
5.3
 30
0.0
 41
0.12
 42
0.12
 50
90.0
  0
INSERT
  5
49F
330
498
100
AcDbEntity
  8
A-ANNO-DIMS
100
AcDbBlockReference
  2
_ARCHTICK
 10
31.0
 20
5.45
 30
0.0
 41
0.12
 42
0.12
 50
270.0
  0
LINE
  5
4A1
330
498
100
AcDbEntity
  8
0
100
AcDbLine
 10
31.0
 20
5.3
 30
0.0
 11
31.0
 21
5.45
 31
0.0
  0
MTEXT
  5
4A2
330
498
100
AcDbEntity
  8
A-ANNO-DIMS
100
AcDbMText
 10
30.435
 20
5.375
 30
0.0
 40
0.18
 71
5
  1
0.15
  7
OpenSansCondensed-Light
 50
90.0
  0
POINT
  5
4A3
330
498
100
AcDbEntity
  8
Defpoints
100
AcDbPoint
 10
31.0
 20
5.3
 30
0.0
  0
POINT
  5
4A4
330
498
100
AcDbEntity
  8
Defpoints
100
AcDbPoint
 10
32.0
 20
5.3
 30
0.0
  0
POINT
  5
4A5
330
498
100
AcDbEntity
  8
Defpoints
100
AcDbPoint
 10
32.0
 20
5.45
 30
0.0
  0
ENDBLK
  5
49A
330
498
100
AcDbEntity
  8
0
100
AcDbBlockEnd
  0
BLOCK
  5
4A8
330
4A7
100
AcDbEntity
  8
0
100
AcDbBlockBegin
  2
*D36
 70
1
 10
0.0
 20
0.0
 30
0.0
  3
*D36
  1

  0
LINE
  5
4AA
330
4A7
100
AcDbEntity
  8
0
100
AcDbLine
 10
31.92
 20
5.45
 30
0.0
 11
30.625
 21
5.45
 31
0.0
  0
LINE
  5
4AB
330
4A7
100
AcDbEntity
  8
0
100
AcDbLine
 10
31.92
 20
7.45
 30
0.0
 11
30.625
 21
7.45
 31
0.0
  0
INSERT
  5
4AC
330
4A7
100
AcDbEntity
  8
A-ANNO-DIMS
100
AcDbBlockReference
  2
_ARCHTICK
 10
31.0
 20
5.45
 30
0.0
 41
0.12
 42
0.12
 50
270.0
  0
INSERT
  5
4AE
330
4A7
100
AcDbEntity
  8
A-ANNO-DIMS
100
AcDbBlockReference
  2
_ARCHTICK
 10
31.0
 20
7.45
 30
0.0
 41
0.12
 42
0.12
 50
90.0
  0
LINE
  5
4B0
330
4A7
100
AcDbEntity
  8
0
100
AcDbLine
 10
31.0
 20
5.45
 30
0.0
 11
31.0
 21
7.45
 31
0.0
  0
MTEXT
  5
4B1
330
4A7
100
AcDbEntity
  8
A-ANNO-DIMS
100
AcDbMText
 10
30.81
 20
6.45
 30
0.0
 40
0.18
 71
5
  1
2.00
  7
OpenSansCondensed-Light
 50
90.0
  0
POINT
  5
4B2
330
4A7
100
AcDbEntity
  8
Defpoints
100
AcDbPoint
 10
31.0
 20
5.45
 30
0.0
  0
POINT
  5
4B3
330
4A7
100
AcDbEntity
  8
Defpoints
100
AcDbPoint
 10
32.0
 20
5.45
 30
0.0
  0
POINT
  5
4B4
330
4A7
100
AcDbEntity
  8
Defpoints
100
AcDbPoint
 10
32.0
 20
7.45
 30
0.0
  0
ENDBLK
  5
4A9
330
4A7
100
AcDbEntity
  8
0
100
AcDbBlockEnd
  0
BLOCK
  5
4B7
330
4B6
100
AcDbEntity
  8
0
100
AcDbBlockBegin
  2
*D37
 70
1
 10
0.0
 20
0.0
 30
0.0
  3
*D37
  1

  0
LINE
  5
4B9
330
4B6
100
AcDbEntity
  8
0
100
AcDbLine
 10
31.92
 20
7.45
 30
0.0
 11
30.625
 21
7.45
 31
0.0
  0
LINE
  5
4BA
330
4B6
100
AcDbEntity
  8
0
100
AcDbLine
 10
31.92
 20
7.6
 30
0.0
 11
30.625
 21
7.6
 31
0.0
  0
INSERT
  5
4BB
330
4B6
100
AcDbEntity
  8
A-ANNO-DIMS
100
AcDbBlockReference
  2
_ARCHTICK
 10
31.0
 20
7.45
 30
0.0
 41
0.12
 42
0.12
 50
90.0
  0
INSERT
  5
4BD
330
4B6
100
AcDbEntity
  8
A-ANNO-DIMS
100
AcDbBlockReference
  2
_ARCHTICK
 10
31.0
 20
7.6
 30
0.0
 41
0.12
 42
0.12
 50
270.0
  0
LINE
  5
4BF
330
4B6
100
AcDbEntity
  8
0
100
AcDbLine
 10
31.0
 20
7.45
 30
0.0
 11
31.0
 21
7.6
 31
0.0
  0
MTEXT
  5
4C0
330
4B6
100
AcDbEntity
  8
A-ANNO-DIMS
100
AcDbMText
 10
30.435
 20
7.525
 30
0.0
 40
0.18
 71
5
  1
0.15
  7
OpenSansCondensed-Light
 50
90.0
  0
POINT
  5
4C1
330
4B6
100
AcDbEntity
  8
Defpoints
100
AcDbPoint
 10
31.0
 20
7.45
 30
0.0
  0
POINT
  5
4C2
330
4B6
100
AcDbEntity
  8
Defpoints
100
AcDbPoint
 10
32.0
 20
7.45
 30
0.0
  0
POINT
  5
4C3
330
4B6
100
AcDbEntity
  8
Defpoints
100
AcDbPoint
 10
32.0
 20
7.6
 30
0.0
  0
ENDBLK
  5
4B8
330
4B6
100
AcDbEntity
  8
0
100
AcDbBlockEnd
  0
BLOCK
  5
4C6
330
4C5
100
AcDbEntity
  8
0
100
AcDbBlockBegin
  2
*D38
 70
1
 10
0.0
 20
0.0
 30
0.0
  3
*D38
  1

  0
LINE
  5
4C8
330
4C5
100
AcDbEntity
  8
0
100
AcDbLine
 10
31.92
 20
7.6
 30
0.0
 11
30.625
 21
7.6
 31
0.0
  0
LINE
  5
4C9
330
4C5
100
AcDbEntity
  8
0
100
AcDbLine
 10
31.92
 20
11.6
 30
0.0
 11
30.625
 21
11.6
 31
0.0
  0
INSERT
  5
4CA
330
4C5
100
AcDbEntity
  8
A-ANNO-DIMS
100
AcDbBlockReference
  2
_ARCHTICK
 10
31.0
 20
7.6
 30
0.0
 41
0.12
 42
0.12
 50
270.0
  0
INSERT
  5
4CC
330
4C5
100
AcDbEntity
  8
A-ANNO-DIMS
100
AcDbBlockReference
  2
_ARCHTICK
 10
31.0
 20
11.6
 30
0.0
 41
0.12
 42
0.12
 50
90.0
  0
LINE
  5
4CE
330
4C5
100
AcDbEntity
  8
0
100
AcDbLine
 10
31.0
 20
7.6
 30
0.0
 11
31.0
 21
11.6
 31
0.0
  0
MTEXT
  5
4CF
330
4C5
100
AcDbEntity
  8
A-ANNO-DIMS
100
AcDbMText
 10
30.81
 20
9.6
 30
0.0
 40
0.18
 71
5
  1
4.00
  7
OpenSansCondensed-Light
 50
90.0
  0
POINT
  5
4D0
330
4C5
100
AcDbEntity
  8
Defpoints
100
AcDbPoint
 10
31.0
 20
7.6
 30
0.0
  0
POINT
  5
4D1
330
4C5
100
AcDbEntity
  8
Defpoints
100
AcDbPoint
 10
32.0
 20
7.6
 30
0.0
  0
POINT
  5
4D2
330
4C5
100
AcDbEntity
  8
Defpoints
100
AcDbPoint
 10
32.0
 20
11.6
 30
0.0
  0
ENDBLK
  5
4C7
330
4C5
100
AcDbEntity
  8
0
100
AcDbBlockEnd
  0
BLOCK
  5
4D5
330
4D4
100
AcDbEntity
  8
0
100
AcDbBlockBegin
  2
*D39
 70
1
 10
0.0
 20
0.0
 30
0.0
  3
*D39
  1

  0
LINE
  5
4D7
330
4D4
100
AcDbEntity
  8
0
100
AcDbLine
 10
31.92
 20
11.6
 30
0.0
 11
30.625
 21
11.6
 31
0.0
  0
LINE
  5
4D8
330
4D4
100
AcDbEntity
  8
0
100
AcDbLine
 10
31.92
 20
11.75
 30
0.0
 11
30.625
 21
11.75
 31
0.0
  0
INSERT
  5
4D9
330
4D4
100
AcDbEntity
  8
A-ANNO-DIMS
100
AcDbBlockReference
  2
_ARCHTICK
 10
31.0
 20
11.6
 30
0.0
 41
0.12
 42
0.12
 50
90.0
  0
INSERT
  5
4DB
330
4D4
100
AcDbEntity
  8
A-ANNO-DIMS
100
AcDbBlockReference
  2
_ARCHTICK
 10
31.0
 20
11.75
 30
0.0
 41
0.12
 42
0.12
 50
270.0
  0
LINE
  5
4DD
330
4D4
100
AcDbEntity
  8
0
100
AcDbLine
 10
31.0
 20
11.6
 30
0.0
 11
31.0
 21
11.75
 31
0.0
  0
MTEXT
  5
4DE
330
4D4
100
AcDbEntity
  8
A-ANNO-DIMS
100
AcDbMText
 10
30.435
 20
11.675
 30
0.0
 40
0.18
 71
5
  1
0.15
  7
OpenSansCondensed-Light
 50
90.0
  0
POINT
  5
4DF
330
4D4
100
AcDbEntity
  8
Defpoints
100
AcDbPoint
 10
31.0
 20
11.6
 30
0.0
  0
POINT
  5
4E0
330
4D4
100
AcDbEntity
  8
Defpoints
100
AcDbPoint
 10
32.0
 20
11.6
 30
0.0
  0
POINT
  5
4E1
330
4D4
100
AcDbEntity
  8
Defpoints
100
AcDbPoint
 10
32.0
 20
11.75
 30
0.0
  0
ENDBLK
  5
4D6
330
4D4
100
AcDbEntity
  8
0
100
AcDbBlockEnd
  0
BLOCK
  5
4E4
330
4E3
100
AcDbEntity
  8
0
100
AcDbBlockBegin
  2
*D40
 70
1
 10
0.0
 20
0.0
 30
0.0
  3
*D40
  1

  0
LINE
  5
4E6
330
4E3
100
AcDbEntity
  8
0
100
AcDbLine
 10
31.92
 20
11.75
 30
0.0
 11
30.625
 21
11.75
 31
0.0
  0
LINE
  5
4E7
330
4E3
100
AcDbEntity
  8
0
100
AcDbLine
 10
31.92
 20
16.75
 30
0.0
 11
30.625
 21
16.75
 31
0.0
  0
INSERT
  5
4E8
330
4E3
100
AcDbEntity
  8
A-ANNO-DIMS
100
AcDbBlockReference
  2
_ARCHTICK
 10
31.0
 20
11.75
 30
0.0
 41
0.12
 42
0.12
 50
270.0
  0
INSERT
  5
4EA
330
4E3
100
AcDbEntity
  8
A-ANNO-DIMS
100
AcDbBlockReference
  2
_ARCHTICK
 10
31.0
 20
16.75
 30
0.0
 41
0.12
 42
0.12
 50
90.0
  0
LINE
  5
4EC
330
4E3
100
AcDbEntity
  8
0
100
AcDbLine
 10
31.0
 20
11.75
 30
0.0
 11
31.0
 21
16.75
 31
0.0
  0
MTEXT
  5
4ED
330
4E3
100
AcDbEntity
  8
A-ANNO-DIMS
100
AcDbMText
 10
30.81
 20
14.25
 30
0.0
 40
0.18
 71
5
  1
5.00
  7
OpenSansCondensed-Light
 50
90.0
  0
POINT
  5
4EE
330
4E3
100
AcDbEntity
  8
Defpoints
100
AcDbPoint
 10
31.0
 20
11.75
 30
0.0
  0
POINT
  5
4EF
330
4E3
100
AcDbEntity
  8
Defpoints
100
AcDbPoint
 10
32.0
 20
11.75
 30
0.0
  0
POINT
  5
4F0
330
4E3
100
AcDbEntity
  8
Defpoints
100
AcDbPoint
 10
32.0
 20
16.75
 30
0.0
  0
ENDBLK
  5
4E5
330
4E3
100
AcDbEntity
  8
0
100
AcDbBlockEnd
  0
BLOCK
  5
4F3
330
4F2
100
AcDbEntity
  8
0
100
AcDbBlockBegin
  2
*D41
 70
1
 10
0.0
 20
0.0
 30
0.0
  3
*D41
  1

  0
LINE
  5
4F5
330
4F2
100
AcDbEntity
  8
0
100
AcDbLine
 10
31.92
 20
16.75
 30
0.0
 11
30.625
 21
16.75
 31
0.0
  0
LINE
  5
4F6
330
4F2
100
AcDbEntity
  8
0
100
AcDbLine
 10
31.92
 20
16.9
 30
0.0
 11
30.625
 21
16.9
 31
0.0
  0
INSERT
  5
4F7
330
4F2
100
AcDbEntity
  8
A-ANNO-DIMS
100
AcDbBlockReference
  2
_ARCHTICK
 10
31.0
 20
16.75
 30
0.0
 41
0.12
 42
0.12
 50
90.0
  0
INSERT
  5
4F9
330
4F2
100
AcDbEntity
  8
A-ANNO-DIMS
100
AcDbBlockReference
  2
_ARCHTICK
 10
31.0
 20
16.9
 30
0.0
 41
0.12
 42
0.12
 50
270.0
  0
LINE
  5
4FB
330
4F2
100
AcDbEntity
  8
0
100
AcDbLine
 10
31.0
 20
16.75
 30
0.0
 11
31.0
 21
16.9
 31
0.0
  0
MTEXT
  5
4FC
330
4F2
100
AcDbEntity
  8
A-ANNO-DIMS
100
AcDbMText
 10
30.435
 20
16.825
 30
0.0
 40
0.18
 71
5
  1
0.15
  7
OpenSansCondensed-Light
 50
90.0
  0
POINT
  5
4FD
330
4F2
100
AcDbEntity
  8
Defpoints
100
AcDbPoint
 10
31.0
 20
16.75
 30
0.0
  0
POINT
  5
4FE
330
4F2
100
AcDbEntity
  8
Defpoints
100
AcDbPoint
 10
32.0
 20
16.75
 30
0.0
  0
POINT
  5
4FF
330
4F2
100
AcDbEntity
  8
Defpoints
100
AcDbPoint
 10
32.0
 20
16.9
 30
0.0
  0
ENDBLK
  5
4F4
330
4F2
100
AcDbEntity
  8
0
100
AcDbBlockEnd
  0
BLOCK
  5
502
330
501
100
AcDbEntity
  8
0
100
AcDbBlockBegin
  2
*D42
 70
1
 10
0.0
 20
0.0
 30
0.0
  3
*D42
  1

  0
LINE
  5
504
330
501
100
AcDbEntity
  8
0
100
AcDbLine
 10
31.92
 20
16.9
 30
0.0
 11
30.625
 21
16.9
 31
0.0
  0
LINE
  5
505
330
501
100
AcDbEntity
  8
0
100
AcDbLine
 10
31.92
 20
20.9
 30
0.0
 11
30.625
 21
20.9
 31
0.0
  0
INSERT
  5
506
330
501
100
AcDbEntity
  8
A-ANNO-DIMS
100
AcDbBlockReference
  2
_ARCHTICK
 10
31.0
 20
16.9
 30
0.0
 41
0.12
 42
0.12
 50
270.0
  0
INSERT
  5
508
330
501
100
AcDbEntity
  8
A-ANNO-DIMS
100
AcDbBlockReference
  2
_ARCHTICK
 10
31.0
 20
20.9
 30
0.0
 41
0.12
 42
0.12
 50
90.0
  0
LINE
  5
50A
330
501
100
AcDbEntity
  8
0
100
AcDbLine
 10
31.0
 20
16.9
 30
0.0
 11
31.0
 21
20.9
 31
0.0
  0
MTEXT
  5
50B
330
501
100
AcDbEntity
  8
A-ANNO-DIMS
100
AcDbMText
 10
30.81
 20
18.9
 30
0.0
 40
0.18
 71
5
  1
4.00
  7
OpenSansCondensed-Light
 50
90.0
  0
POINT
  5
50C
330
501
100
AcDbEntity
  8
Defpoints
100
AcDbPoint
 10
31.0
 20
16.9
 30
0.0
  0
POINT
  5
50D
330
501
100
AcDbEntity
  8
Defpoints
100
AcDbPoint
 10
32.0
 20
16.9
 30
0.0
  0
POINT
  5
50E
330
501
100
AcDbEntity
  8
Defpoints
100
AcDbPoint
 10
32.0
 20
20.9
 30
0.0
  0
ENDBLK
  5
503
330
501
100
AcDbEntity
  8
0
100
AcDbBlockEnd
  0
BLOCK
  5
511
330
510
100
AcDbEntity
  8
0
100
AcDbBlockBegin
  2
*D43
 70
1
 10
0.0
 20
0.0
 30
0.0
  3
*D43
  1

  0
LINE
  5
513
330
510
100
AcDbEntity
  8
0
100
AcDbLine
 10
31.92
 20
20.9
 30
0.0
 11
30.625
 21
20.9
 31
0.0
  0
LINE
  5
514
330
510
100
AcDbEntity
  8
0
100
AcDbLine
 10
31.92
 20
21.05
 30
0.0
 11
30.625
 21
21.05
 31
0.0
  0
INSERT
  5
515
330
510
100
AcDbEntity
  8
A-ANNO-DIMS
100
AcDbBlockReference
  2
_ARCHTICK
 10
31.0
 20
20.9
 30
0.0
 41
0.12
 42
0.12
 50
90.0
  0
INSERT
  5
517
330
510
100
AcDbEntity
  8
A-ANNO-DIMS
100
AcDbBlockReference
  2
_ARCHTICK
 10
31.0
 20
21.05
 30
0.0
 41
0.12
 42
0.12
 50
270.0
  0
LINE
  5
519
330
510
100
AcDbEntity
  8
0
100
AcDbLine
 10
31.0
 20
20.9
 30
0.0
 11
31.0
 21
21.05
 31
0.0
  0
MTEXT
  5
51A
330
510
100
AcDbEntity
  8
A-ANNO-DIMS
100
AcDbMText
 10
30.435
 20
20.975
 30
0.0
 40
0.18
 71
5
  1
0.15
  7
OpenSansCondensed-Light
 50
90.0
  0
POINT
  5
51B
330
510
100
AcDbEntity
  8
Defpoints
100
AcDbPoint
 10
31.0
 20
20.9
 30
0.0
  0
POINT
  5
51C
330
510
100
AcDbEntity
  8
Defpoints
100
AcDbPoint
 10
32.0
 20
20.9
 30
0.0
  0
POINT
  5
51D
330
510
100
AcDbEntity
  8
Defpoints
100
AcDbPoint
 10
32.0
 20
21.05
 30
0.0
  0
ENDBLK
  5
512
330
510
100
AcDbEntity
  8
0
100
AcDbBlockEnd
  0
BLOCK
  5
520
330
51F
100
AcDbEntity
  8
0
100
AcDbBlockBegin
  2
*D44
 70
1
 10
0.0
 20
0.0
 30
0.0
  3
*D44
  1

  0
LINE
  5
522
330
51F
100
AcDbEntity
  8
0
100
AcDbLine
 10
31.92
 20
21.05
 30
0.0
 11
30.625
 21
21.05
 31
0.0
  0
LINE
  5
523
330
51F
100
AcDbEntity
  8
0
100
AcDbLine
 10
31.92
 20
22.55
 30
0.0
 11
30.625
 21
22.55
 31
0.0
  0
INSERT
  5
524
330
51F
100
AcDbEntity
  8
A-ANNO-DIMS
100
AcDbBlockReference
  2
_ARCHTICK
 10
31.0
 20
21.05
 30
0.0
 41
0.12
 42
0.12
 50
270.0
  0
INSERT
  5
526
330
51F
100
AcDbEntity
  8
A-ANNO-DIMS
100
AcDbBlockReference
  2
_ARCHTICK
 10
31.0
 20
22.55
 30
0.0
 41
0.12
 42
0.12
 50
90.0
  0
LINE
  5
528
330
51F
100
AcDbEntity
  8
0
100
AcDbLine
 10
31.0
 20
21.05
 30
0.0
 11
31.0
 21
22.55
 31
0.0
  0
MTEXT
  5
529
330
51F
100
AcDbEntity
  8
A-ANNO-DIMS
100
AcDbMText
 10
30.81
 20
21.8
 30
0.0
 40
0.18
 71
5
  1
1.50
  7
OpenSansCondensed-Light
 50
90.0
  0
POINT
  5
52A
330
51F
100
AcDbEntity
  8
Defpoints
100
AcDbPoint
 10
31.0
 20
21.05
 30
0.0
  0
POINT
  5
52B
330
51F
100
AcDbEntity
  8
Defpoints
100
AcDbPoint
 10
32.0
 20
21.05
 30
0.0
  0
POINT
  5
52C
330
51F
100
AcDbEntity
  8
Defpoints
100
AcDbPoint
 10
32.0
 20
22.55
 30
0.0
  0
ENDBLK
  5
521
330
51F
100
AcDbEntity
  8
0
100
AcDbBlockEnd
  0
BLOCK
  5
52F
330
52E
100
AcDbEntity
  8
0
100
AcDbBlockBegin
  2
*D45
 70
1
 10
0.0
 20
0.0
 30
0.0
  3
*D45
  1

  0
LINE
  5
531
330
52E
100
AcDbEntity
  8
0
100
AcDbLine
 10
31.92
 20
22.55
 30
0.0
 11
30.625
 21
22.55
 31
0.0
  0
LINE
  5
532
330
52E
100
AcDbEntity
  8
0
100
AcDbLine
 10
31.92
 20
22.7
 30
0.0
 11
30.625
 21
22.7
 31
0.0
  0
INSERT
  5
533
330
52E
100
AcDbEntity
  8
A-ANNO-DIMS
100
AcDbBlockReference
  2
_ARCHTICK
 10
31.0
 20
22.55
 30
0.0
 41
0.12
 42
0.12
 50
90.0
  0
INSERT
  5
535
330
52E
100
AcDbEntity
  8
A-ANNO-DIMS
100
AcDbBlockReference
  2
_ARCHTICK
 10
31.0
 20
22.7
 30
0.0
 41
0.12
 42
0.12
 50
270.0
  0
LINE
  5
537
330
52E
100
AcDbEntity
  8
0
100
AcDbLine
 10
31.0
 20
22.55
 30
0.0
 11
31.0
 21
22.7
 31
0.0
  0
MTEXT
  5
538
330
52E
100
AcDbEntity
  8
A-ANNO-DIMS
100
AcDbMText
 10
30.435
 20
22.625
 30
0.0
 40
0.18
 71
5
  1
0.15
  7
OpenSansCondensed-Light
 50
90.0
  0
POINT
  5
539
330
52E
100
AcDbEntity
  8
Defpoints
100
AcDbPoint
 10
31.0
 20
22.55
 30
0.0
  0
POINT
  5
53A
330
52E
100
AcDbEntity
  8
Defpoints
100
AcDbPoint
 10
32.0
 20
22.55
 30
0.0
  0
POINT
  5
53B
330
52E
100
AcDbEntity
  8
Defpoints
100
AcDbPoint
 10
32.0
 20
22.7
 30
0.0
  0
ENDBLK
  5
530
330
52E
100
AcDbEntity
  8
0
100
AcDbBlockEnd
  0
BLOCK
  5
53E
330
53D
100
AcDbEntity
  8
0
100
AcDbBlockBegin
  2
*D46
 70
1
 10
0.0
 20
0.0
 30
0.0
  3
*D46
  1

  0
LINE
  5
540
330
53D
100
AcDbEntity
  8
0
100
AcDbLine
 10
31.92
 20
22.7
 30
0.0
 11
30.625
 21
22.7
 31
0.0
  0
LINE
  5
541
330
53D
100
AcDbEntity
  8
0
100
AcDbLine
 10
31.92
 20
27.7
 30
0.0
 11
30.625
 21
27.7
 31
0.0
  0
INSERT
  5
542
330
53D
100
AcDbEntity
  8
A-ANNO-DIMS
100
AcDbBlockReference
  2
_ARCHTICK
 10
31.0
 20
22.7
 30
0.0
 41
0.12
 42
0.12
 50
270.0
  0
INSERT
  5
544
330
53D
100
AcDbEntity
  8
A-ANNO-DIMS
100
AcDbBlockReference
  2
_ARCHTICK
 10
31.0
 20
27.7
 30
0.0
 41
0.12
 42
0.12
 50
90.0
  0
LINE
  5
546
330
53D
100
AcDbEntity
  8
0
100
AcDbLine
 10
31.0
 20
22.7
 30
0.0
 11
31.0
 21
27.7
 31
0.0
  0
MTEXT
  5
547
330
53D
100
AcDbEntity
  8
A-ANNO-DIMS
100
AcDbMText
 10
30.81
 20
25.2
 30
0.0
 40
0.18
 71
5
  1
5.00
  7
OpenSansCondensed-Light
 50
90.0
  0
POINT
  5
548
330
53D
100
AcDbEntity
  8
Defpoints
100
AcDbPoint
 10
31.0
 20
22.7
 30
0.0
  0
POINT
  5
549
330
53D
100
AcDbEntity
  8
Defpoints
100
AcDbPoint
 10
32.0
 20
22.7
 30
0.0
  0
POINT
  5
54A
330
53D
100
AcDbEntity
  8
Defpoints
100
AcDbPoint
 10
32.0
 20
27.7
 30
0.0
  0
ENDBLK
  5
53F
330
53D
100
AcDbEntity
  8
0
100
AcDbBlockEnd
  0
BLOCK
  5
54D
330
54C
100
AcDbEntity
  8
0
100
AcDbBlockBegin
  2
*D47
 70
1
 10
0.0
 20
0.0
 30
0.0
  3
*D47
  1

  0
LINE
  5
54F
330
54C
100
AcDbEntity
  8
0
100
AcDbLine
 10
31.92
 20
27.7
 30
0.0
 11
30.625
 21
27.7
 31
0.0
  0
LINE
  5
550
330
54C
100
AcDbEntity
  8
0
100
AcDbLine
 10
31.92
 20
28.0
 30
0.0
 11
30.625
 21
28.0
 31
0.0
  0
INSERT
  5
551
330
54C
100
AcDbEntity
  8
A-ANNO-DIMS
100
AcDbBlockReference
  2
_ARCHTICK
 10
31.0
 20
27.7
 30
0.0
 41
0.12
 42
0.12
 50
90.0
  0
INSERT
  5
553
330
54C
100
AcDbEntity
  8
A-ANNO-DIMS
100
AcDbBlockReference
  2
_ARCHTICK
 10
31.0
 20
28.0
 30
0.0
 41
0.12
 42
0.12
 50
270.0
  0
LINE
  5
555
330
54C
100
AcDbEntity
  8
0
100
AcDbLine
 10
31.0
 20
27.7
 30
0.0
 11
31.0
 21
28.0
 31
0.0
  0
MTEXT
  5
556
330
54C
100
AcDbEntity
  8
A-ANNO-DIMS
100
AcDbMText
 10
30.435
 20
27.85
 30
0.0
 40
0.18
 71
5
  1
0.30
  7
OpenSansCondensed-Light
 50
90.0
  0
POINT
  5
557
330
54C
100
AcDbEntity
  8
Defpoints
100
AcDbPoint
 10
31.0
 20
27.7
 30
0.0
  0
POINT
  5
558
330
54C
100
AcDbEntity
  8
Defpoints
100
AcDbPoint
 10
32.0
 20
27.7
 30
0.0
  0
POINT
  5
559
330
54C
100
AcDbEntity
  8
Defpoints
100
AcDbPoint
 10
32.0
 20
28.0
 30
0.0
  0
ENDBLK
  5
54E
330
54C
100
AcDbEntity
  8
0
100
AcDbBlockEnd
  0
BLOCK
  5
55C
330
55B
100
AcDbEntity
  8
0
100
AcDbBlockBegin
  2
*D48
 70
1
 10
0.0
 20
0.0
 30
0.0
  3
*D48
  1

  0
LINE
  5
55E
330
55B
100
AcDbEntity
  8
0
100
AcDbLine
 10
31.92
 20
0.0
 30
0.0
 11
29.625
 21
0.0
 31
0.0
  0
LINE
  5
55F
330
55B
100
AcDbEntity
  8
0
100
AcDbLine
 10
31.92
 20
28.0
 30
0.0
 11
29.625
 21
28.0
 31
0.0
  0
INSERT
  5
560
330
55B
100
AcDbEntity
  8
A-ANNO-DIMS
100
AcDbBlockReference
  2
_ARCHTICK
 10
30.0
 20
0.0
 30
0.0
 41
0.12
 42
0.12
 50
270.0
  0
INSERT
  5
562
330
55B
100
AcDbEntity
  8
A-ANNO-DIMS
100
AcDbBlockReference
  2
_ARCHTICK
 10
30.0
 20
28.0
 30
0.0
 41
0.12
 42
0.12
 50
90.0
  0
LINE
  5
564
330
55B
100
AcDbEntity
  8
0
100
AcDbLine
 10
30.0
 20
0.0
 30
0.0
 11
30.0
 21
28.0
 31
0.0
  0
MTEXT
  5
565
330
55B
100
AcDbEntity
  8
A-ANNO-DIMS
100
AcDbMText
 10
29.81
 20
14.0
 30
0.0
 40
0.18
 71
5
  1
28.00
  7
OpenSansCondensed-Light
 50
90.0
  0
POINT
  5
566
330
55B
100
AcDbEntity
  8
Defpoints
100
AcDbPoint
 10
30.0
 20
0.0
 30
0.0
  0
POINT
  5
567
330
55B
100
AcDbEntity
  8
Defpoints
100
AcDbPoint
 10
32.0
 20
0.0
 30
0.0
  0
POINT
  5
568
330
55B
100
AcDbEntity
  8
Defpoints
100
AcDbPoint
 10
32.0
 20
28.0
 30
0.0
  0
ENDBLK
  5
55D
330
55B
100
AcDbEntity
  8
0
100
AcDbBlockEnd
  0
BLOCK
  5
666
330
665
100
AcDbEntity
  8
0
100
AcDbBlockBegin
  2
*D49
 70
1
 10
0.0
 20
0.0
 30
0.0
  3
*D49
  1

  0
LINE
  5
668
330
665
100
AcDbEntity
  8
0
100
AcDbLine
 10
64.0
 20
-0.08
 30
0.0
 11
64.0
 21
-2.575
 31
0.0
  0
LINE
  5
669
330
665
100
AcDbEntity
  8
0
100
AcDbLine
 10
64.3
 20
-0.08
 30
0.0
 11
64.3
 21
-2.575
 31
0.0
  0
INSERT
  5
66A
330
665
100
AcDbEntity
  8
A-ANNO-DIMS
100
AcDbBlockReference
  2
_ARCHTICK
 10
64.0
 20
-2.2
 30
0.0
 41
0.12
 42
0.12
  0
INSERT
  5
66C
330
665
100
AcDbEntity
  8
A-ANNO-DIMS
100
AcDbBlockReference
  2
_ARCHTICK
 10
64.3
 20
-2.2
 30
0.0
 41
0.12
 42
0.12
 50
180.0
  0
LINE
  5
66E
330
665
100
AcDbEntity
  8
0
100
AcDbLine
 10
64.0
 20
-2.2
 30
0.0
 11
64.3
 21
-2.2
 31
0.0
  0
MTEXT
  5
66F
330
665
100
AcDbEntity
  8
A-ANNO-DIMS
100
AcDbMText
 10
64.15
 20
-1.6350000000000002
 30
0.0
 40
0.18
 71
5
  1
0.30
  7
OpenSansCondensed-Light
  0
POINT
  5
670
330
665
100
AcDbEntity
  8
Defpoints
100
AcDbPoint
 10
64.0
 20
-2.2
 30
0.0
  0
POINT
  5
671
330
665
100
AcDbEntity
  8
Defpoints
100
AcDbPoint
 10
64.0
 20
0.0
 30
0.0
  0
POINT
  5
672
330
665
100
AcDbEntity
  8
Defpoints
100
AcDbPoint
 10
64.3
 20
0.0
 30
0.0
  0
ENDBLK
  5
667
330
665
100
AcDbEntity
  8
0
100
AcDbBlockEnd
  0
BLOCK
  5
675
330
674
100
AcDbEntity
  8
0
100
AcDbBlockBegin
  2
*D50
 70
1
 10
0.0
 20
0.0
 30
0.0
  3
*D50
  1

  0
LINE
  5
677
330
674
100
AcDbEntity
  8
0
100
AcDbLine
 10
64.3
 20
-0.08
 30
0.0
 11
64.3
 21
-2.575
 31
0.0
  0
LINE
  5
678
330
674
100
AcDbEntity
  8
0
100
AcDbLine
 10
71.2
 20
-0.08
 30
0.0
 11
71.2
 21
-2.575
 31
0.0
  0
INSERT
  5
679
330
674
100
AcDbEntity
  8
A-ANNO-DIMS
100
AcDbBlockReference
  2
_ARCHTICK
 10
64.3
 20
-2.2
 30
0.0
 41
0.12
 42
0.12
 50
180.0
  0
INSERT
  5
67B
330
674
100
AcDbEntity
  8
A-ANNO-DIMS
100
AcDbBlockReference
  2
_ARCHTICK
 10
71.2
 20
-2.2
 30
0.0
 41
0.12
 42
0.12
  0
LINE
  5
67D
330
674
100
AcDbEntity
  8
0
100
AcDbLine
 10
64.3
 20
-2.2
 30
0.0
 11
71.2
 21
-2.2
 31
0.0
  0
MTEXT
  5
67E
330
674
100
AcDbEntity
  8
A-ANNO-DIMS
100
AcDbMText
 10
67.75
 20
-2.0100000000000002
 30
0.0
 40
0.18
 71
5
  1
6.90
  7
OpenSansCondensed-Light
  0
POINT
  5
67F
330
674
100
AcDbEntity
  8
Defpoints
100
AcDbPoint
 10
64.3
 20
-2.2
 30
0.0
  0
POINT
  5
680
330
674
100
AcDbEntity
  8
Defpoints
100
AcDbPoint
 10
64.3
 20
0.0
 30
0.0
  0
POINT
  5
681
330
674
100
AcDbEntity
  8
Defpoints
100
AcDbPoint
 10
71.2
 20
0.0
 30
0.0
  0
ENDBLK
  5
676
330
674
100
AcDbEntity
  8
0
100
AcDbBlockEnd
  0
BLOCK
  5
684
330
683
100
AcDbEntity
  8
0
100
AcDbBlockBegin
  2
*D51
 70
1
 10
0.0
 20
0.0
 30
0.0
  3
*D51
  1

  0
LINE
  5
686
330
683
100
AcDbEntity
  8
0
100
AcDbLine
 10
71.2
 20
-0.08
 30
0.0
 11
71.2
 21
-2.575
 31
0.0
  0
LINE
  5
687
330
683
100
AcDbEntity
  8
0
100
AcDbLine
 10
71.45
 20
-0.08
 30
0.0
 11
71.45
 21
-2.575
 31
0.0
  0
INSERT
  5
688
330
683
100
AcDbEntity
  8
A-ANNO-DIMS
100
AcDbBlockReference
  2
_ARCHTICK
 10
71.2
 20
-2.2
 30
0.0
 41
0.12
 42
0.12
  0
INSERT
  5
68A
330
683
100
AcDbEntity
  8
A-ANNO-DIMS
100
AcDbBlockReference
  2
_ARCHTICK
 10
71.45
 20
-2.2
 30
0.0
 41
0.12
 42
0.12
 50
180.0
  0
LINE
  5
68C
330
683
100
AcDbEntity
  8
0
100
AcDbLine
 10
71.2
 20
-2.2
 30
0.0
 11
71.45
 21
-2.2
 31
0.0
  0
MTEXT
  5
68D
330
683
100
AcDbEntity
  8
A-ANNO-DIMS
100
AcDbMText
 10
71.325
 20
-1.6350000000000002
 30
0.0
 40
0.18
 71
5
  1
0.25
  7
OpenSansCondensed-Light
  0
POINT
  5
68E
330
683
100
AcDbEntity
  8
Defpoints
100
AcDbPoint
 10
71.2
 20
-2.2
 30
0.0
  0
POINT
  5
68F
330
683
100
AcDbEntity
  8
Defpoints
100
AcDbPoint
 10
71.2
 20
0.0
 30
0.0
  0
POINT
  5
690
330
683
100
AcDbEntity
  8
Defpoints
100
AcDbPoint
 10
71.45
 20
0.0
 30
0.0
  0
ENDBLK
  5
685
330
683
100
AcDbEntity
  8
0
100
AcDbBlockEnd
  0
BLOCK
  5
693
330
692
100
AcDbEntity
  8
0
100
AcDbBlockBegin
  2
*D52
 70
1
 10
0.0
 20
0.0
 30
0.0
  3
*D52
  1

  0
LINE
  5
695
330
692
100
AcDbEntity
  8
0
100
AcDbLine
 10
71.45
 20
-0.08
 30
0.0
 11
71.45
 21
-2.575
 31
0.0
  0
LINE
  5
696
330
692
100
AcDbEntity
  8
0
100
AcDbLine
 10
75.7
 20
-0.08
 30
0.0
 11
75.7
 21
-2.575
 31
0.0
  0
INSERT
  5
697
330
692
100
AcDbEntity
  8
A-ANNO-DIMS
100
AcDbBlockReference
  2
_ARCHTICK
 10
71.45
 20
-2.2
 30
0.0
 41
0.12
 42
0.12
 50
180.0
  0
INSERT
  5
699
330
692
100
AcDbEntity
  8
A-ANNO-DIMS
100
AcDbBlockReference
  2
_ARCHTICK
 10
75.7
 20
-2.2
 30
0.0
 41
0.12
 42
0.12
  0
LINE
  5
69B
330
692
100
AcDbEntity
  8
0
100
AcDbLine
 10
71.45
 20
-2.2
 30
0.0
 11
75.7
 21
-2.2
 31
0.0
  0
MTEXT
  5
69C
330
692
100
AcDbEntity
  8
A-ANNO-DIMS
100
AcDbMText
 10
73.575
 20
-2.0100000000000002
 30
0.0
 40
0.18
 71
5
  1
4.25
  7
OpenSansCondensed-Light
  0
POINT
  5
69D
330
692
100
AcDbEntity
  8
Defpoints
100
AcDbPoint
 10
71.45
 20
-2.2
 30
0.0
  0
POINT
  5
69E
330
692
100
AcDbEntity
  8
Defpoints
100
AcDbPoint
 10
71.45
 20
0.0
 30
0.0
  0
POINT
  5
69F
330
692
100
AcDbEntity
  8
Defpoints
100
AcDbPoint
 10
75.7
 20
0.0
 30
0.0
  0
ENDBLK
  5
694
330
692
100
AcDbEntity
  8
0
100
AcDbBlockEnd
  0
BLOCK
  5
6A2
330
6A1
100
AcDbEntity
  8
0
100
AcDbBlockBegin
  2
*D53
 70
1
 10
0.0
 20
0.0
 30
0.0
  3
*D53
  1

  0
LINE
  5
6A4
330
6A1
100
AcDbEntity
  8
0
100
AcDbLine
 10
75.7
 20
-0.08
 30
0.0
 11
75.7
 21
-2.575
 31
0.0
  0
LINE
  5
6A5
330
6A1
100
AcDbEntity
  8
0
100
AcDbLine
 10
75.95
 20
-0.08
 30
0.0
 11
75.95
 21
-2.575
 31
0.0
  0
INSERT
  5
6A6
330
6A1
100
AcDbEntity
  8
A-ANNO-DIMS
100
AcDbBlockReference
  2
_ARCHTICK
 10
75.7
 20
-2.2
 30
0.0
 41
0.12
 42
0.12
  0
INSERT
  5
6A8
330
6A1
100
AcDbEntity
  8
A-ANNO-DIMS
100
AcDbBlockReference
  2
_ARCHTICK
 10
75.95
 20
-2.2
 30
0.0
 41
0.12
 42
0.12
 50
180.0
  0
LINE
  5
6AA
330
6A1
100
AcDbEntity
  8
0
100
AcDbLine
 10
75.7
 20
-2.2
 30
0.0
 11
75.95
 21
-2.2
 31
0.0
  0
MTEXT
  5
6AB
330
6A1
100
AcDbEntity
  8
A-ANNO-DIMS
100
AcDbMText
 10
75.825
 20
-1.6350000000000002
 30
0.0
 40
0.18
 71
5
  1
0.25
  7
OpenSansCondensed-Light
  0
POINT
  5
6AC
330
6A1
100
AcDbEntity
  8
Defpoints
100
AcDbPoint
 10
75.7
 20
-2.2
 30
0.0
  0
POINT
  5
6AD
330
6A1
100
AcDbEntity
  8
Defpoints
100
AcDbPoint
 10
75.7
 20
0.0
 30
0.0
  0
POINT
  5
6AE
330
6A1
100
AcDbEntity
  8
Defpoints
100
AcDbPoint
 10
75.95
 20
0.0
 30
0.0
  0
ENDBLK
  5
6A3
330
6A1
100
AcDbEntity
  8
0
100
AcDbBlockEnd
  0
BLOCK
  5
6B1
330
6B0
100
AcDbEntity
  8
0
100
AcDbBlockBegin
  2
*D54
 70
1
 10
0.0
 20
0.0
 30
0.0
  3
*D54
  1

  0
LINE
  5
6B3
330
6B0
100
AcDbEntity
  8
0
100
AcDbLine
 10
75.95
 20
-0.08
 30
0.0
 11
75.95
 21
-2.575
 31
0.0
  0
LINE
  5
6B4
330
6B0
100
AcDbEntity
  8
0
100
AcDbLine
 10
82.85
 20
-0.08
 30
0.0
 11
82.85
 21
-2.575
 31
0.0
  0
INSERT
  5
6B5
330
6B0
100
AcDbEntity
  8
A-ANNO-DIMS
100
AcDbBlockReference
  2
_ARCHTICK
 10
75.95
 20
-2.2
 30
0.0
 41
0.12
 42
0.12
 50
180.0
  0
INSERT
  5
6B7
330
6B0
100
AcDbEntity
  8
A-ANNO-DIMS
100
AcDbBlockReference
  2
_ARCHTICK
 10
82.85
 20
-2.2
 30
0.0
 41
0.12
 42
0.12
  0
LINE
  5
6B9
330
6B0
100
AcDbEntity
  8
0
100
AcDbLine
 10
75.95
 20
-2.2
 30
0.0
 11
82.85
 21
-2.2
 31
0.0
  0
MTEXT
  5
6BA
330
6B0
100
AcDbEntity
  8
A-ANNO-DIMS
100
AcDbMText
 10
79.4
 20
-2.0100000000000002
 30
0.0
 40
0.18
 71
5
  1
6.90
  7
OpenSansCondensed-Light
  0
POINT
  5
6BB
330
6B0
100
AcDbEntity
  8
Defpoints
100
AcDbPoint
 10
75.95
 20
-2.2
 30
0.0
  0
POINT
  5
6BC
330
6B0
100
AcDbEntity
  8
Defpoints
100
AcDbPoint
 10
75.95
 20
0.0
 30
0.0
  0
POINT
  5
6BD
330
6B0
100
AcDbEntity
  8
Defpoints
100
AcDbPoint
 10
82.85
 20
0.0
 30
0.0
  0
ENDBLK
  5
6B2
330
6B0
100
AcDbEntity
  8
0
100
AcDbBlockEnd
  0
BLOCK
  5
6C0
330
6BF
100
AcDbEntity
  8
0
100
AcDbBlockBegin
  2
*D55
 70
1
 10
0.0
 20
0.0
 30
0.0
  3
*D55
  1

  0
LINE
  5
6C2
330
6BF
100
AcDbEntity
  8
0
100
AcDbLine
 10
82.85
 20
-0.08
 30
0.0
 11
82.85
 21
-2.575
 31
0.0
  0
LINE
  5
6C3
330
6BF
100
AcDbEntity
  8
0
100
AcDbLine
 10
83.15
 20
-0.08
 30
0.0
 11
83.15
 21
-2.575
 31
0.0
  0
INSERT
  5
6C4
330
6BF
100
AcDbEntity
  8
A-ANNO-DIMS
100
AcDbBlockReference
  2
_ARCHTICK
 10
82.85
 20
-2.2
 30
0.0
 41
0.12
 42
0.12
  0
INSERT
  5
6C6
330
6BF
100
AcDbEntity
  8
A-ANNO-DIMS
100
AcDbBlockReference
  2
_ARCHTICK
 10
83.15
 20
-2.2
 30
0.0
 41
0.12
 42
0.12
 50
180.0
  0
LINE
  5
6C8
330
6BF
100
AcDbEntity
  8
0
100
AcDbLine
 10
82.85
 20
-2.2
 30
0.0
 11
83.15
 21
-2.2
 31
0.0
  0
MTEXT
  5
6C9
330
6BF
100
AcDbEntity
  8
A-ANNO-DIMS
100
AcDbMText
 10
83.0
 20
-1.6350000000000002
 30
0.0
 40
0.18
 71
5
  1
0.30
  7
OpenSansCondensed-Light
  0
POINT
  5
6CA
330
6BF
100
AcDbEntity
  8
Defpoints
100
AcDbPoint
 10
82.85
 20
-2.2
 30
0.0
  0
POINT
  5
6CB
330
6BF
100
AcDbEntity
  8
Defpoints
100
AcDbPoint
 10
82.85
 20
0.0
 30
0.0
  0
POINT
  5
6CC
330
6BF
100
AcDbEntity
  8
Defpoints
100
AcDbPoint
 10
83.15
 20
0.0
 30
0.0
  0
ENDBLK
  5
6C1
330
6BF
100
AcDbEntity
  8
0
100
AcDbBlockEnd
  0
BLOCK
  5
6CF
330
6CE
100
AcDbEntity
  8
0
100
AcDbBlockBegin
  2
*D56
 70
1
 10
0.0
 20
0.0
 30
0.0
  3
*D56
  1

  0
LINE
  5
6D1
330
6CE
100
AcDbEntity
  8
0
100
AcDbLine
 10
64.0
 20
-0.08
 30
0.0
 11
64.0
 21
-3.375
 31
0.0
  0
LINE
  5
6D2
330
6CE
100
AcDbEntity
  8
0
100
AcDbLine
 10
83.15
 20
-0.08
 30
0.0
 11
83.15
 21
-3.375
 31
0.0
  0
INSERT
  5
6D3
330
6CE
100
AcDbEntity
  8
A-ANNO-DIMS
100
AcDbBlockReference
  2
_ARCHTICK
 10
64.0
 20
-3.0
 30
0.0
 41
0.12
 42
0.12
 50
180.0
  0
INSERT
  5
6D5
330
6CE
100
AcDbEntity
  8
A-ANNO-DIMS
100
AcDbBlockReference
  2
_ARCHTICK
 10
83.15
 20
-3.0
 30
0.0
 41
0.12
 42
0.12
  0
LINE
  5
6D7
330
6CE
100
AcDbEntity
  8
0
100
AcDbLine
 10
64.0
 20
-3.0
 30
0.0
 11
83.15
 21
-3.0
 31
0.0
  0
MTEXT
  5
6D8
330
6CE
100
AcDbEntity
  8
A-ANNO-DIMS
100
AcDbMText
 10
73.575
 20
-2.81
 30
0.0
 40
0.18
 71
5
  1
19.15
  7
OpenSansCondensed-Light
  0
POINT
  5
6D9
330
6CE
100
AcDbEntity
  8
Defpoints
100
AcDbPoint
 10
64.0
 20
-3.0
 30
0.0
  0
POINT
  5
6DA
330
6CE
100
AcDbEntity
  8
Defpoints
100
AcDbPoint
 10
64.0
 20
0.0
 30
0.0
  0
POINT
  5
6DB
330
6CE
100
AcDbEntity
  8
Defpoints
100
AcDbPoint
 10
83.15
 20
0.0
 30
0.0
  0
ENDBLK
  5
6D0
330
6CE
100
AcDbEntity
  8
0
100
AcDbBlockEnd
  0
BLOCK
  5
6DE
330
6DD
100
AcDbEntity
  8
0
100
AcDbBlockBegin
  2
*D57
 70
1
 10
0.0
 20
0.0
 30
0.0
  3
*D57
  1

  0
LINE
  5
6E0
330
6DD
100
AcDbEntity
  8
0
100
AcDbLine
 10
63.92
 20
0.0
 30
0.0
 11
62.625
 21
0.0
 31
0.0
  0
LINE
  5
6E1
330
6DD
100
AcDbEntity
  8
0
100
AcDbLine
 10
63.92
 20
0.3
 30
0.0
 11
62.625
 21
0.3
 31
0.0
  0
INSERT
  5
6E2
330
6DD
100
AcDbEntity
  8
A-ANNO-DIMS
100
AcDbBlockReference
  2
_ARCHTICK
 10
63.0
 20
0.0
 30
0.0
 41
0.12
 42
0.12
 50
90.0
  0
INSERT
  5
6E4
330
6DD
100
AcDbEntity
  8
A-ANNO-DIMS
100
AcDbBlockReference
  2
_ARCHTICK
 10
63.0
 20
0.3
 30
0.0
 41
0.12
 42
0.12
 50
270.0
  0
LINE
  5
6E6
330
6DD
100
AcDbEntity
  8
0
100
AcDbLine
 10
63.0
 20
0.0
 30
0.0
 11
63.0
 21
0.3
 31
0.0
  0
MTEXT
  5
6E7
330
6DD
100
AcDbEntity
  8
A-ANNO-DIMS
100
AcDbMText
 10
62.435
 20
0.15
 30
0.0
 40
0.18
 71
5
  1
0.30
  7
OpenSansCondensed-Light
 50
90.0
  0
POINT
  5
6E8
330
6DD
100
AcDbEntity
  8
Defpoints
100
AcDbPoint
 10
63.0
 20
0.0
 30
0.0
  0
POINT
  5
6E9
330
6DD
100
AcDbEntity
  8
Defpoints
100
AcDbPoint
 10
64.0
 20
0.0
 30
0.0
  0
POINT
  5
6EA
330
6DD
100
AcDbEntity
  8
Defpoints
100
AcDbPoint
 10
64.0
 20
0.3
 30
0.0
  0
ENDBLK
  5
6DF
330
6DD
100
AcDbEntity
  8
0
100
AcDbBlockEnd
  0
BLOCK
  5
6ED
330
6EC
100
AcDbEntity
  8
0
100
AcDbBlockBegin
  2
*D58
 70
1
 10
0.0
 20
0.0
 30
0.0
  3
*D58
  1

  0
LINE
  5
6EF
330
6EC
100
AcDbEntity
  8
0
100
AcDbLine
 10
63.92
 20
0.3
 30
0.0
 11
62.625
 21
0.3
 31
0.0
  0
LINE
  5
6F0
330
6EC
100
AcDbEntity
  8
0
100
AcDbLine
 10
63.92
 20
5.3
 30
0.0
 11
62.625
 21
5.3
 31
0.0
  0
INSERT
  5
6F1
330
6EC
100
AcDbEntity
  8
A-ANNO-DIMS
100
AcDbBlockReference
  2
_ARCHTICK
 10
63.0
 20
0.3
 30
0.0
 41
0.12
 42
0.12
 50
270.0
  0
INSERT
  5
6F3
330
6EC
100
AcDbEntity
  8
A-ANNO-DIMS
100
AcDbBlockReference
  2
_ARCHTICK
 10
63.0
 20
5.3
 30
0.0
 41
0.12
 42
0.12
 50
90.0
  0
LINE
  5
6F5
330
6EC
100
AcDbEntity
  8
0
100
AcDbLine
 10
63.0
 20
0.3
 30
0.0
 11
63.0
 21
5.3
 31
0.0
  0
MTEXT
  5
6F6
330
6EC
100
AcDbEntity
  8
A-ANNO-DIMS
100
AcDbMText
 10
62.81
 20
2.8
 30
0.0
 40
0.18
 71
5
  1
5.00
  7
OpenSansCondensed-Light
 50
90.0
  0
POINT
  5
6F7
330
6EC
100
AcDbEntity
  8
Defpoints
100
AcDbPoint
 10
63.0
 20
0.3
 30
0.0
  0
POINT
  5
6F8
330
6EC
100
AcDbEntity
  8
Defpoints
100
AcDbPoint
 10
64.0
 20
0.3
 30
0.0
  0
POINT
  5
6F9
330
6EC
100
AcDbEntity
  8
Defpoints
100
AcDbPoint
 10
64.0
 20
5.3
 30
0.0
  0
ENDBLK
  5
6EE
330
6EC
100
AcDbEntity
  8
0
100
AcDbBlockEnd
  0
BLOCK
  5
6FC
330
6FB
100
AcDbEntity
  8
0
100
AcDbBlockBegin
  2
*D59
 70
1
 10
0.0
 20
0.0
 30
0.0
  3
*D59
  1

  0
LINE
  5
6FE
330
6FB
100
AcDbEntity
  8
0
100
AcDbLine
 10
63.92
 20
5.3
 30
0.0
 11
62.625
 21
5.3
 31
0.0
  0
LINE
  5
6FF
330
6FB
100
AcDbEntity
  8
0
100
AcDbLine
 10
63.92
 20
5.45
 30
0.0
 11
62.625
 21
5.45
 31
0.0
  0
INSERT
  5
700
330
6FB
100
AcDbEntity
  8
A-ANNO-DIMS
100
AcDbBlockReference
  2
_ARCHTICK
 10
63.0
 20
5.3
 30
0.0
 41
0.12
 42
0.12
 50
90.0
  0
INSERT
  5
702
330
6FB
100
AcDbEntity
  8
A-ANNO-DIMS
100
AcDbBlockReference
  2
_ARCHTICK
 10
63.0
 20
5.45
 30
0.0
 41
0.12
 42
0.12
 50
270.0
  0
LINE
  5
704
330
6FB
100
AcDbEntity
  8
0
100
AcDbLine
 10
63.0
 20
5.3
 30
0.0
 11
63.0
 21
5.45
 31
0.0
  0
MTEXT
  5
705
330
6FB
100
AcDbEntity
  8
A-ANNO-DIMS
100
AcDbMText
 10
62.435
 20
5.375
 30
0.0
 40
0.18
 71
5
  1
0.15
  7
OpenSansCondensed-Light
 50
90.0
  0
POINT
  5
706
330
6FB
100
AcDbEntity
  8
Defpoints
100
AcDbPoint
 10
63.0
 20
5.3
 30
0.0
  0
POINT
  5
707
330
6FB
100
AcDbEntity
  8
Defpoints
100
AcDbPoint
 10
64.0
 20
5.3
 30
0.0
  0
POINT
  5
708
330
6FB
100
AcDbEntity
  8
Defpoints
100
AcDbPoint
 10
64.0
 20
5.45
 30
0.0
  0
ENDBLK
  5
6FD
330
6FB
100
AcDbEntity
  8
0
100
AcDbBlockEnd
  0
BLOCK
  5
70B
330
70A
100
AcDbEntity
  8
0
100
AcDbBlockBegin
  2
*D60
 70
1
 10
0.0
 20
0.0
 30
0.0
  3
*D60
  1

  0
LINE
  5
70D
330
70A
100
AcDbEntity
  8
0
100
AcDbLine
 10
63.92
 20
5.45
 30
0.0
 11
62.625
 21
5.45
 31
0.0
  0
LINE
  5
70E
330
70A
100
AcDbEntity
  8
0
100
AcDbLine
 10
63.92
 20
7.45
 30
0.0
 11
62.625
 21
7.45
 31
0.0
  0
INSERT
  5
70F
330
70A
100
AcDbEntity
  8
A-ANNO-DIMS
100
AcDbBlockReference
  2
_ARCHTICK
 10
63.0
 20
5.45
 30
0.0
 41
0.12
 42
0.12
 50
270.0
  0
INSERT
  5
711
330
70A
100
AcDbEntity
  8
A-ANNO-DIMS
100
AcDbBlockReference
  2
_ARCHTICK
 10
63.0
 20
7.45
 30
0.0
 41
0.12
 42
0.12
 50
90.0
  0
LINE
  5
713
330
70A
100
AcDbEntity
  8
0
100
AcDbLine
 10
63.0
 20
5.45
 30
0.0
 11
63.0
 21
7.45
 31
0.0
  0
MTEXT
  5
714
330
70A
100
AcDbEntity
  8
A-ANNO-DIMS
100
AcDbMText
 10
62.81
 20
6.45
 30
0.0
 40
0.18
 71
5
  1
2.00
  7
OpenSansCondensed-Light
 50
90.0
  0
POINT
  5
715
330
70A
100
AcDbEntity
  8
Defpoints
100
AcDbPoint
 10
63.0
 20
5.45
 30
0.0
  0
POINT
  5
716
330
70A
100
AcDbEntity
  8
Defpoints
100
AcDbPoint
 10
64.0
 20
5.45
 30
0.0
  0
POINT
  5
717
330
70A
100
AcDbEntity
  8
Defpoints
100
AcDbPoint
 10
64.0
 20
7.45
 30
0.0
  0
ENDBLK
  5
70C
330
70A
100
AcDbEntity
  8
0
100
AcDbBlockEnd
  0
BLOCK
  5
71A
330
719
100
AcDbEntity
  8
0
100
AcDbBlockBegin
  2
*D61
 70
1
 10
0.0
 20
0.0
 30
0.0
  3
*D61
  1

  0
LINE
  5
71C
330
719
100
AcDbEntity
  8
0
100
AcDbLine
 10
63.92
 20
7.45
 30
0.0
 11
62.625
 21
7.45
 31
0.0
  0
LINE
  5
71D
330
719
100
AcDbEntity
  8
0
100
AcDbLine
 10
63.92
 20
7.6
 30
0.0
 11
62.625
 21
7.6
 31
0.0
  0
INSERT
  5
71E
330
719
100
AcDbEntity
  8
A-ANNO-DIMS
100
AcDbBlockReference
  2
_ARCHTICK
 10
63.0
 20
7.45
 30
0.0
 41
0.12
 42
0.12
 50
90.0
  0
INSERT
  5
720
330
719
100
AcDbEntity
  8
A-ANNO-DIMS
100
AcDbBlockReference
  2
_ARCHTICK
 10
63.0
 20
7.6
 30
0.0
 41
0.12
 42
0.12
 50
270.0
  0
LINE
  5
722
330
719
100
AcDbEntity
  8
0
100
AcDbLine
 10
63.0
 20
7.45
 30
0.0
 11
63.0
 21
7.6
 31
0.0
  0
MTEXT
  5
723
330
719
100
AcDbEntity
  8
A-ANNO-DIMS
100
AcDbMText
 10
62.435
 20
7.525
 30
0.0
 40
0.18
 71
5
  1
0.15
  7
OpenSansCondensed-Light
 50
90.0
  0
POINT
  5
724
330
719
100
AcDbEntity
  8
Defpoints
100
AcDbPoint
 10
63.0
 20
7.45
 30
0.0
  0
POINT
  5
725
330
719
100
AcDbEntity
  8
Defpoints
100
AcDbPoint
 10
64.0
 20
7.45
 30
0.0
  0
POINT
  5
726
330
719
100
AcDbEntity
  8
Defpoints
100
AcDbPoint
 10
64.0
 20
7.6
 30
0.0
  0
ENDBLK
  5
71B
330
719
100
AcDbEntity
  8
0
100
AcDbBlockEnd
  0
BLOCK
  5
729
330
728
100
AcDbEntity
  8
0
100
AcDbBlockBegin
  2
*D62
 70
1
 10
0.0
 20
0.0
 30
0.0
  3
*D62
  1

  0
LINE
  5
72B
330
728
100
AcDbEntity
  8
0
100
AcDbLine
 10
63.92
 20
7.6
 30
0.0
 11
62.625
 21
7.6
 31
0.0
  0
LINE
  5
72C
330
728
100
AcDbEntity
  8
0
100
AcDbLine
 10
63.92
 20
11.6
 30
0.0
 11
62.625
 21
11.6
 31
0.0
  0
INSERT
  5
72D
330
728
100
AcDbEntity
  8
A-ANNO-DIMS
100
AcDbBlockReference
  2
_ARCHTICK
 10
63.0
 20
7.6
 30
0.0
 41
0.12
 42
0.12
 50
270.0
  0
INSERT
  5
72F
330
728
100
AcDbEntity
  8
A-ANNO-DIMS
100
AcDbBlockReference
  2
_ARCHTICK
 10
63.0
 20
11.6
 30
0.0
 41
0.12
 42
0.12
 50
90.0
  0
LINE
  5
731
330
728
100
AcDbEntity
  8
0
100
AcDbLine
 10
63.0
 20
7.6
 30
0.0
 11
63.0
 21
11.6
 31
0.0
  0
MTEXT
  5
732
330
728
100
AcDbEntity
  8
A-ANNO-DIMS
100
AcDbMText
 10
62.81
 20
9.6
 30
0.0
 40
0.18
 71
5
  1
4.00
  7
OpenSansCondensed-Light
 50
90.0
  0
POINT
  5
733
330
728
100
AcDbEntity
  8
Defpoints
100
AcDbPoint
 10
63.0
 20
7.6
 30
0.0
  0
POINT
  5
734
330
728
100
AcDbEntity
  8
Defpoints
100
AcDbPoint
 10
64.0
 20
7.6
 30
0.0
  0
POINT
  5
735
330
728
100
AcDbEntity
  8
Defpoints
100
AcDbPoint
 10
64.0
 20
11.6
 30
0.0
  0
ENDBLK
  5
72A
330
728
100
AcDbEntity
  8
0
100
AcDbBlockEnd
  0
BLOCK
  5
738
330
737
100
AcDbEntity
  8
0
100
AcDbBlockBegin
  2
*D63
 70
1
 10
0.0
 20
0.0
 30
0.0
  3
*D63
  1

  0
LINE
  5
73A
330
737
100
AcDbEntity
  8
0
100
AcDbLine
 10
63.92
 20
11.6
 30
0.0
 11
62.625
 21
11.6
 31
0.0
  0
LINE
  5
73B
330
737
100
AcDbEntity
  8
0
100
AcDbLine
 10
63.92
 20
11.75
 30
0.0
 11
62.625
 21
11.75
 31
0.0
  0
INSERT
  5
73C
330
737
100
AcDbEntity
  8
A-ANNO-DIMS
100
AcDbBlockReference
  2
_ARCHTICK
 10
63.0
 20
11.6
 30
0.0
 41
0.12
 42
0.12
 50
90.0
  0
INSERT
  5
73E
330
737
100
AcDbEntity
  8
A-ANNO-DIMS
100
AcDbBlockReference
  2
_ARCHTICK
 10
63.0
 20
11.75
 30
0.0
 41
0.12
 42
0.12
 50
270.0
  0
LINE
  5
740
330
737
100
AcDbEntity
  8
0
100
AcDbLine
 10
63.0
 20
11.6
 30
0.0
 11
63.0
 21
11.75
 31
0.0
  0
MTEXT
  5
741
330
737
100
AcDbEntity
  8
A-ANNO-DIMS
100
AcDbMText
 10
62.435
 20
11.675
 30
0.0
 40
0.18
 71
5
  1
0.15
  7
OpenSansCondensed-Light
 50
90.0
  0
POINT
  5
742
330
737
100
AcDbEntity
  8
Defpoints
100
AcDbPoint
 10
63.0
 20
11.6
 30
0.0
  0
POINT
  5
743
330
737
100
AcDbEntity
  8
Defpoints
100
AcDbPoint
 10
64.0
 20
11.6
 30
0.0
  0
POINT
  5
744
330
737
100
AcDbEntity
  8
Defpoints
100
AcDbPoint
 10
64.0
 20
11.75
 30
0.0
  0
ENDBLK
  5
739
330
737
100
AcDbEntity
  8
0
100
AcDbBlockEnd
  0
BLOCK
  5
747
330
746
100
AcDbEntity
  8
0
100
AcDbBlockBegin
  2
*D64
 70
1
 10
0.0
 20
0.0
 30
0.0
  3
*D64
  1

  0
LINE
  5
749
330
746
100
AcDbEntity
  8
0
100
AcDbLine
 10
63.92
 20
11.75
 30
0.0
 11
62.625
 21
11.75
 31
0.0
  0
LINE
  5
74A
330
746
100
AcDbEntity
  8
0
100
AcDbLine
 10
63.92
 20
16.75
 30
0.0
 11
62.625
 21
16.75
 31
0.0
  0
INSERT
  5
74B
330
746
100
AcDbEntity
  8
A-ANNO-DIMS
100
AcDbBlockReference
  2
_ARCHTICK
 10
63.0
 20
11.75
 30
0.0
 41
0.12
 42
0.12
 50
270.0
  0
INSERT
  5
74D
330
746
100
AcDbEntity
  8
A-ANNO-DIMS
100
AcDbBlockReference
  2
_ARCHTICK
 10
63.0
 20
16.75
 30
0.0
 41
0.12
 42
0.12
 50
90.0
  0
LINE
  5
74F
330
746
100
AcDbEntity
  8
0
100
AcDbLine
 10
63.0
 20
11.75
 30
0.0
 11
63.0
 21
16.75
 31
0.0
  0
MTEXT
  5
750
330
746
100
AcDbEntity
  8
A-ANNO-DIMS
100
AcDbMText
 10
62.81
 20
14.25
 30
0.0
 40
0.18
 71
5
  1
5.00
  7
OpenSansCondensed-Light
 50
90.0
  0
POINT
  5
751
330
746
100
AcDbEntity
  8
Defpoints
100
AcDbPoint
 10
63.0
 20
11.75
 30
0.0
  0
POINT
  5
752
330
746
100
AcDbEntity
  8
Defpoints
100
AcDbPoint
 10
64.0
 20
11.75
 30
0.0
  0
POINT
  5
753
330
746
100
AcDbEntity
  8
Defpoints
100
AcDbPoint
 10
64.0
 20
16.75
 30
0.0
  0
ENDBLK
  5
748
330
746
100
AcDbEntity
  8
0
100
AcDbBlockEnd
  0
BLOCK
  5
756
330
755
100
AcDbEntity
  8
0
100
AcDbBlockBegin
  2
*D65
 70
1
 10
0.0
 20
0.0
 30
0.0
  3
*D65
  1

  0
LINE
  5
758
330
755
100
AcDbEntity
  8
0
100
AcDbLine
 10
63.92
 20
16.75
 30
0.0
 11
62.625
 21
16.75
 31
0.0
  0
LINE
  5
759
330
755
100
AcDbEntity
  8
0
100
AcDbLine
 10
63.92
 20
16.9
 30
0.0
 11
62.625
 21
16.9
 31
0.0
  0
INSERT
  5
75A
330
755
100
AcDbEntity
  8
A-ANNO-DIMS
100
AcDbBlockReference
  2
_ARCHTICK
 10
63.0
 20
16.75
 30
0.0
 41
0.12
 42
0.12
 50
90.0
  0
INSERT
  5
75C
330
755
100
AcDbEntity
  8
A-ANNO-DIMS
100
AcDbBlockReference
  2
_ARCHTICK
 10
63.0
 20
16.9
 30
0.0
 41
0.12
 42
0.12
 50
270.0
  0
LINE
  5
75E
330
755
100
AcDbEntity
  8
0
100
AcDbLine
 10
63.0
 20
16.75
 30
0.0
 11
63.0
 21
16.9
 31
0.0
  0
MTEXT
  5
75F
330
755
100
AcDbEntity
  8
A-ANNO-DIMS
100
AcDbMText
 10
62.435
 20
16.825
 30
0.0
 40
0.18
 71
5
  1
0.15
  7
OpenSansCondensed-Light
 50
90.0
  0
POINT
  5
760
330
755
100
AcDbEntity
  8
Defpoints
100
AcDbPoint
 10
63.0
 20
16.75
 30
0.0
  0
POINT
  5
761
330
755
100
AcDbEntity
  8
Defpoints
100
AcDbPoint
 10
64.0
 20
16.75
 30
0.0
  0
POINT
  5
762
330
755
100
AcDbEntity
  8
Defpoints
100
AcDbPoint
 10
64.0
 20
16.9
 30
0.0
  0
ENDBLK
  5
757
330
755
100
AcDbEntity
  8
0
100
AcDbBlockEnd
  0
BLOCK
  5
765
330
764
100
AcDbEntity
  8
0
100
AcDbBlockBegin
  2
*D66
 70
1
 10
0.0
 20
0.0
 30
0.0
  3
*D66
  1

  0
LINE
  5
767
330
764
100
AcDbEntity
  8
0
100
AcDbLine
 10
63.92
 20
16.9
 30
0.0
 11
62.625
 21
16.9
 31
0.0
  0
LINE
  5
768
330
764
100
AcDbEntity
  8
0
100
AcDbLine
 10
63.92
 20
20.9
 30
0.0
 11
62.625
 21
20.9
 31
0.0
  0
INSERT
  5
769
330
764
100
AcDbEntity
  8
A-ANNO-DIMS
100
AcDbBlockReference
  2
_ARCHTICK
 10
63.0
 20
16.9
 30
0.0
 41
0.12
 42
0.12
 50
270.0
  0
INSERT
  5
76B
330
764
100
AcDbEntity
  8
A-ANNO-DIMS
100
AcDbBlockReference
  2
_ARCHTICK
 10
63.0
 20
20.9
 30
0.0
 41
0.12
 42
0.12
 50
90.0
  0
LINE
  5
76D
330
764
100
AcDbEntity
  8
0
100
AcDbLine
 10
63.0
 20
16.9
 30
0.0
 11
63.0
 21
20.9
 31
0.0
  0
MTEXT
  5
76E
330
764
100
AcDbEntity
  8
A-ANNO-DIMS
100
AcDbMText
 10
62.81
 20
18.9
 30
0.0
 40
0.18
 71
5
  1
4.00
  7
OpenSansCondensed-Light
 50
90.0
  0
POINT
  5
76F
330
764
100
AcDbEntity
  8
Defpoints
100
AcDbPoint
 10
63.0
 20
16.9
 30
0.0
  0
POINT
  5
770
330
764
100
AcDbEntity
  8
Defpoints
100
AcDbPoint
 10
64.0
 20
16.9
 30
0.0
  0
POINT
  5
771
330
764
100
AcDbEntity
  8
Defpoints
100
AcDbPoint
 10
64.0
 20
20.9
 30
0.0
  0
ENDBLK
  5
766
330
764
100
AcDbEntity
  8
0
100
AcDbBlockEnd
  0
BLOCK
  5
774
330
773
100
AcDbEntity
  8
0
100
AcDbBlockBegin
  2
*D67
 70
1
 10
0.0
 20
0.0
 30
0.0
  3
*D67
  1

  0
LINE
  5
776
330
773
100
AcDbEntity
  8
0
100
AcDbLine
 10
63.92
 20
20.9
 30
0.0
 11
62.625
 21
20.9
 31
0.0
  0
LINE
  5
777
330
773
100
AcDbEntity
  8
0
100
AcDbLine
 10
63.92
 20
21.05
 30
0.0
 11
62.625
 21
21.05
 31
0.0
  0
INSERT
  5
778
330
773
100
AcDbEntity
  8
A-ANNO-DIMS
100
AcDbBlockReference
  2
_ARCHTICK
 10
63.0
 20
20.9
 30
0.0
 41
0.12
 42
0.12
 50
90.0
  0
INSERT
  5
77A
330
773
100
AcDbEntity
  8
A-ANNO-DIMS
100
AcDbBlockReference
  2
_ARCHTICK
 10
63.0
 20
21.05
 30
0.0
 41
0.12
 42
0.12
 50
270.0
  0
LINE
  5
77C
330
773
100
AcDbEntity
  8
0
100
AcDbLine
 10
63.0
 20
20.9
 30
0.0
 11
63.0
 21
21.05
 31
0.0
  0
MTEXT
  5
77D
330
773
100
AcDbEntity
  8
A-ANNO-DIMS
100
AcDbMText
 10
62.435
 20
20.975
 30
0.0
 40
0.18
 71
5
  1
0.15
  7
OpenSansCondensed-Light
 50
90.0
  0
POINT
  5
77E
330
773
100
AcDbEntity
  8
Defpoints
100
AcDbPoint
 10
63.0
 20
20.9
 30
0.0
  0
POINT
  5
77F
330
773
100
AcDbEntity
  8
Defpoints
100
AcDbPoint
 10
64.0
 20
20.9
 30
0.0
  0
POINT
  5
780
330
773
100
AcDbEntity
  8
Defpoints
100
AcDbPoint
 10
64.0
 20
21.05
 30
0.0
  0
ENDBLK
  5
775
330
773
100
AcDbEntity
  8
0
100
AcDbBlockEnd
  0
BLOCK
  5
783
330
782
100
AcDbEntity
  8
0
100
AcDbBlockBegin
  2
*D68
 70
1
 10
0.0
 20
0.0
 30
0.0
  3
*D68
  1

  0
LINE
  5
785
330
782
100
AcDbEntity
  8
0
100
AcDbLine
 10
63.92
 20
21.05
 30
0.0
 11
62.625
 21
21.05
 31
0.0
  0
LINE
  5
786
330
782
100
AcDbEntity
  8
0
100
AcDbLine
 10
63.92
 20
22.55
 30
0.0
 11
62.625
 21
22.55
 31
0.0
  0
INSERT
  5
787
330
782
100
AcDbEntity
  8
A-ANNO-DIMS
100
AcDbBlockReference
  2
_ARCHTICK
 10
63.0
 20
21.05
 30
0.0
 41
0.12
 42
0.12
 50
270.0
  0
INSERT
  5
789
330
782
100
AcDbEntity
  8
A-ANNO-DIMS
100
AcDbBlockReference
  2
_ARCHTICK
 10
63.0
 20
22.55
 30
0.0
 41
0.12
 42
0.12
 50
90.0
  0
LINE
  5
78B
330
782
100
AcDbEntity
  8
0
100
AcDbLine
 10
63.0
 20
21.05
 30
0.0
 11
63.0
 21
22.55
 31
0.0
  0
MTEXT
  5
78C
330
782
100
AcDbEntity
  8
A-ANNO-DIMS
100
AcDbMText
 10
62.81
 20
21.8
 30
0.0
 40
0.18
 71
5
  1
1.50
  7
OpenSansCondensed-Light
 50
90.0
  0
POINT
  5
78D
330
782
100
AcDbEntity
  8
Defpoints
100
AcDbPoint
 10
63.0
 20
21.05
 30
0.0
  0
POINT
  5
78E
330
782
100
AcDbEntity
  8
Defpoints
100
AcDbPoint
 10
64.0
 20
21.05
 30
0.0
  0
POINT
  5
78F
330
782
100
AcDbEntity
  8
Defpoints
100
AcDbPoint
 10
64.0
 20
22.55
 30
0.0
  0
ENDBLK
  5
784
330
782
100
AcDbEntity
  8
0
100
AcDbBlockEnd
  0
BLOCK
  5
792
330
791
100
AcDbEntity
  8
0
100
AcDbBlockBegin
  2
*D69
 70
1
 10
0.0
 20
0.0
 30
0.0
  3
*D69
  1

  0
LINE
  5
794
330
791
100
AcDbEntity
  8
0
100
AcDbLine
 10
63.92
 20
22.55
 30
0.0
 11
62.625
 21
22.55
 31
0.0
  0
LINE
  5
795
330
791
100
AcDbEntity
  8
0
100
AcDbLine
 10
63.92
 20
22.7
 30
0.0
 11
62.625
 21
22.7
 31
0.0
  0
INSERT
  5
796
330
791
100
AcDbEntity
  8
A-ANNO-DIMS
100
AcDbBlockReference
  2
_ARCHTICK
 10
63.0
 20
22.55
 30
0.0
 41
0.12
 42
0.12
 50
90.0
  0
INSERT
  5
798
330
791
100
AcDbEntity
  8
A-ANNO-DIMS
100
AcDbBlockReference
  2
_ARCHTICK
 10
63.0
 20
22.7
 30
0.0
 41
0.12
 42
0.12
 50
270.0
  0
LINE
  5
79A
330
791
100
AcDbEntity
  8
0
100
AcDbLine
 10
63.0
 20
22.55
 30
0.0
 11
63.0
 21
22.7
 31
0.0
  0
MTEXT
  5
79B
330
791
100
AcDbEntity
  8
A-ANNO-DIMS
100
AcDbMText
 10
62.435
 20
22.625
 30
0.0
 40
0.18
 71
5
  1
0.15
  7
OpenSansCondensed-Light
 50
90.0
  0
POINT
  5
79C
330
791
100
AcDbEntity
  8
Defpoints
100
AcDbPoint
 10
63.0
 20
22.55
 30
0.0
  0
POINT
  5
79D
330
791
100
AcDbEntity
  8
Defpoints
100
AcDbPoint
 10
64.0
 20
22.55
 30
0.0
  0
POINT
  5
79E
330
791
100
AcDbEntity
  8
Defpoints
100
AcDbPoint
 10
64.0
 20
22.7
 30
0.0
  0
ENDBLK
  5
793
330
791
100
AcDbEntity
  8
0
100
AcDbBlockEnd
  0
BLOCK
  5
7A1
330
7A0
100
AcDbEntity
  8
0
100
AcDbBlockBegin
  2
*D70
 70
1
 10
0.0
 20
0.0
 30
0.0
  3
*D70
  1

  0
LINE
  5
7A3
330
7A0
100
AcDbEntity
  8
0
100
AcDbLine
 10
63.92
 20
22.7
 30
0.0
 11
62.625
 21
22.7
 31
0.0
  0
LINE
  5
7A4
330
7A0
100
AcDbEntity
  8
0
100
AcDbLine
 10
63.92
 20
27.7
 30
0.0
 11
62.625
 21
27.7
 31
0.0
  0
INSERT
  5
7A5
330
7A0
100
AcDbEntity
  8
A-ANNO-DIMS
100
AcDbBlockReference
  2
_ARCHTICK
 10
63.0
 20
22.7
 30
0.0
 41
0.12
 42
0.12
 50
270.0
  0
INSERT
  5
7A7
330
7A0
100
AcDbEntity
  8
A-ANNO-DIMS
100
AcDbBlockReference
  2
_ARCHTICK
 10
63.0
 20
27.7
 30
0.0
 41
0.12
 42
0.12
 50
90.0
  0
LINE
  5
7A9
330
7A0
100
AcDbEntity
  8
0
100
AcDbLine
 10
63.0
 20
22.7
 30
0.0
 11
63.0
 21
27.7
 31
0.0
  0
MTEXT
  5
7AA
330
7A0
100
AcDbEntity
  8
A-ANNO-DIMS
100
AcDbMText
 10
62.81
 20
25.2
 30
0.0
 40
0.18
 71
5
  1
5.00
  7
OpenSansCondensed-Light
 50
90.0
  0
POINT
  5
7AB
330
7A0
100
AcDbEntity
  8
Defpoints
100
AcDbPoint
 10
63.0
 20
22.7
 30
0.0
  0
POINT
  5
7AC
330
7A0
100
AcDbEntity
  8
Defpoints
100
AcDbPoint
 10
64.0
 20
22.7
 30
0.0
  0
POINT
  5
7AD
330
7A0
100
AcDbEntity
  8
Defpoints
100
AcDbPoint
 10
64.0
 20
27.7
 30
0.0
  0
ENDBLK
  5
7A2
330
7A0
100
AcDbEntity
  8
0
100
AcDbBlockEnd
  0
BLOCK
  5
7B0
330
7AF
100
AcDbEntity
  8
0
100
AcDbBlockBegin
  2
*D71
 70
1
 10
0.0
 20
0.0
 30
0.0
  3
*D71
  1

  0
LINE
  5
7B2
330
7AF
100
AcDbEntity
  8
0
100
AcDbLine
 10
63.92
 20
27.7
 30
0.0
 11
62.625
 21
27.7
 31
0.0
  0
LINE
  5
7B3
330
7AF
100
AcDbEntity
  8
0
100
AcDbLine
 10
63.92
 20
28.0
 30
0.0
 11
62.625
 21
28.0
 31
0.0
  0
INSERT
  5
7B4
330
7AF
100
AcDbEntity
  8
A-ANNO-DIMS
100
AcDbBlockReference
  2
_ARCHTICK
 10
63.0
 20
27.7
 30
0.0
 41
0.12
 42
0.12
 50
90.0
  0
INSERT
  5
7B6
330
7AF
100
AcDbEntity
  8
A-ANNO-DIMS
100
AcDbBlockReference
  2
_ARCHTICK
 10
63.0
 20
28.0
 30
0.0
 41
0.12
 42
0.12
 50
270.0
  0
LINE
  5
7B8
330
7AF
100
AcDbEntity
  8
0
100
AcDbLine
 10
63.0
 20
27.7
 30
0.0
 11
63.0
 21
28.0
 31
0.0
  0
MTEXT
  5
7B9
330
7AF
100
AcDbEntity
  8
A-ANNO-DIMS
100
AcDbMText
 10
62.435
 20
27.85
 30
0.0
 40
0.18
 71
5
  1
0.30
  7
OpenSansCondensed-Light
 50
90.0
  0
POINT
  5
7BA
330
7AF
100
AcDbEntity
  8
Defpoints
100
AcDbPoint
 10
63.0
 20
27.7
 30
0.0
  0
POINT
  5
7BB
330
7AF
100
AcDbEntity
  8
Defpoints
100
AcDbPoint
 10
64.0
 20
27.7
 30
0.0
  0
POINT
  5
7BC
330
7AF
100
AcDbEntity
  8
Defpoints
100
AcDbPoint
 10
64.0
 20
28.0
 30
0.0
  0
ENDBLK
  5
7B1
330
7AF
100
AcDbEntity
  8
0
100
AcDbBlockEnd
  0
BLOCK
  5
7BF
330
7BE
100
AcDbEntity
  8
0
100
AcDbBlockBegin
  2
*D72
 70
1
 10
0.0
 20
0.0
 30
0.0
  3
*D72
  1

  0
LINE
  5
7C1
330
7BE
100
AcDbEntity
  8
0
100
AcDbLine
 10
63.92
 20
0.0
 30
0.0
 11
61.625
 21
0.0
 31
0.0
  0
LINE
  5
7C2
330
7BE
100
AcDbEntity
  8
0
100
AcDbLine
 10
63.92
 20
28.0
 30
0.0
 11
61.625
 21
28.0
 31
0.0
  0
INSERT
  5
7C3
330
7BE
100
AcDbEntity
  8
A-ANNO-DIMS
100
AcDbBlockReference
  2
_ARCHTICK
 10
62.0
 20
0.0
 30
0.0
 41
0.12
 42
0.12
 50
270.0
  0
INSERT
  5
7C5
330
7BE
100
AcDbEntity
  8
A-ANNO-DIMS
100
AcDbBlockReference
  2
_ARCHTICK
 10
62.0
 20
28.0
 30
0.0
 41
0.12
 42
0.12
 50
90.0
  0
LINE
  5
7C7
330
7BE
100
AcDbEntity
  8
0
100
AcDbLine
 10
62.0
 20
0.0
 30
0.0
 11
62.0
 21
28.0
 31
0.0
  0
MTEXT
  5
7C8
330
7BE
100
AcDbEntity
  8
A-ANNO-DIMS
100
AcDbMText
 10
61.81
 20
14.0
 30
0.0
 40
0.18
 71
5
  1
28.00
  7
OpenSansCondensed-Light
 50
90.0
  0
POINT
  5
7C9
330
7BE
100
AcDbEntity
  8
Defpoints
100
AcDbPoint
 10
62.0
 20
0.0
 30
0.0
  0
POINT
  5
7CA
330
7BE
100
AcDbEntity
  8
Defpoints
100
AcDbPoint
 10
64.0
 20
0.0
 30
0.0
  0
POINT
  5
7CB
330
7BE
100
AcDbEntity
  8
Defpoints
100
AcDbPoint
 10
64.0
 20
28.0
 30
0.0
  0
ENDBLK
  5
7C0
330
7BE
100
AcDbEntity
  8
0
100
AcDbBlockEnd
  0
BLOCK
  5
8C9
330
8C8
100
AcDbEntity
  8
0
100
AcDbBlockBegin
  2
*D73
 70
1
 10
0.0
 20
0.0
 30
0.0
  3
*D73
  1

  0
LINE
  5
8CB
330
8C8
100
AcDbEntity
  8
0
100
AcDbLine
 10
96.0
 20
-0.08
 30
0.0
 11
96.0
 21
-2.575
 31
0.0
  0
LINE
  5
8CC
330
8C8
100
AcDbEntity
  8
0
100
AcDbLine
 10
96.3
 20
-0.08
 30
0.0
 11
96.3
 21
-2.575
 31
0.0
  0
INSERT
  5
8CD
330
8C8
100
AcDbEntity
  8
A-ANNO-DIMS
100
AcDbBlockReference
  2
_ARCHTICK
 10
96.0
 20
-2.2
 30
0.0
 41
0.12
 42
0.12
  0
INSERT
  5
8CF
330
8C8
100
AcDbEntity
  8
A-ANNO-DIMS
100
AcDbBlockReference
  2
_ARCHTICK
 10
96.3
 20
-2.2
 30
0.0
 41
0.12
 42
0.12
 50
180.0
  0
LINE
  5
8D1
330
8C8
100
AcDbEntity
  8
0
100
AcDbLine
 10
96.0
 20
-2.2
 30
0.0
 11
96.3
 21
-2.2
 31
0.0
  0
MTEXT
  5
8D2
330
8C8
100
AcDbEntity
  8
A-ANNO-DIMS
100
AcDbMText
 10
96.15
 20
-1.6350000000000002
 30
0.0
 40
0.18
 71
5
  1
0.30
  7
OpenSansCondensed-Light
  0
POINT
  5
8D3
330
8C8
100
AcDbEntity
  8
Defpoints
100
AcDbPoint
 10
96.0
 20
-2.2
 30
0.0
  0
POINT
  5
8D4
330
8C8
100
AcDbEntity
  8
Defpoints
100
AcDbPoint
 10
96.0
 20
0.0
 30
0.0
  0
POINT
  5
8D5
330
8C8
100
AcDbEntity
  8
Defpoints
100
AcDbPoint
 10
96.3
 20
0.0
 30
0.0
  0
ENDBLK
  5
8CA
330
8C8
100
AcDbEntity
  8
0
100
AcDbBlockEnd
  0
BLOCK
  5
8D8
330
8D7
100
AcDbEntity
  8
0
100
AcDbBlockBegin
  2
*D74
 70
1
 10
0.0
 20
0.0
 30
0.0
  3
*D74
  1

  0
LINE
  5
8DA
330
8D7
100
AcDbEntity
  8
0
100
AcDbLine
 10
96.3
 20
-0.08
 30
0.0
 11
96.3
 21
-2.575
 31
0.0
  0
LINE
  5
8DB
330
8D7
100
AcDbEntity
  8
0
100
AcDbLine
 10
103.2
 20
-0.08
 30
0.0
 11
103.2
 21
-2.575
 31
0.0
  0
INSERT
  5
8DC
330
8D7
100
AcDbEntity
  8
A-ANNO-DIMS
100
AcDbBlockReference
  2
_ARCHTICK
 10
96.3
 20
-2.2
 30
0.0
 41
0.12
 42
0.12
 50
180.0
  0
INSERT
  5
8DE
330
8D7
100
AcDbEntity
  8
A-ANNO-DIMS
100
AcDbBlockReference
  2
_ARCHTICK
 10
103.2
 20
-2.2
 30
0.0
 41
0.12
 42
0.12
  0
LINE
  5
8E0
330
8D7
100
AcDbEntity
  8
0
100
AcDbLine
 10
96.3
 20
-2.2
 30
0.0
 11
103.2
 21
-2.2
 31
0.0
  0
MTEXT
  5
8E1
330
8D7
100
AcDbEntity
  8
A-ANNO-DIMS
100
AcDbMText
 10
99.75
 20
-2.0100000000000002
 30
0.0
 40
0.18
 71
5
  1
6.90
  7
OpenSansCondensed-Light
  0
POINT
  5
8E2
330
8D7
100
AcDbEntity
  8
Defpoints
100
AcDbPoint
 10
96.3
 20
-2.2
 30
0.0
  0
POINT
  5
8E3
330
8D7
100
AcDbEntity
  8
Defpoints
100
AcDbPoint
 10
96.3
 20
0.0
 30
0.0
  0
POINT
  5
8E4
330
8D7
100
AcDbEntity
  8
Defpoints
100
AcDbPoint
 10
103.2
 20
0.0
 30
0.0
  0
ENDBLK
  5
8D9
330
8D7
100
AcDbEntity
  8
0
100
AcDbBlockEnd
  0
BLOCK
  5
8E7
330
8E6
100
AcDbEntity
  8
0
100
AcDbBlockBegin
  2
*D75
 70
1
 10
0.0
 20
0.0
 30
0.0
  3
*D75
  1

  0
LINE
  5
8E9
330
8E6
100
AcDbEntity
  8
0
100
AcDbLine
 10
103.2
 20
-0.08
 30
0.0
 11
103.2
 21
-2.575
 31
0.0
  0
LINE
  5
8EA
330
8E6
100
AcDbEntity
  8
0
100
AcDbLine
 10
103.45
 20
-0.08
 30
0.0
 11
103.45
 21
-2.575
 31
0.0
  0
INSERT
  5
8EB
330
8E6
100
AcDbEntity
  8
A-ANNO-DIMS
100
AcDbBlockReference
  2
_ARCHTICK
 10
103.2
 20
-2.2
 30
0.0
 41
0.12
 42
0.12
  0
INSERT
  5
8ED
330
8E6
100
AcDbEntity
  8
A-ANNO-DIMS
100
AcDbBlockReference
  2
_ARCHTICK
 10
103.45
 20
-2.2
 30
0.0
 41
0.12
 42
0.12
 50
180.0
  0
LINE
  5
8EF
330
8E6
100
AcDbEntity
  8
0
100
AcDbLine
 10
103.2
 20
-2.2
 30
0.0
 11
103.45
 21
-2.2
 31
0.0
  0
MTEXT
  5
8F0
330
8E6
100
AcDbEntity
  8
A-ANNO-DIMS
100
AcDbMText
 10
103.325
 20
-1.6350000000000002
 30
0.0
 40
0.18
 71
5
  1
0.25
  7
OpenSansCondensed-Light
  0
POINT
  5
8F1
330
8E6
100
AcDbEntity
  8
Defpoints
100
AcDbPoint
 10
103.2
 20
-2.2
 30
0.0
  0
POINT
  5
8F2
330
8E6
100
AcDbEntity
  8
Defpoints
100
AcDbPoint
 10
103.2
 20
0.0
 30
0.0
  0
POINT
  5
8F3
330
8E6
100
AcDbEntity
  8
Defpoints
100
AcDbPoint
 10
103.45
 20
0.0
 30
0.0
  0
ENDBLK
  5
8E8
330
8E6
100
AcDbEntity
  8
0
100
AcDbBlockEnd
  0
BLOCK
  5
8F6
330
8F5
100
AcDbEntity
  8
0
100
AcDbBlockBegin
  2
*D76
 70
1
 10
0.0
 20
0.0
 30
0.0
  3
*D76
  1

  0
LINE
  5
8F8
330
8F5
100
AcDbEntity
  8
0
100
AcDbLine
 10
103.45
 20
-0.08
 30
0.0
 11
103.45
 21
-2.575
 31
0.0
  0
LINE
  5
8F9
330
8F5
100
AcDbEntity
  8
0
100
AcDbLine
 10
107.7
 20
-0.08
 30
0.0
 11
107.7
 21
-2.575
 31
0.0
  0
INSERT
  5
8FA
330
8F5
100
AcDbEntity
  8
A-ANNO-DIMS
100
AcDbBlockReference
  2
_ARCHTICK
 10
103.45
 20
-2.2
 30
0.0
 41
0.12
 42
0.12
 50
180.0
  0
INSERT
  5
8FC
330
8F5
100
AcDbEntity
  8
A-ANNO-DIMS
100
AcDbBlockReference
  2
_ARCHTICK
 10
107.7
 20
-2.2
 30
0.0
 41
0.12
 42
0.12
  0
LINE
  5
8FE
330
8F5
100
AcDbEntity
  8
0
100
AcDbLine
 10
103.45
 20
-2.2
 30
0.0
 11
107.7
 21
-2.2
 31
0.0
  0
MTEXT
  5
8FF
330
8F5
100
AcDbEntity
  8
A-ANNO-DIMS
100
AcDbMText
 10
105.575
 20
-2.0100000000000002
 30
0.0
 40
0.18
 71
5
  1
4.25
  7
OpenSansCondensed-Light
  0
POINT
  5
900
330
8F5
100
AcDbEntity
  8
Defpoints
100
AcDbPoint
 10
103.45
 20
-2.2
 30
0.0
  0
POINT
  5
901
330
8F5
100
AcDbEntity
  8
Defpoints
100
AcDbPoint
 10
103.45
 20
0.0
 30
0.0
  0
POINT
  5
902
330
8F5
100
AcDbEntity
  8
Defpoints
100
AcDbPoint
 10
107.7
 20
0.0
 30
0.0
  0
ENDBLK
  5
8F7
330
8F5
100
AcDbEntity
  8
0
100
AcDbBlockEnd
  0
BLOCK
  5
905
330
904
100
AcDbEntity
  8
0
100
AcDbBlockBegin
  2
*D77
 70
1
 10
0.0
 20
0.0
 30
0.0
  3
*D77
  1

  0
LINE
  5
907
330
904
100
AcDbEntity
  8
0
100
AcDbLine
 10
107.7
 20
-0.08
 30
0.0
 11
107.7
 21
-2.575
 31
0.0
  0
LINE
  5
908
330
904
100
AcDbEntity
  8
0
100
AcDbLine
 10
107.95
 20
-0.08
 30
0.0
 11
107.95
 21
-2.575
 31
0.0
  0
INSERT
  5
909
330
904
100
AcDbEntity
  8
A-ANNO-DIMS
100
AcDbBlockReference
  2
_ARCHTICK
 10
107.7
 20
-2.2
 30
0.0
 41
0.12
 42
0.12
  0
INSERT
  5
90B
330
904
100
AcDbEntity
  8
A-ANNO-DIMS
100
AcDbBlockReference
  2
_ARCHTICK
 10
107.95
 20
-2.2
 30
0.0
 41
0.12
 42
0.12
 50
180.0
  0
LINE
  5
90D
330
904
100
AcDbEntity
  8
0
100
AcDbLine
 10
107.7
 20
-2.2
 30
0.0
 11
107.95
 21
-2.2
 31
0.0
  0
MTEXT
  5
90E
330
904
100
AcDbEntity
  8
A-ANNO-DIMS
100
AcDbMText
 10
107.825
 20
-1.6350000000000002
 30
0.0
 40
0.18
 71
5
  1
0.25
  7
OpenSansCondensed-Light
  0
POINT
  5
90F
330
904
100
AcDbEntity
  8
Defpoints
100
AcDbPoint
 10
107.7
 20
-2.2
 30
0.0
  0
POINT
  5
910
330
904
100
AcDbEntity
  8
Defpoints
100
AcDbPoint
 10
107.7
 20
0.0
 30
0.0
  0
POINT
  5
911
330
904
100
AcDbEntity
  8
Defpoints
100
AcDbPoint
 10
107.95
 20
0.0
 30
0.0
  0
ENDBLK
  5
906
330
904
100
AcDbEntity
  8
0
100
AcDbBlockEnd
  0
BLOCK
  5
914
330
913
100
AcDbEntity
  8
0
100
AcDbBlockBegin
  2
*D78
 70
1
 10
0.0
 20
0.0
 30
0.0
  3
*D78
  1

  0
LINE
  5
916
330
913
100
AcDbEntity
  8
0
100
AcDbLine
 10
107.95
 20
-0.08
 30
0.0
 11
107.95
 21
-2.575
 31
0.0
  0
LINE
  5
917
330
913
100
AcDbEntity
  8
0
100
AcDbLine
 10
114.85
 20
-0.08
 30
0.0
 11
114.85
 21
-2.575
 31
0.0
  0
INSERT
  5
918
330
913
100
AcDbEntity
  8
A-ANNO-DIMS
100
AcDbBlockReference
  2
_ARCHTICK
 10
107.95
 20
-2.2
 30
0.0
 41
0.12
 42
0.12
 50
180.0
  0
INSERT
  5
91A
330
913
100
AcDbEntity
  8
A-ANNO-DIMS
100
AcDbBlockReference
  2
_ARCHTICK
 10
114.85
 20
-2.2
 30
0.0
 41
0.12
 42
0.12
  0
LINE
  5
91C
330
913
100
AcDbEntity
  8
0
100
AcDbLine
 10
107.95
 20
-2.2
 30
0.0
 11
114.85
 21
-2.2
 31
0.0
  0
MTEXT
  5
91D
330
913
100
AcDbEntity
  8
A-ANNO-DIMS
100
AcDbMText
 10
111.4
 20
-2.0100000000000002
 30
0.0
 40
0.18
 71
5
  1
6.90
  7
OpenSansCondensed-Light
  0
POINT
  5
91E
330
913
100
AcDbEntity
  8
Defpoints
100
AcDbPoint
 10
107.95
 20
-2.2
 30
0.0
  0
POINT
  5
91F
330
913
100
AcDbEntity
  8
Defpoints
100
AcDbPoint
 10
107.95
 20
0.0
 30
0.0
  0
POINT
  5
920
330
913
100
AcDbEntity
  8
Defpoints
100
AcDbPoint
 10
114.85
 20
0.0
 30
0.0
  0
ENDBLK
  5
915
330
913
100
AcDbEntity
  8
0
100
AcDbBlockEnd
  0
BLOCK
  5
923
330
922
100
AcDbEntity
  8
0
100
AcDbBlockBegin
  2
*D79
 70
1
 10
0.0
 20
0.0
 30
0.0
  3
*D79
  1

  0
LINE
  5
925
330
922
100
AcDbEntity
  8
0
100
AcDbLine
 10
114.85
 20
-0.08
 30
0.0
 11
114.85
 21
-2.575
 31
0.0
  0
LINE
  5
926
330
922
100
AcDbEntity
  8
0
100
AcDbLine
 10
115.15
 20
-0.08
 30
0.0
 11
115.15
 21
-2.575
 31
0.0
  0
INSERT
  5
927
330
922
100
AcDbEntity
  8
A-ANNO-DIMS
100
AcDbBlockReference
  2
_ARCHTICK
 10
114.85
 20
-2.2
 30
0.0
 41
0.12
 42
0.12
  0
INSERT
  5
929
330
922
100
AcDbEntity
  8
A-ANNO-DIMS
100
AcDbBlockReference
  2
_ARCHTICK
 10
115.15
 20
-2.2
 30
0.0
 41
0.12
 42
0.12
 50
180.0
  0
LINE
  5
92B
330
922
100
AcDbEntity
  8
0
100
AcDbLine
 10
114.85
 20
-2.2
 30
0.0
 11
115.15
 21
-2.2
 31
0.0
  0
MTEXT
  5
92C
330
922
100
AcDbEntity
  8
A-ANNO-DIMS
100
AcDbMText
 10
115.0
 20
-1.6350000000000002
 30
0.0
 40
0.18
 71
5
  1
0.30
  7
OpenSansCondensed-Light
  0
POINT
  5
92D
330
922
100
AcDbEntity
  8
Defpoints
100
AcDbPoint
 10
114.85
 20
-2.2
 30
0.0
  0
POINT
  5
92E
330
922
100
AcDbEntity
  8
Defpoints
100
AcDbPoint
 10
114.85
 20
0.0
 30
0.0
  0
POINT
  5
92F
330
922
100
AcDbEntity
  8
Defpoints
100
AcDbPoint
 10
115.15
 20
0.0
 30
0.0
  0
ENDBLK
  5
924
330
922
100
AcDbEntity
  8
0
100
AcDbBlockEnd
  0
BLOCK
  5
932
330
931
100
AcDbEntity
  8
0
100
AcDbBlockBegin
  2
*D80
 70
1
 10
0.0
 20
0.0
 30
0.0
  3
*D80
  1

  0
LINE
  5
934
330
931
100
AcDbEntity
  8
0
100
AcDbLine
 10
96.0
 20
-0.08
 30
0.0
 11
96.0
 21
-3.375
 31
0.0
  0
LINE
  5
935
330
931
100
AcDbEntity
  8
0
100
AcDbLine
 10
115.15
 20
-0.08
 30
0.0
 11
115.15
 21
-3.375
 31
0.0
  0
INSERT
  5
936
330
931
100
AcDbEntity
  8
A-ANNO-DIMS
100
AcDbBlockReference
  2
_ARCHTICK
 10
96.0
 20
-3.0
 30
0.0
 41
0.12
 42
0.12
 50
180.0
  0
INSERT
  5
938
330
931
100
AcDbEntity
  8
A-ANNO-DIMS
100
AcDbBlockReference
  2
_ARCHTICK
 10
115.15
 20
-3.0
 30
0.0
 41
0.12
 42
0.12
  0
LINE
  5
93A
330
931
100
AcDbEntity
  8
0
100
AcDbLine
 10
96.0
 20
-3.0
 30
0.0
 11
115.15
 21
-3.0
 31
0.0
  0
MTEXT
  5
93B
330
931
100
AcDbEntity
  8
A-ANNO-DIMS
100
AcDbMText
 10
105.575
 20
-2.81
 30
0.0
 40
0.18
 71
5
  1
19.15
  7
OpenSansCondensed-Light
  0
POINT
  5
93C
330
931
100
AcDbEntity
  8
Defpoints
100
AcDbPoint
 10
96.0
 20
-3.0
 30
0.0
  0
POINT
  5
93D
330
931
100
AcDbEntity
  8
Defpoints
100
AcDbPoint
 10
96.0
 20
0.0
 30
0.0
  0
POINT
  5
93E
330
931
100
AcDbEntity
  8
Defpoints
100
AcDbPoint
 10
115.15
 20
0.0
 30
0.0
  0
ENDBLK
  5
933
330
931
100
AcDbEntity
  8
0
100
AcDbBlockEnd
  0
BLOCK
  5
941
330
940
100
AcDbEntity
  8
0
100
AcDbBlockBegin
  2
*D81
 70
1
 10
0.0
 20
0.0
 30
0.0
  3
*D81
  1

  0
LINE
  5
943
330
940
100
AcDbEntity
  8
0
100
AcDbLine
 10
95.92
 20
0.0
 30
0.0
 11
94.625
 21
0.0
 31
0.0
  0
LINE
  5
944
330
940
100
AcDbEntity
  8
0
100
AcDbLine
 10
95.92
 20
0.3
 30
0.0
 11
94.625
 21
0.3
 31
0.0
  0
INSERT
  5
945
330
940
100
AcDbEntity
  8
A-ANNO-DIMS
100
AcDbBlockReference
  2
_ARCHTICK
 10
95.0
 20
0.0
 30
0.0
 41
0.12
 42
0.12
 50
90.0
  0
INSERT
  5
947
330
940
100
AcDbEntity
  8
A-ANNO-DIMS
100
AcDbBlockReference
  2
_ARCHTICK
 10
95.0
 20
0.3
 30
0.0
 41
0.12
 42
0.12
 50
270.0
  0
LINE
  5
949
330
940
100
AcDbEntity
  8
0
100
AcDbLine
 10
95.0
 20
0.0
 30
0.0
 11
95.0
 21
0.3
 31
0.0
  0
MTEXT
  5
94A
330
940
100
AcDbEntity
  8
A-ANNO-DIMS
100
AcDbMText
 10
94.435
 20
0.15
 30
0.0
 40
0.18
 71
5
  1
0.30
  7
OpenSansCondensed-Light
 50
90.0
  0
POINT
  5
94B
330
940
100
AcDbEntity
  8
Defpoints
100
AcDbPoint
 10
95.0
 20
0.0
 30
0.0
  0
POINT
  5
94C
330
940
100
AcDbEntity
  8
Defpoints
100
AcDbPoint
 10
96.0
 20
0.0
 30
0.0
  0
POINT
  5
94D
330
940
100
AcDbEntity
  8
Defpoints
100
AcDbPoint
 10
96.0
 20
0.3
 30
0.0
  0
ENDBLK
  5
942
330
940
100
AcDbEntity
  8
0
100
AcDbBlockEnd
  0
BLOCK
  5
950
330
94F
100
AcDbEntity
  8
0
100
AcDbBlockBegin
  2
*D82
 70
1
 10
0.0
 20
0.0
 30
0.0
  3
*D82
  1

  0
LINE
  5
952
330
94F
100
AcDbEntity
  8
0
100
AcDbLine
 10
95.92
 20
0.3
 30
0.0
 11
94.625
 21
0.3
 31
0.0
  0
LINE
  5
953
330
94F
100
AcDbEntity
  8
0
100
AcDbLine
 10
95.92
 20
5.3
 30
0.0
 11
94.625
 21
5.3
 31
0.0
  0
INSERT
  5
954
330
94F
100
AcDbEntity
  8
A-ANNO-DIMS
100
AcDbBlockReference
  2
_ARCHTICK
 10
95.0
 20
0.3
 30
0.0
 41
0.12
 42
0.12
 50
270.0
  0
INSERT
  5
956
330
94F
100
AcDbEntity
  8
A-ANNO-DIMS
100
AcDbBlockReference
  2
_ARCHTICK
 10
95.0
 20
5.3
 30
0.0
 41
0.12
 42
0.12
 50
90.0
  0
LINE
  5
958
330
94F
100
AcDbEntity
  8
0
100
AcDbLine
 10
95.0
 20
0.3
 30
0.0
 11
95.0
 21
5.3
 31
0.0
  0
MTEXT
  5
959
330
94F
100
AcDbEntity
  8
A-ANNO-DIMS
100
AcDbMText
 10
94.81
 20
2.8
 30
0.0
 40
0.18
 71
5
  1
5.00
  7
OpenSansCondensed-Light
 50
90.0
  0
POINT
  5
95A
330
94F
100
AcDbEntity
  8
Defpoints
100
AcDbPoint
 10
95.0
 20
0.3
 30
0.0
  0
POINT
  5
95B
330
94F
100
AcDbEntity
  8
Defpoints
100
AcDbPoint
 10
96.0
 20
0.3
 30
0.0
  0
POINT
  5
95C
330
94F
100
AcDbEntity
  8
Defpoints
100
AcDbPoint
 10
96.0
 20
5.3
 30
0.0
  0
ENDBLK
  5
951
330
94F
100
AcDbEntity
  8
0
100
AcDbBlockEnd
  0
BLOCK
  5
95F
330
95E
100
AcDbEntity
  8
0
100
AcDbBlockBegin
  2
*D83
 70
1
 10
0.0
 20
0.0
 30
0.0
  3
*D83
  1

  0
LINE
  5
961
330
95E
100
AcDbEntity
  8
0
100
AcDbLine
 10
95.92
 20
5.3
 30
0.0
 11
94.625
 21
5.3
 31
0.0
  0
LINE
  5
962
330
95E
100
AcDbEntity
  8
0
100
AcDbLine
 10
95.92
 20
5.45
 30
0.0
 11
94.625
 21
5.45
 31
0.0
  0
INSERT
  5
963
330
95E
100
AcDbEntity
  8
A-ANNO-DIMS
100
AcDbBlockReference
  2
_ARCHTICK
 10
95.0
 20
5.3
 30
0.0
 41
0.12
 42
0.12
 50
90.0
  0
INSERT
  5
965
330
95E
100
AcDbEntity
  8
A-ANNO-DIMS
100
AcDbBlockReference
  2
_ARCHTICK
 10
95.0
 20
5.45
 30
0.0
 41
0.12
 42
0.12
 50
270.0
  0
LINE
  5
967
330
95E
100
AcDbEntity
  8
0
100
AcDbLine
 10
95.0
 20
5.3
 30
0.0
 11
95.0
 21
5.45
 31
0.0
  0
MTEXT
  5
968
330
95E
100
AcDbEntity
  8
A-ANNO-DIMS
100
AcDbMText
 10
94.435
 20
5.375
 30
0.0
 40
0.18
 71
5
  1
0.15
  7
OpenSansCondensed-Light
 50
90.0
  0
POINT
  5
969
330
95E
100
AcDbEntity
  8
Defpoints
100
AcDbPoint
 10
95.0
 20
5.3
 30
0.0
  0
POINT
  5
96A
330
95E
100
AcDbEntity
  8
Defpoints
100
AcDbPoint
 10
96.0
 20
5.3
 30
0.0
  0
POINT
  5
96B
330
95E
100
AcDbEntity
  8
Defpoints
100
AcDbPoint
 10
96.0
 20
5.45
 30
0.0
  0
ENDBLK
  5
960
330
95E
100
AcDbEntity
  8
0
100
AcDbBlockEnd
  0
BLOCK
  5
96E
330
96D
100
AcDbEntity
  8
0
100
AcDbBlockBegin
  2
*D84
 70
1
 10
0.0
 20
0.0
 30
0.0
  3
*D84
  1

  0
LINE
  5
970
330
96D
100
AcDbEntity
  8
0
100
AcDbLine
 10
95.92
 20
5.45
 30
0.0
 11
94.625
 21
5.45
 31
0.0
  0
LINE
  5
971
330
96D
100
AcDbEntity
  8
0
100
AcDbLine
 10
95.92
 20
7.45
 30
0.0
 11
94.625
 21
7.45
 31
0.0
  0
INSERT
  5
972
330
96D
100
AcDbEntity
  8
A-ANNO-DIMS
100
AcDbBlockReference
  2
_ARCHTICK
 10
95.0
 20
5.45
 30
0.0
 41
0.12
 42
0.12
 50
270.0
  0
INSERT
  5
974
330
96D
100
AcDbEntity
  8
A-ANNO-DIMS
100
AcDbBlockReference
  2
_ARCHTICK
 10
95.0
 20
7.45
 30
0.0
 41
0.12
 42
0.12
 50
90.0
  0
LINE
  5
976
330
96D
100
AcDbEntity
  8
0
100
AcDbLine
 10
95.0
 20
5.45
 30
0.0
 11
95.0
 21
7.45
 31
0.0
  0
MTEXT
  5
977
330
96D
100
AcDbEntity
  8
A-ANNO-DIMS
100
AcDbMText
 10
94.81
 20
6.45
 30
0.0
 40
0.18
 71
5
  1
2.00
  7
OpenSansCondensed-Light
 50
90.0
  0
POINT
  5
978
330
96D
100
AcDbEntity
  8
Defpoints
100
AcDbPoint
 10
95.0
 20
5.45
 30
0.0
  0
POINT
  5
979
330
96D
100
AcDbEntity
  8
Defpoints
100
AcDbPoint
 10
96.0
 20
5.45
 30
0.0
  0
POINT
  5
97A
330
96D
100
AcDbEntity
  8
Defpoints
100
AcDbPoint
 10
96.0
 20
7.45
 30
0.0
  0
ENDBLK
  5
96F
330
96D
100
AcDbEntity
  8
0
100
AcDbBlockEnd
  0
BLOCK
  5
97D
330
97C
100
AcDbEntity
  8
0
100
AcDbBlockBegin
  2
*D85
 70
1
 10
0.0
 20
0.0
 30
0.0
  3
*D85
  1

  0
LINE
  5
97F
330
97C
100
AcDbEntity
  8
0
100
AcDbLine
 10
95.92
 20
7.45
 30
0.0
 11
94.625
 21
7.45
 31
0.0
  0
LINE
  5
980
330
97C
100
AcDbEntity
  8
0
100
AcDbLine
 10
95.92
 20
7.6
 30
0.0
 11
94.625
 21
7.6
 31
0.0
  0
INSERT
  5
981
330
97C
100
AcDbEntity
  8
A-ANNO-DIMS
100
AcDbBlockReference
  2
_ARCHTICK
 10
95.0
 20
7.45
 30
0.0
 41
0.12
 42
0.12
 50
90.0
  0
INSERT
  5
983
330
97C
100
AcDbEntity
  8
A-ANNO-DIMS
100
AcDbBlockReference
  2
_ARCHTICK
 10
95.0
 20
7.6
 30
0.0
 41
0.12
 42
0.12
 50
270.0
  0
LINE
  5
985
330
97C
100
AcDbEntity
  8
0
100
AcDbLine
 10
95.0
 20
7.45
 30
0.0
 11
95.0
 21
7.6
 31
0.0
  0
MTEXT
  5
986
330
97C
100
AcDbEntity
  8
A-ANNO-DIMS
100
AcDbMText
 10
94.435
 20
7.525
 30
0.0
 40
0.18
 71
5
  1
0.15
  7
OpenSansCondensed-Light
 50
90.0
  0
POINT
  5
987
330
97C
100
AcDbEntity
  8
Defpoints
100
AcDbPoint
 10
95.0
 20
7.45
 30
0.0
  0
POINT
  5
988
330
97C
100
AcDbEntity
  8
Defpoints
100
AcDbPoint
 10
96.0
 20
7.45
 30
0.0
  0
POINT
  5
989
330
97C
100
AcDbEntity
  8
Defpoints
100
AcDbPoint
 10
96.0
 20
7.6
 30
0.0
  0
ENDBLK
  5
97E
330
97C
100
AcDbEntity
  8
0
100
AcDbBlockEnd
  0
BLOCK
  5
98C
330
98B
100
AcDbEntity
  8
0
100
AcDbBlockBegin
  2
*D86
 70
1
 10
0.0
 20
0.0
 30
0.0
  3
*D86
  1

  0
LINE
  5
98E
330
98B
100
AcDbEntity
  8
0
100
AcDbLine
 10
95.92
 20
7.6
 30
0.0
 11
94.625
 21
7.6
 31
0.0
  0
LINE
  5
98F
330
98B
100
AcDbEntity
  8
0
100
AcDbLine
 10
95.92
 20
11.6
 30
0.0
 11
94.625
 21
11.6
 31
0.0
  0
INSERT
  5
990
330
98B
100
AcDbEntity
  8
A-ANNO-DIMS
100
AcDbBlockReference
  2
_ARCHTICK
 10
95.0
 20
7.6
 30
0.0
 41
0.12
 42
0.12
 50
270.0
  0
INSERT
  5
992
330
98B
100
AcDbEntity
  8
A-ANNO-DIMS
100
AcDbBlockReference
  2
_ARCHTICK
 10
95.0
 20
11.6
 30
0.0
 41
0.12
 42
0.12
 50
90.0
  0
LINE
  5
994
330
98B
100
AcDbEntity
  8
0
100
AcDbLine
 10
95.0
 20
7.6
 30
0.0
 11
95.0
 21
11.6
 31
0.0
  0
MTEXT
  5
995
330
98B
100
AcDbEntity
  8
A-ANNO-DIMS
100
AcDbMText
 10
94.81
 20
9.6
 30
0.0
 40
0.18
 71
5
  1
4.00
  7
OpenSansCondensed-Light
 50
90.0
  0
POINT
  5
996
330
98B
100
AcDbEntity
  8
Defpoints
100
AcDbPoint
 10
95.0
 20
7.6
 30
0.0
  0
POINT
  5
997
330
98B
100
AcDbEntity
  8
Defpoints
100
AcDbPoint
 10
96.0
 20
7.6
 30
0.0
  0
POINT
  5
998
330
98B
100
AcDbEntity
  8
Defpoints
100
AcDbPoint
 10
96.0
 20
11.6
 30
0.0
  0
ENDBLK
  5
98D
330
98B
100
AcDbEntity
  8
0
100
AcDbBlockEnd
  0
BLOCK
  5
99B
330
99A
100
AcDbEntity
  8
0
100
AcDbBlockBegin
  2
*D87
 70
1
 10
0.0
 20
0.0
 30
0.0
  3
*D87
  1

  0
LINE
  5
99D
330
99A
100
AcDbEntity
  8
0
100
AcDbLine
 10
95.92
 20
11.6
 30
0.0
 11
94.625
 21
11.6
 31
0.0
  0
LINE
  5
99E
330
99A
100
AcDbEntity
  8
0
100
AcDbLine
 10
95.92
 20
11.75
 30
0.0
 11
94.625
 21
11.75
 31
0.0
  0
INSERT
  5
99F
330
99A
100
AcDbEntity
  8
A-ANNO-DIMS
100
AcDbBlockReference
  2
_ARCHTICK
 10
95.0
 20
11.6
 30
0.0
 41
0.12
 42
0.12
 50
90.0
  0
INSERT
  5
9A1
330
99A
100
AcDbEntity
  8
A-ANNO-DIMS
100
AcDbBlockReference
  2
_ARCHTICK
 10
95.0
 20
11.75
 30
0.0
 41
0.12
 42
0.12
 50
270.0
  0
LINE
  5
9A3
330
99A
100
AcDbEntity
  8
0
100
AcDbLine
 10
95.0
 20
11.6
 30
0.0
 11
95.0
 21
11.75
 31
0.0
  0
MTEXT
  5
9A4
330
99A
100
AcDbEntity
  8
A-ANNO-DIMS
100
AcDbMText
 10
94.435
 20
11.675
 30
0.0
 40
0.18
 71
5
  1
0.15
  7
OpenSansCondensed-Light
 50
90.0
  0
POINT
  5
9A5
330
99A
100
AcDbEntity
  8
Defpoints
100
AcDbPoint
 10
95.0
 20
11.6
 30
0.0
  0
POINT
  5
9A6
330
99A
100
AcDbEntity
  8
Defpoints
100
AcDbPoint
 10
96.0
 20
11.6
 30
0.0
  0
POINT
  5
9A7
330
99A
100
AcDbEntity
  8
Defpoints
100
AcDbPoint
 10
96.0
 20
11.75
 30
0.0
  0
ENDBLK
  5
99C
330
99A
100
AcDbEntity
  8
0
100
AcDbBlockEnd
  0
BLOCK
  5
9AA
330
9A9
100
AcDbEntity
  8
0
100
AcDbBlockBegin
  2
*D88
 70
1
 10
0.0
 20
0.0
 30
0.0
  3
*D88
  1

  0
LINE
  5
9AC
330
9A9
100
AcDbEntity
  8
0
100
AcDbLine
 10
95.92
 20
11.75
 30
0.0
 11
94.625
 21
11.75
 31
0.0
  0
LINE
  5
9AD
330
9A9
100
AcDbEntity
  8
0
100
AcDbLine
 10
95.92
 20
16.75
 30
0.0
 11
94.625
 21
16.75
 31
0.0
  0
INSERT
  5
9AE
330
9A9
100
AcDbEntity
  8
A-ANNO-DIMS
100
AcDbBlockReference
  2
_ARCHTICK
 10
95.0
 20
11.75
 30
0.0
 41
0.12
 42
0.12
 50
270.0
  0
INSERT
  5
9B0
330
9A9
100
AcDbEntity
  8
A-ANNO-DIMS
100
AcDbBlockReference
  2
_ARCHTICK
 10
95.0
 20
16.75
 30
0.0
 41
0.12
 42
0.12
 50
90.0
  0
LINE
  5
9B2
330
9A9
100
AcDbEntity
  8
0
100
AcDbLine
 10
95.0
 20
11.75
 30
0.0
 11
95.0
 21
16.75
 31
0.0
  0
MTEXT
  5
9B3
330
9A9
100
AcDbEntity
  8
A-ANNO-DIMS
100
AcDbMText
 10
94.81
 20
14.25
 30
0.0
 40
0.18
 71
5
  1
5.00
  7
OpenSansCondensed-Light
 50
90.0
  0
POINT
  5
9B4
330
9A9
100
AcDbEntity
  8
Defpoints
100
AcDbPoint
 10
95.0
 20
11.75
 30
0.0
  0
POINT
  5
9B5
330
9A9
100
AcDbEntity
  8
Defpoints
100
AcDbPoint
 10
96.0
 20
11.75
 30
0.0
  0
POINT
  5
9B6
330
9A9
100
AcDbEntity
  8
Defpoints
100
AcDbPoint
 10
96.0
 20
16.75
 30
0.0
  0
ENDBLK
  5
9AB
330
9A9
100
AcDbEntity
  8
0
100
AcDbBlockEnd
  0
BLOCK
  5
9B9
330
9B8
100
AcDbEntity
  8
0
100
AcDbBlockBegin
  2
*D89
 70
1
 10
0.0
 20
0.0
 30
0.0
  3
*D89
  1

  0
LINE
  5
9BB
330
9B8
100
AcDbEntity
  8
0
100
AcDbLine
 10
95.92
 20
16.75
 30
0.0
 11
94.625
 21
16.75
 31
0.0
  0
LINE
  5
9BC
330
9B8
100
AcDbEntity
  8
0
100
AcDbLine
 10
95.92
 20
16.9
 30
0.0
 11
94.625
 21
16.9
 31
0.0
  0
INSERT
  5
9BD
330
9B8
100
AcDbEntity
  8
A-ANNO-DIMS
100
AcDbBlockReference
  2
_ARCHTICK
 10
95.0
 20
16.75
 30
0.0
 41
0.12
 42
0.12
 50
90.0
  0
INSERT
  5
9BF
330
9B8
100
AcDbEntity
  8
A-ANNO-DIMS
100
AcDbBlockReference
  2
_ARCHTICK
 10
95.0
 20
16.9
 30
0.0
 41
0.12
 42
0.12
 50
270.0
  0
LINE
  5
9C1
330
9B8
100
AcDbEntity
  8
0
100
AcDbLine
 10
95.0
 20
16.75
 30
0.0
 11
95.0
 21
16.9
 31
0.0
  0
MTEXT
  5
9C2
330
9B8
100
AcDbEntity
  8
A-ANNO-DIMS
100
AcDbMText
 10
94.435
 20
16.825
 30
0.0
 40
0.18
 71
5
  1
0.15
  7
OpenSansCondensed-Light
 50
90.0
  0
POINT
  5
9C3
330
9B8
100
AcDbEntity
  8
Defpoints
100
AcDbPoint
 10
95.0
 20
16.75
 30
0.0
  0
POINT
  5
9C4
330
9B8
100
AcDbEntity
  8
Defpoints
100
AcDbPoint
 10
96.0
 20
16.75
 30
0.0
  0
POINT
  5
9C5
330
9B8
100
AcDbEntity
  8
Defpoints
100
AcDbPoint
 10
96.0
 20
16.9
 30
0.0
  0
ENDBLK
  5
9BA
330
9B8
100
AcDbEntity
  8
0
100
AcDbBlockEnd
  0
BLOCK
  5
9C8
330
9C7
100
AcDbEntity
  8
0
100
AcDbBlockBegin
  2
*D90
 70
1
 10
0.0
 20
0.0
 30
0.0
  3
*D90
  1

  0
LINE
  5
9CA
330
9C7
100
AcDbEntity
  8
0
100
AcDbLine
 10
95.92
 20
16.9
 30
0.0
 11
94.625
 21
16.9
 31
0.0
  0
LINE
  5
9CB
330
9C7
100
AcDbEntity
  8
0
100
AcDbLine
 10
95.92
 20
20.9
 30
0.0
 11
94.625
 21
20.9
 31
0.0
  0
INSERT
  5
9CC
330
9C7
100
AcDbEntity
  8
A-ANNO-DIMS
100
AcDbBlockReference
  2
_ARCHTICK
 10
95.0
 20
16.9
 30
0.0
 41
0.12
 42
0.12
 50
270.0
  0
INSERT
  5
9CE
330
9C7
100
AcDbEntity
  8
A-ANNO-DIMS
100
AcDbBlockReference
  2
_ARCHTICK
 10
95.0
 20
20.9
 30
0.0
 41
0.12
 42
0.12
 50
90.0
  0
LINE
  5
9D0
330
9C7
100
AcDbEntity
  8
0
100
AcDbLine
 10
95.0
 20
16.9
 30
0.0
 11
95.0
 21
20.9
 31
0.0
  0
MTEXT
  5
9D1
330
9C7
100
AcDbEntity
  8
A-ANNO-DIMS
100
AcDbMText
 10
94.81
 20
18.9
 30
0.0
 40
0.18
 71
5
  1
4.00
  7
OpenSansCondensed-Light
 50
90.0
  0
POINT
  5
9D2
330
9C7
100
AcDbEntity
  8
Defpoints
100
AcDbPoint
 10
95.0
 20
16.9
 30
0.0
  0
POINT
  5
9D3
330
9C7
100
AcDbEntity
  8
Defpoints
100
AcDbPoint
 10
96.0
 20
16.9
 30
0.0
  0
POINT
  5
9D4
330
9C7
100
AcDbEntity
  8
Defpoints
100
AcDbPoint
 10
96.0
 20
20.9
 30
0.0
  0
ENDBLK
  5
9C9
330
9C7
100
AcDbEntity
  8
0
100
AcDbBlockEnd
  0
BLOCK
  5
9D7
330
9D6
100
AcDbEntity
  8
0
100
AcDbBlockBegin
  2
*D91
 70
1
 10
0.0
 20
0.0
 30
0.0
  3
*D91
  1

  0
LINE
  5
9D9
330
9D6
100
AcDbEntity
  8
0
100
AcDbLine
 10
95.92
 20
20.9
 30
0.0
 11
94.625
 21
20.9
 31
0.0
  0
LINE
  5
9DA
330
9D6
100
AcDbEntity
  8
0
100
AcDbLine
 10
95.92
 20
21.05
 30
0.0
 11
94.625
 21
21.05
 31
0.0
  0
INSERT
  5
9DB
330
9D6
100
AcDbEntity
  8
A-ANNO-DIMS
100
AcDbBlockReference
  2
_ARCHTICK
 10
95.0
 20
20.9
 30
0.0
 41
0.12
 42
0.12
 50
90.0
  0
INSERT
  5
9DD
330
9D6
100
AcDbEntity
  8
A-ANNO-DIMS
100
AcDbBlockReference
  2
_ARCHTICK
 10
95.0
 20
21.05
 30
0.0
 41
0.12
 42
0.12
 50
270.0
  0
LINE
  5
9DF
330
9D6
100
AcDbEntity
  8
0
100
AcDbLine
 10
95.0
 20
20.9
 30
0.0
 11
95.0
 21
21.05
 31
0.0
  0
MTEXT
  5
9E0
330
9D6
100
AcDbEntity
  8
A-ANNO-DIMS
100
AcDbMText
 10
94.435
 20
20.975
 30
0.0
 40
0.18
 71
5
  1
0.15
  7
OpenSansCondensed-Light
 50
90.0
  0
POINT
  5
9E1
330
9D6
100
AcDbEntity
  8
Defpoints
100
AcDbPoint
 10
95.0
 20
20.9
 30
0.0
  0
POINT
  5
9E2
330
9D6
100
AcDbEntity
  8
Defpoints
100
AcDbPoint
 10
96.0
 20
20.9
 30
0.0
  0
POINT
  5
9E3
330
9D6
100
AcDbEntity
  8
Defpoints
100
AcDbPoint
 10
96.0
 20
21.05
 30
0.0
  0
ENDBLK
  5
9D8
330
9D6
100
AcDbEntity
  8
0
100
AcDbBlockEnd
  0
BLOCK
  5
9E6
330
9E5
100
AcDbEntity
  8
0
100
AcDbBlockBegin
  2
*D92
 70
1
 10
0.0
 20
0.0
 30
0.0
  3
*D92
  1

  0
LINE
  5
9E8
330
9E5
100
AcDbEntity
  8
0
100
AcDbLine
 10
95.92
 20
21.05
 30
0.0
 11
94.625
 21
21.05
 31
0.0
  0
LINE
  5
9E9
330
9E5
100
AcDbEntity
  8
0
100
AcDbLine
 10
95.92
 20
22.55
 30
0.0
 11
94.625
 21
22.55
 31
0.0
  0
INSERT
  5
9EA
330
9E5
100
AcDbEntity
  8
A-ANNO-DIMS
100
AcDbBlockReference
  2
_ARCHTICK
 10
95.0
 20
21.05
 30
0.0
 41
0.12
 42
0.12
 50
270.0
  0
INSERT
  5
9EC
330
9E5
100
AcDbEntity
  8
A-ANNO-DIMS
100
AcDbBlockReference
  2
_ARCHTICK
 10
95.0
 20
22.55
 30
0.0
 41
0.12
 42
0.12
 50
90.0
  0
LINE
  5
9EE
330
9E5
100
AcDbEntity
  8
0
100
AcDbLine
 10
95.0
 20
21.05
 30
0.0
 11
95.0
 21
22.55
 31
0.0
  0
MTEXT
  5
9EF
330
9E5
100
AcDbEntity
  8
A-ANNO-DIMS
100
AcDbMText
 10
94.81
 20
21.8
 30
0.0
 40
0.18
 71
5
  1
1.50
  7
OpenSansCondensed-Light
 50
90.0
  0
POINT
  5
9F0
330
9E5
100
AcDbEntity
  8
Defpoints
100
AcDbPoint
 10
95.0
 20
21.05
 30
0.0
  0
POINT
  5
9F1
330
9E5
100
AcDbEntity
  8
Defpoints
100
AcDbPoint
 10
96.0
 20
21.05
 30
0.0
  0
POINT
  5
9F2
330
9E5
100
AcDbEntity
  8
Defpoints
100
AcDbPoint
 10
96.0
 20
22.55
 30
0.0
  0
ENDBLK
  5
9E7
330
9E5
100
AcDbEntity
  8
0
100
AcDbBlockEnd
  0
BLOCK
  5
9F5
330
9F4
100
AcDbEntity
  8
0
100
AcDbBlockBegin
  2
*D93
 70
1
 10
0.0
 20
0.0
 30
0.0
  3
*D93
  1

  0
LINE
  5
9F7
330
9F4
100
AcDbEntity
  8
0
100
AcDbLine
 10
95.92
 20
22.55
 30
0.0
 11
94.625
 21
22.55
 31
0.0
  0
LINE
  5
9F8
330
9F4
100
AcDbEntity
  8
0
100
AcDbLine
 10
95.92
 20
22.7
 30
0.0
 11
94.625
 21
22.7
 31
0.0
  0
INSERT
  5
9F9
330
9F4
100
AcDbEntity
  8
A-ANNO-DIMS
100
AcDbBlockReference
  2
_ARCHTICK
 10
95.0
 20
22.55
 30
0.0
 41
0.12
 42
0.12
 50
90.0
  0
INSERT
  5
9FB
330
9F4
100
AcDbEntity
  8
A-ANNO-DIMS
100
AcDbBlockReference
  2
_ARCHTICK
 10
95.0
 20
22.7
 30
0.0
 41
0.12
 42
0.12
 50
270.0
  0
LINE
  5
9FD
330
9F4
100
AcDbEntity
  8
0
100
AcDbLine
 10
95.0
 20
22.55
 30
0.0
 11
95.0
 21
22.7
 31
0.0
  0
MTEXT
  5
9FE
330
9F4
100
AcDbEntity
  8
A-ANNO-DIMS
100
AcDbMText
 10
94.435
 20
22.625
 30
0.0
 40
0.18
 71
5
  1
0.15
  7
OpenSansCondensed-Light
 50
90.0
  0
POINT
  5
9FF
330
9F4
100
AcDbEntity
  8
Defpoints
100
AcDbPoint
 10
95.0
 20
22.55
 30
0.0
  0
POINT
  5
A00
330
9F4
100
AcDbEntity
  8
Defpoints
100
AcDbPoint
 10
96.0
 20
22.55
 30
0.0
  0
POINT
  5
A01
330
9F4
100
AcDbEntity
  8
Defpoints
100
AcDbPoint
 10
96.0
 20
22.7
 30
0.0
  0
ENDBLK
  5
9F6
330
9F4
100
AcDbEntity
  8
0
100
AcDbBlockEnd
  0
BLOCK
  5
A04
330
A03
100
AcDbEntity
  8
0
100
AcDbBlockBegin
  2
*D94
 70
1
 10
0.0
 20
0.0
 30
0.0
  3
*D94
  1

  0
LINE
  5
A06
330
A03
100
AcDbEntity
  8
0
100
AcDbLine
 10
95.92
 20
22.7
 30
0.0
 11
94.625
 21
22.7
 31
0.0
  0
LINE
  5
A07
330
A03
100
AcDbEntity
  8
0
100
AcDbLine
 10
95.92
 20
27.7
 30
0.0
 11
94.625
 21
27.7
 31
0.0
  0
INSERT
  5
A08
330
A03
100
AcDbEntity
  8
A-ANNO-DIMS
100
AcDbBlockReference
  2
_ARCHTICK
 10
95.0
 20
22.7
 30
0.0
 41
0.12
 42
0.12
 50
270.0
  0
INSERT
  5
A0A
330
A03
100
AcDbEntity
  8
A-ANNO-DIMS
100
AcDbBlockReference
  2
_ARCHTICK
 10
95.0
 20
27.7
 30
0.0
 41
0.12
 42
0.12
 50
90.0
  0
LINE
  5
A0C
330
A03
100
AcDbEntity
  8
0
100
AcDbLine
 10
95.0
 20
22.7
 30
0.0
 11
95.0
 21
27.7
 31
0.0
  0
MTEXT
  5
A0D
330
A03
100
AcDbEntity
  8
A-ANNO-DIMS
100
AcDbMText
 10
94.81
 20
25.2
 30
0.0
 40
0.18
 71
5
  1
5.00
  7
OpenSansCondensed-Light
 50
90.0
  0
POINT
  5
A0E
330
A03
100
AcDbEntity
  8
Defpoints
100
AcDbPoint
 10
95.0
 20
22.7
 30
0.0
  0
POINT
  5
A0F
330
A03
100
AcDbEntity
  8
Defpoints
100
AcDbPoint
 10
96.0
 20
22.7
 30
0.0
  0
POINT
  5
A10
330
A03
100
AcDbEntity
  8
Defpoints
100
AcDbPoint
 10
96.0
 20
27.7
 30
0.0
  0
ENDBLK
  5
A05
330
A03
100
AcDbEntity
  8
0
100
AcDbBlockEnd
  0
BLOCK
  5
A13
330
A12
100
AcDbEntity
  8
0
100
AcDbBlockBegin
  2
*D95
 70
1
 10
0.0
 20
0.0
 30
0.0
  3
*D95
  1

  0
LINE
  5
A15
330
A12
100
AcDbEntity
  8
0
100
AcDbLine
 10
95.92
 20
27.7
 30
0.0
 11
94.625
 21
27.7
 31
0.0
  0
LINE
  5
A16
330
A12
100
AcDbEntity
  8
0
100
AcDbLine
 10
95.92
 20
28.0
 30
0.0
 11
94.625
 21
28.0
 31
0.0
  0
INSERT
  5
A17
330
A12
100
AcDbEntity
  8
A-ANNO-DIMS
100
AcDbBlockReference
  2
_ARCHTICK
 10
95.0
 20
27.7
 30
0.0
 41
0.12
 42
0.12
 50
90.0
  0
INSERT
  5
A19
330
A12
100
AcDbEntity
  8
A-ANNO-DIMS
100
AcDbBlockReference
  2
_ARCHTICK
 10
95.0
 20
28.0
 30
0.0
 41
0.12
 42
0.12
 50
270.0
  0
LINE
  5
A1B
330
A12
100
AcDbEntity
  8
0
100
AcDbLine
 10
95.0
 20
27.7
 30
0.0
 11
95.0
 21
28.0
 31
0.0
  0
MTEXT
  5
A1C
330
A12
100
AcDbEntity
  8
A-ANNO-DIMS
100
AcDbMText
 10
94.435
 20
27.85
 30
0.0
 40
0.18
 71
5
  1
0.30
  7
OpenSansCondensed-Light
 50
90.0
  0
POINT
  5
A1D
330
A12
100
AcDbEntity
  8
Defpoints
100
AcDbPoint
 10
95.0
 20
27.7
 30
0.0
  0
POINT
  5
A1E
330
A12
100
AcDbEntity
  8
Defpoints
100
AcDbPoint
 10
96.0
 20
27.7
 30
0.0
  0
POINT
  5
A1F
330
A12
100
AcDbEntity
  8
Defpoints
100
AcDbPoint
 10
96.0
 20
28.0
 30
0.0
  0
ENDBLK
  5
A14
330
A12
100
AcDbEntity
  8
0
100
AcDbBlockEnd
  0
BLOCK
  5
A22
330
A21
100
AcDbEntity
  8
0
100
AcDbBlockBegin
  2
*D96
 70
1
 10
0.0
 20
0.0
 30
0.0
  3
*D96
  1

  0
LINE
  5
A24
330
A21
100
AcDbEntity
  8
0
100
AcDbLine
 10
95.92
 20
0.0
 30
0.0
 11
93.625
 21
0.0
 31
0.0
  0
LINE
  5
A25
330
A21
100
AcDbEntity
  8
0
100
AcDbLine
 10
95.92
 20
28.0
 30
0.0
 11
93.625
 21
28.0
 31
0.0
  0
INSERT
  5
A26
330
A21
100
AcDbEntity
  8
A-ANNO-DIMS
100
AcDbBlockReference
  2
_ARCHTICK
 10
94.0
 20
0.0
 30
0.0
 41
0.12
 42
0.12
 50
270.0
  0
INSERT
  5
A28
330
A21
100
AcDbEntity
  8
A-ANNO-DIMS
100
AcDbBlockReference
  2
_ARCHTICK
 10
94.0
 20
28.0
 30
0.0
 41
0.12
 42
0.12
 50
90.0
  0
LINE
  5
A2A
330
A21
100
AcDbEntity
  8
0
100
AcDbLine
 10
94.0
 20
0.0
 30
0.0
 11
94.0
 21
28.0
 31
0.0
  0
MTEXT
  5
A2B
330
A21
100
AcDbEntity
  8
A-ANNO-DIMS
100
AcDbMText
 10
93.81
 20
14.0
 30
0.0
 40
0.18
 71
5
  1
28.00
  7
OpenSansCondensed-Light
 50
90.0
  0
POINT
  5
A2C
330
A21
100
AcDbEntity
  8
Defpoints
100
AcDbPoint
 10
94.0
 20
0.0
 30
0.0
  0
POINT
  5
A2D
330
A21
100
AcDbEntity
  8
Defpoints
100
AcDbPoint
 10
96.0
 20
0.0
 30
0.0
  0
POINT
  5
A2E
330
A21
100
AcDbEntity
  8
Defpoints
100
AcDbPoint
 10
96.0
 20
28.0
 30
0.0
  0
ENDBLK
  5
A23
330
A21
100
AcDbEntity
  8
0
100
AcDbBlockEnd
  0
BLOCK
  5
A62
330
A61
100
AcDbEntity
  8
0
100
AcDbBlockBegin
  2
*D97
 70
1
 10
0.0
 20
0.0
 30
0.0
  3
*D97
  1

  0
LINE
  5
A64
330
A61
100
AcDbEntity
  8
0
100
AcDbLine
 10
128.0
 20
-0.08
 30
0.0
 11
128.0
 21
-3.375
 31
0.0
  0
LINE
  5
A65
330
A61
100
AcDbEntity
  8
0
100
AcDbLine
 10
147.15
 20
-0.08
 30
0.0
 11
147.15
 21
-3.375
 31
0.0
  0
INSERT
  5
A66
330
A61
100
AcDbEntity
  8
A-ANNO-DIMS
100
AcDbBlockReference
  2
_ARCHTICK
 10
128.0
 20
-3.0
 30
0.0
 41
0.12
 42
0.12
 50
180.0
  0
INSERT
  5
A68
330
A61
100
AcDbEntity
  8
A-ANNO-DIMS
100
AcDbBlockReference
  2
_ARCHTICK
 10
147.15
 20
-3.0
 30
0.0
 41
0.12
 42
0.12
  0
LINE
  5
A6A
330
A61
100
AcDbEntity
  8
0
100
AcDbLine
 10
128.0
 20
-3.0
 30
0.0
 11
147.15
 21
-3.0
 31
0.0
  0
MTEXT
  5
A6B
330
A61
100
AcDbEntity
  8
A-ANNO-DIMS
100
AcDbMText
 10
137.575
 20
-2.81
 30
0.0
 40
0.18
 71
5
  1
19.15
  7
OpenSansCondensed-Light
  0
POINT
  5
A6C
330
A61
100
AcDbEntity
  8
Defpoints
100
AcDbPoint
 10
128.0
 20
-3.0
 30
0.0
  0
POINT
  5
A6D
330
A61
100
AcDbEntity
  8
Defpoints
100
AcDbPoint
 10
128.0
 20
0.0
 30
0.0
  0
POINT
  5
A6E
330
A61
100
AcDbEntity
  8
Defpoints
100
AcDbPoint
 10
147.15
 20
0.0
 30
0.0
  0
ENDBLK
  5
A63
330
A61
100
AcDbEntity
  8
0
100
AcDbBlockEnd
  0
BLOCK
  5
A71
330
A70
100
AcDbEntity
  8
0
100
AcDbBlockBegin
  2
*D98
 70
1
 10
0.0
 20
0.0
 30
0.0
  3
*D98
  1

  0
LINE
  5
A73
330
A70
100
AcDbEntity
  8
0
100
AcDbLine
 10
127.92
 20
0.0
 30
0.0
 11
125.625
 21
0.0
 31
0.0
  0
LINE
  5
A74
330
A70
100
AcDbEntity
  8
0
100
AcDbLine
 10
127.92
 20
28.0
 30
0.0
 11
125.625
 21
28.0
 31
0.0
  0
INSERT
  5
A75
330
A70
100
AcDbEntity
  8
A-ANNO-DIMS
100
AcDbBlockReference
  2
_ARCHTICK
 10
126.0
 20
0.0
 30
0.0
 41
0.12
 42
0.12
 50
270.0
  0
INSERT
  5
A77
330
A70
100
AcDbEntity
  8
A-ANNO-DIMS
100
AcDbBlockReference
  2
_ARCHTICK
 10
126.0
 20
28.0
 30
0.0
 41
0.12
 42
0.12
 50
90.0
  0
LINE
  5
A79
330
A70
100
AcDbEntity
  8
0
100
AcDbLine
 10
126.0
 20
0.0
 30
0.0
 11
126.0
 21
28.0
 31
0.0
  0
MTEXT
  5
A7A
330
A70
100
AcDbEntity
  8
A-ANNO-DIMS
100
AcDbMText
 10
125.81
 20
14.0
 30
0.0
 40
0.18
 71
5
  1
28.00
  7
OpenSansCondensed-Light
 50
90.0
  0
POINT
  5
A7B
330
A70
100
AcDbEntity
  8
Defpoints
100
AcDbPoint
 10
126.0
 20
0.0
 30
0.0
  0
POINT
  5
A7C
330
A70
100
AcDbEntity
  8
Defpoints
100
AcDbPoint
 10
128.0
 20
0.0
 30
0.0
  0
POINT
  5
A7D
330
A70
100
AcDbEntity
  8
Defpoints
100
AcDbPoint
 10
128.0
 20
28.0
 30
0.0
  0
ENDBLK
  5
A72
330
A70
100
AcDbEntity
  8
0
100
AcDbBlockEnd
  0
BLOCK
  5
B48
330
B47
100
AcDbEntity
  8
0
100
AcDbBlockBegin
  2
*D99
 70
1
 10
0.0
 20
0.0
 30
0.0
  3
*D99
  1

  0
LINE
  5
B4A
330
B47
100
AcDbEntity
  8
0
100
AcDbLine
 10
28.08
 20
-30.45
 30
0.0
 11
32.975
 21
-30.45
 31
0.0
  0
LINE
  5
B4B
330
B47
100
AcDbEntity
  8
0
100
AcDbLine
 10
28.08
 20
-30.0
 30
0.0
 11
32.975
 21
-30.0
 31
0.0
  0
INSERT
  5
B4C
330
B47
100
AcDbEntity
  8
A-ANNO-DIMS
100
AcDbBlockReference
  2
_ARCHTICK
 10
32.6
 20
-30.45
 30
0.0
 41
0.12
 42
0.12
 50
270.0
  0
INSERT
  5
B4E
330
B47
100
AcDbEntity
  8
A-ANNO-DIMS
100
AcDbBlockReference
  2
_ARCHTICK
 10
32.6
 20
-30.0
 30
0.0
 41
0.12
 42
0.12
 50
90.0
  0
LINE
  5
B50
330
B47
100
AcDbEntity
  8
0
100
AcDbLine
 10
32.6
 20
-30.45
 30
0.0
 11
32.6
 21
-30.0
 31
0.0
  0
MTEXT
  5
B51
330
B47
100
AcDbEntity
  8
A-ANNO-DIMS
100
AcDbMText
 10
32.035000000000004
 20
-30.225
 30
0.0
 40
0.18
 71
5
  1
0.45
  7
OpenSansCondensed-Light
 50
90.0
  0
POINT
  5
B52
330
B47
100
AcDbEntity
  8
Defpoints
100
AcDbPoint
 10
32.6
 20
-30.45
 30
0.0
  0
POINT
  5
B53
330
B47
100
AcDbEntity
  8
Defpoints
100
AcDbPoint
 10
28.0
 20
-30.45
 30
0.0
  0
POINT
  5
B54
330
B47
100
AcDbEntity
  8
Defpoints
100
AcDbPoint
 10
28.0
 20
-30.0
 30
0.0
  0
ENDBLK
  5
B49
330
B47
100
AcDbEntity
  8
0
100
AcDbBlockEnd
  0
BLOCK
  5
B57
330
B56
100
AcDbEntity
  8
0
100
AcDbBlockBegin
  2
*D100
 70
1
 10
0.0
 20
0.0
 30
0.0
  3
*D100
  1

  0
LINE
  5
B59
330
B56
100
AcDbEntity
  8
0
100
AcDbLine
 10
28.08
 20
-30.0
 30
0.0
 11
32.975
 21
-30.0
 31
0.0
  0
LINE
  5
B5A
330
B56
100
AcDbEntity
  8
0
100
AcDbLine
 10
28.08
 20
-26.6
 30
0.0
 11
32.975
 21
-26.6
 31
0.0
  0
INSERT
  5
B5B
330
B56
100
AcDbEntity
  8
A-ANNO-DIMS
100
AcDbBlockReference
  2
_ARCHTICK
 10
32.6
 20
-30.0
 30
0.0
 41
0.12
 42
0.12
 50
270.0
  0
INSERT
  5
B5D
330
B56
100
AcDbEntity
  8
A-ANNO-DIMS
100
AcDbBlockReference
  2
_ARCHTICK
 10
32.6
 20
-26.6
 30
0.0
 41
0.12
 42
0.12
 50
90.0
  0
LINE
  5
B5F
330
B56
100
AcDbEntity
  8
0
100
AcDbLine
 10
32.6
 20
-30.0
 30
0.0
 11
32.6
 21
-26.6
 31
0.0
  0
MTEXT
  5
B60
330
B56
100
AcDbEntity
  8
A-ANNO-DIMS
100
AcDbMText
 10
32.410000000000004
 20
-28.3
 30
0.0
 40
0.18
 71
5
  1
3.40
  7
OpenSansCondensed-Light
 50
90.0
  0
POINT
  5
B61
330
B56
100
AcDbEntity
  8
Defpoints
100
AcDbPoint
 10
32.6
 20
-30.0
 30
0.0
  0
POINT
  5
B62
330
B56
100
AcDbEntity
  8
Defpoints
100
AcDbPoint
 10
28.0
 20
-30.0
 30
0.0
  0
POINT
  5
B63
330
B56
100
AcDbEntity
  8
Defpoints
100
AcDbPoint
 10
28.0
 20
-26.6
 30
0.0
  0
ENDBLK
  5
B58
330
B56
100
AcDbEntity
  8
0
100
AcDbBlockEnd
  0
BLOCK
  5
B66
330
B65
100
AcDbEntity
  8
0
100
AcDbBlockBegin
  2
*D101
 70
1
 10
0.0
 20
0.0
 30
0.0
  3
*D101
  1

  0
LINE
  5
B68
330
B65
100
AcDbEntity
  8
0
100
AcDbLine
 10
28.08
 20
-26.6
 30
0.0
 11
32.975
 21
-26.6
 31
0.0
  0
LINE
  5
B69
330
B65
100
AcDbEntity
  8
0
100
AcDbLine
 10
28.08
 20
-23.2
 30
0.0
 11
32.975
 21
-23.2
 31
0.0
  0
INSERT
  5
B6A
330
B65
100
AcDbEntity
  8
A-ANNO-DIMS
100
AcDbBlockReference
  2
_ARCHTICK
 10
32.6
 20
-26.6
 30
0.0
 41
0.12
 42
0.12
 50
270.0
  0
INSERT
  5
B6C
330
B65
100
AcDbEntity
  8
A-ANNO-DIMS
100
AcDbBlockReference
  2
_ARCHTICK
 10
32.6
 20
-23.2
 30
0.0
 41
0.12
 42
0.12
 50
90.0
  0
LINE
  5
B6E
330
B65
100
AcDbEntity
  8
0
100
AcDbLine
 10
32.6
 20
-26.6
 30
0.0
 11
32.6
 21
-23.2
 31
0.0
  0
MTEXT
  5
B6F
330
B65
100
AcDbEntity
  8
A-ANNO-DIMS
100
AcDbMText
 10
32.410000000000004
 20
-24.9
 30
0.0
 40
0.18
 71
5
  1
3.40
  7
OpenSansCondensed-Light
 50
90.0
  0
POINT
  5
B70
330
B65
100
AcDbEntity
  8
Defpoints
100
AcDbPoint
 10
32.6
 20
-26.6
 30
0.0
  0
POINT
  5
B71
330
B65
100
AcDbEntity
  8
Defpoints
100
AcDbPoint
 10
28.0
 20
-26.6
 30
0.0
  0
POINT
  5
B72
330
B65
100
AcDbEntity
  8
Defpoints
100
AcDbPoint
 10
28.0
 20
-23.2
 30
0.0
  0
ENDBLK
  5
B67
330
B65
100
AcDbEntity
  8
0
100
AcDbBlockEnd
  0
BLOCK
  5
B75
330
B74
100
AcDbEntity
  8
0
100
AcDbBlockBegin
  2
*D102
 70
1
 10
0.0
 20
0.0
 30
0.0
  3
*D102
  1

  0
LINE
  5
B77
330
B74
100
AcDbEntity
  8
0
100
AcDbLine
 10
28.08
 20
-23.2
 30
0.0
 11
32.975
 21
-23.2
 31
0.0
  0
LINE
  5
B78
330
B74
100
AcDbEntity
  8
0
100
AcDbLine
 10
28.08
 20
-19.8
 30
0.0
 11
32.975
 21
-19.8
 31
0.0
  0
INSERT
  5
B79
330
B74
100
AcDbEntity
  8
A-ANNO-DIMS
100
AcDbBlockReference
  2
_ARCHTICK
 10
32.6
 20
-23.2
 30
0.0
 41
0.12
 42
0.12
 50
270.0
  0
INSERT
  5
B7B
330
B74
100
AcDbEntity
  8
A-ANNO-DIMS
100
AcDbBlockReference
  2
_ARCHTICK
 10
32.6
 20
-19.8
 30
0.0
 41
0.12
 42
0.12
 50
90.0
  0
LINE
  5
B7D
330
B74
100
AcDbEntity
  8
0
100
AcDbLine
 10
32.6
 20
-23.2
 30
0.0
 11
32.6
 21
-19.8
 31
0.0
  0
MTEXT
  5
B7E
330
B74
100
AcDbEntity
  8
A-ANNO-DIMS
100
AcDbMText
 10
32.410000000000004
 20
-21.5
 30
0.0
 40
0.18
 71
5
  1
3.40
  7
OpenSansCondensed-Light
 50
90.0
  0
POINT
  5
B7F
330
B74
100
AcDbEntity
  8
Defpoints
100
AcDbPoint
 10
32.6
 20
-23.2
 30
0.0
  0
POINT
  5
B80
330
B74
100
AcDbEntity
  8
Defpoints
100
AcDbPoint
 10
28.0
 20
-23.2
 30
0.0
  0
POINT
  5
B81
330
B74
100
AcDbEntity
  8
Defpoints
100
AcDbPoint
 10
28.0
 20
-19.8
 30
0.0
  0
ENDBLK
  5
B76
330
B74
100
AcDbEntity
  8
0
100
AcDbBlockEnd
  0
BLOCK
  5
B84
330
B83
100
AcDbEntity
  8
0
100
AcDbBlockBegin
  2
*D103
 70
1
 10
0.0
 20
0.0
 30
0.0
  3
*D103
  1

  0
LINE
  5
B86
330
B83
100
AcDbEntity
  8
0
100
AcDbLine
 10
28.08
 20
-19.8
 30
0.0
 11
32.975
 21
-19.8
 31
0.0
  0
LINE
  5
B87
330
B83
100
AcDbEntity
  8
0
100
AcDbLine
 10
28.08
 20
-16.3
 30
0.0
 11
32.975
 21
-16.3
 31
0.0
  0
INSERT
  5
B88
330
B83
100
AcDbEntity
  8
A-ANNO-DIMS
100
AcDbBlockReference
  2
_ARCHTICK
 10
32.6
 20
-19.8
 30
0.0
 41
0.12
 42
0.12
 50
270.0
  0
INSERT
  5
B8A
330
B83
100
AcDbEntity
  8
A-ANNO-DIMS
100
AcDbBlockReference
  2
_ARCHTICK
 10
32.6
 20
-16.3
 30
0.0
 41
0.12
 42
0.12
 50
90.0
  0
LINE
  5
B8C
330
B83
100
AcDbEntity
  8
0
100
AcDbLine
 10
32.6
 20
-19.8
 30
0.0
 11
32.6
 21
-16.3
 31
0.0
  0
MTEXT
  5
B8D
330
B83
100
AcDbEntity
  8
A-ANNO-DIMS
100
AcDbMText
 10
32.410000000000004
 20
-18.05
 30
0.0
 40
0.18
 71
5
  1
3.50
  7
OpenSansCondensed-Light
 50
90.0
  0
POINT
  5
B8E
330
B83
100
AcDbEntity
  8
Defpoints
100
AcDbPoint
 10
32.6
 20
-19.8
 30
0.0
  0
POINT
  5
B8F
330
B83
100
AcDbEntity
  8
Defpoints
100
AcDbPoint
 10
28.0
 20
-19.8
 30
0.0
  0
POINT
  5
B90
330
B83
100
AcDbEntity
  8
Defpoints
100
AcDbPoint
 10
28.0
 20
-16.3
 30
0.0
  0
ENDBLK
  5
B85
330
B83
100
AcDbEntity
  8
0
100
AcDbBlockEnd
  0
BLOCK
  5
B93
330
B92
100
AcDbEntity
  8
0
100
AcDbBlockBegin
  2
*D104
 70
1
 10
0.0
 20
0.0
 30
0.0
  3
*D104
  1

  0
LINE
  5
B95
330
B92
100
AcDbEntity
  8
0
100
AcDbLine
 10
28.08
 20
-16.3
 30
0.0
 11
32.975
 21
-16.3
 31
0.0
  0
LINE
  5
B96
330
B92
100
AcDbEntity
  8
0
100
AcDbLine
 10
28.08
 20
-15.100000000000001
 30
0.0
 11
32.975
 21
-15.100000000000001
 31
0.0
  0
INSERT
  5
B97
330
B92
100
AcDbEntity
  8
A-ANNO-DIMS
100
AcDbBlockReference
  2
_ARCHTICK
 10
32.6
 20
-16.3
 30
0.0
 41
0.12
 42
0.12
 50
270.0
  0
INSERT
  5
B99
330
B92
100
AcDbEntity
  8
A-ANNO-DIMS
100
AcDbBlockReference
  2
_ARCHTICK
 10
32.6
 20
-15.100000000000001
 30
0.0
 41
0.12
 42
0.12
 50
90.0
  0
LINE
  5
B9B
330
B92
100
AcDbEntity
  8
0
100
AcDbLine
 10
32.6
 20
-16.3
 30
0.0
 11
32.6
 21
-15.100000000000001
 31
0.0
  0
MTEXT
  5
B9C
330
B92
100
AcDbEntity
  8
A-ANNO-DIMS
100
AcDbMText
 10
32.410000000000004
 20
-15.700000000000001
 30
0.0
 40
0.18
 71
5
  1
1.20
  7
OpenSansCondensed-Light
 50
90.0
  0
POINT
  5
B9D
330
B92
100
AcDbEntity
  8
Defpoints
100
AcDbPoint
 10
32.6
 20
-16.3
 30
0.0
  0
POINT
  5
B9E
330
B92
100
AcDbEntity
  8
Defpoints
100
AcDbPoint
 10
28.0
 20
-16.3
 30
0.0
  0
POINT
  5
B9F
330
B92
100
AcDbEntity
  8
Defpoints
100
AcDbPoint
 10
28.0
 20
-15.100000000000001
 30
0.0
  0
ENDBLK
  5
B94
330
B92
100
AcDbEntity
  8
0
100
AcDbBlockEnd
  0
BLOCK
  5
BA2
330
BA1
100
AcDbEntity
  8
0
100
AcDbBlockBegin
  2
*D105
 70
1
 10
0.0
 20
0.0
 30
0.0
  3
*D105
  1

  0
LINE
  5
BA4
330
BA1
100
AcDbEntity
  8
0
100
AcDbLine
 10
28.08
 20
-30.45
 30
0.0
 11
33.975
 21
-30.45
 31
0.0
  0
LINE
  5
BA5
330
BA1
100
AcDbEntity
  8
0
100
AcDbLine
 10
28.08
 20
-15.100000000000001
 30
0.0
 11
33.975
 21
-15.100000000000001
 31
0.0
  0
INSERT
  5
BA6
330
BA1
100
AcDbEntity
  8
A-ANNO-DIMS
100
AcDbBlockReference
  2
_ARCHTICK
 10
33.6
 20
-30.45
 30
0.0
 41
0.12
 42
0.12
 50
270.0
  0
INSERT
  5
BA8
330
BA1
100
AcDbEntity
  8
A-ANNO-DIMS
100
AcDbBlockReference
  2
_ARCHTICK
 10
33.6
 20
-15.100000000000001
 30
0.0
 41
0.12
 42
0.12
 50
90.0
  0
LINE
  5
BAA
330
BA1
100
AcDbEntity
  8
0
100
AcDbLine
 10
33.6
 20
-30.45
 30
0.0
 11
33.6
 21
-15.100000000000001
 31
0.0
  0
MTEXT
  5
BAB
330
BA1
100
AcDbEntity
  8
A-ANNO-DIMS
100
AcDbMText
 10
33.410000000000004
 20
-22.775
 30
0.0
 40
0.18
 71
5
  1
15.35
  7
OpenSansCondensed-Light
 50
90.0
  0
POINT
  5
BAC
330
BA1
100
AcDbEntity
  8
Defpoints
100
AcDbPoint
 10
33.6
 20
-30.45
 30
0.0
  0
POINT
  5
BAD
330
BA1
100
AcDbEntity
  8
Defpoints
100
AcDbPoint
 10
28.0
 20
-30.45
 30
0.0
  0
POINT
  5
BAE
330
BA1
100
AcDbEntity
  8
Defpoints
100
AcDbPoint
 10
28.0
 20
-15.100000000000001
 30
0.0
  0
ENDBLK
  5
BA3
330
BA1
100
AcDbEntity
  8
0
100
AcDbBlockEnd
  0
BLOCK
  5
BB1
330
BB0
100
AcDbEntity
  8
0
100
AcDbBlockBegin
  2
*D106
 70
1
 10
0.0
 20
0.0
 30
0.0
  3
*D106
  1

  0
LINE
  5
BB3
330
BB0
100
AcDbEntity
  8
0
100
AcDbLine
 10
-0.08
 20
-26.6
 30
0.0
 11
-3.575
 21
-26.6
 31
0.0
  0
LINE
  5
BB4
330
BB0
100
AcDbEntity
  8
0
100
AcDbLine
 10
-0.08
 20
-23.6
 30
0.0
 11
-3.575
 21
-23.6
 31
0.0
  0
INSERT
  5
BB5
330
BB0
100
AcDbEntity
  8
A-ANNO-DIMS
100
AcDbBlockReference
  2
_ARCHTICK
 10
-3.2
 20
-26.6
 30
0.0
 41
0.12
 42
0.12
 50
270.0
  0
INSERT
  5
BB7
330
BB0
100
AcDbEntity
  8
A-ANNO-DIMS
100
AcDbBlockReference
  2
_ARCHTICK
 10
-3.2
 20
-23.6
 30
0.0
 41
0.12
 42
0.12
 50
90.0
  0
LINE
  5
BB9
330
BB0
100
AcDbEntity
  8
0
100
AcDbLine
 10
-3.2
 20
-26.6
 30
0.0
 11
-3.2
 21
-23.6
 31
0.0
  0
MTEXT
  5
BBA
330
BB0
100
AcDbEntity
  8
A-ANNO-DIMS
100
AcDbMText
 10
-3.39
 20
-25.1
 30
0.0
 40
0.18
 71
5
  1
3.00
  7
OpenSansCondensed-Light
 50
90.0
  0
POINT
  5
BBB
330
BB0
100
AcDbEntity
  8
Defpoints
100
AcDbPoint
 10
-3.2
 20
-26.6
 30
0.0
  0
POINT
  5
BBC
330
BB0
100
AcDbEntity
  8
Defpoints
100
AcDbPoint
 10
0.0
 20
-26.6
 30
0.0
  0
POINT
  5
BBD
330
BB0
100
AcDbEntity
  8
Defpoints
100
AcDbPoint
 10
0.0
 20
-23.6
 30
0.0
  0
ENDBLK
  5
BB2
330
BB0
100
AcDbEntity
  8
0
100
AcDbBlockEnd
  0
BLOCK
  5
BC0
330
BBF
100
AcDbEntity
  8
0
100
AcDbBlockBegin
  2
*D107
 70
1
 10
0.0
 20
0.0
 30
0.0
  3
*D107
  1

  0
LINE
  5
BC2
330
BBF
100
AcDbEntity
  8
0
100
AcDbLine
 10
-0.08
 20
-23.6
 30
0.0
 11
-3.575
 21
-23.6
 31
0.0
  0
LINE
  5
BC3
330
BBF
100
AcDbEntity
  8
0
100
AcDbLine
 10
-0.08
 20
-23.3
 30
0.0
 11
-3.575
 21
-23.3
 31
0.0
  0
INSERT
  5
BC4
330
BBF
100
AcDbEntity
  8
A-ANNO-DIMS
100
AcDbBlockReference
  2
_ARCHTICK
 10
-3.2
 20
-23.6
 30
0.0
 41
0.12
 42
0.12
 50
90.0
  0
INSERT
  5
BC6
330
BBF
100
AcDbEntity
  8
A-ANNO-DIMS
100
AcDbBlockReference
  2
_ARCHTICK
 10
-3.2
 20
-23.3
 30
0.0
 41
0.12
 42
0.12
 50
270.0
  0
LINE
  5
BC8
330
BBF
100
AcDbEntity
  8
0
100
AcDbLine
 10
-3.2
 20
-23.6
 30
0.0
 11
-3.2
 21
-23.3
 31
0.0
  0
MTEXT
  5
BC9
330
BBF
100
AcDbEntity
  8
A-ANNO-DIMS
100
AcDbMText
 10
-3.765
 20
-23.450000000000003
 30
0.0
 40
0.18
 71
5
  1
0.30
  7
OpenSansCondensed-Light
 50
90.0
  0
POINT
  5
BCA
330
BBF
100
AcDbEntity
  8
Defpoints
100
AcDbPoint
 10
-3.2
 20
-23.6
 30
0.0
  0
POINT
  5
BCB
330
BBF
100
AcDbEntity
  8
Defpoints
100
AcDbPoint
 10
0.0
 20
-23.6
 30
0.0
  0
POINT
  5
BCC
330
BBF
100
AcDbEntity
  8
Defpoints
100
AcDbPoint
 10
0.0
 20
-23.3
 30
0.0
  0
ENDBLK
  5
BC1
330
BBF
100
AcDbEntity
  8
0
100
AcDbBlockEnd
  0
BLOCK
  5
BCF
330
BCE
100
AcDbEntity
  8
0
100
AcDbBlockBegin
  2
*D108
 70
1
 10
0.0
 20
0.0
 30
0.0
  3
*D108
  1

  0
LINE
  5
BD1
330
BCE
100
AcDbEntity
  8
0
100
AcDbLine
 10
-0.08
 20
-23.3
 30
0.0
 11
-3.575
 21
-23.3
 31
0.0
  0
LINE
  5
BD2
330
BCE
100
AcDbEntity
  8
0
100
AcDbLine
 10
-0.08
 20
-23.2
 30
0.0
 11
-3.575
 21
-23.2
 31
0.0
  0
INSERT
  5
BD3
330
BCE
100
AcDbEntity
  8
A-ANNO-DIMS
100
AcDbBlockReference
  2
_ARCHTICK
 10
-3.2
 20
-23.3
 30
0.0
 41
0.12
 42
0.12
 50
90.0
  0
INSERT
  5
BD5
330
BCE
100
AcDbEntity
  8
A-ANNO-DIMS
100
AcDbBlockReference
  2
_ARCHTICK
 10
-3.2
 20
-23.2
 30
0.0
 41
0.12
 42
0.12
 50
270.0
  0
LINE
  5
BD7
330
BCE
100
AcDbEntity
  8
0
100
AcDbLine
 10
-3.2
 20
-23.3
 30
0.0
 11
-3.2
 21
-23.2
 31
0.0
  0
MTEXT
  5
BD8
330
BCE
100
AcDbEntity
  8
A-ANNO-DIMS
100
AcDbMText
 10
-3.765
 20
-23.25
 30
0.0
 40
0.18
 71
5
  1
0.10
  7
OpenSansCondensed-Light
 50
90.0
  0
POINT
  5
BD9
330
BCE
100
AcDbEntity
  8
Defpoints
100
AcDbPoint
 10
-3.2
 20
-23.3
 30
0.0
  0
POINT
  5
BDA
330
BCE
100
AcDbEntity
  8
Defpoints
100
AcDbPoint
 10
0.0
 20
-23.3
 30
0.0
  0
POINT
  5
BDB
330
BCE
100
AcDbEntity
  8
Defpoints
100
AcDbPoint
 10
0.0
 20
-23.2
 30
0.0
  0
ENDBLK
  5
BD0
330
BCE
100
AcDbEntity
  8
0
100
AcDbBlockEnd
  0
BLOCK
  5
C40
330
C3F
100
AcDbEntity
  8
0
100
AcDbBlockBegin
  2
*D109
 70
1
 10
0.0
 20
0.0
 30
0.0
  3
*D109
  1

  0
LINE
  5
C42
330
C3F
100
AcDbEntity
  8
0
100
AcDbLine
 10
42.0
 20
-30.529999999999998
 30
0.0
 11
42.0
 21
-32.025
 31
0.0
  0
LINE
  5
C43
330
C3F
100
AcDbEntity
  8
0
100
AcDbLine
 10
61.15
 20
-30.529999999999998
 30
0.0
 11
61.15
 21
-32.025
 31
0.0
  0
INSERT
  5
C44
330
C3F
100
AcDbEntity
  8
A-ANNO-DIMS
100
AcDbBlockReference
  2
_ARCHTICK
 10
42.0
 20
-31.65
 30
0.0
 41
0.12
 42
0.12
 50
180.0
  0
INSERT
  5
C46
330
C3F
100
AcDbEntity
  8
A-ANNO-DIMS
100
AcDbBlockReference
  2
_ARCHTICK
 10
61.15
 20
-31.65
 30
0.0
 41
0.12
 42
0.12
  0
LINE
  5
C48
330
C3F
100
AcDbEntity
  8
0
100
AcDbLine
 10
42.0
 20
-31.65
 30
0.0
 11
61.15
 21
-31.65
 31
0.0
  0
MTEXT
  5
C49
330
C3F
100
AcDbEntity
  8
A-ANNO-DIMS
100
AcDbMText
 10
51.575
 20
-31.459999999999997
 30
0.0
 40
0.18
 71
5
  1
19.15
  7
OpenSansCondensed-Light
  0
POINT
  5
C4A
330
C3F
100
AcDbEntity
  8
Defpoints
100
AcDbPoint
 10
42.0
 20
-31.65
 30
0.0
  0
POINT
  5
C4B
330
C3F
100
AcDbEntity
  8
Defpoints
100
AcDbPoint
 10
42.0
 20
-30.45
 30
0.0
  0
POINT
  5
C4C
330
C3F
100
AcDbEntity
  8
Defpoints
100
AcDbPoint
 10
61.15
 20
-30.45
 30
0.0
  0
ENDBLK
  5
C41
330
C3F
100
AcDbEntity
  8
0
100
AcDbBlockEnd
  0
BLOCK
  5
C4F
330
C4E
100
AcDbEntity
  8
0
100
AcDbBlockBegin
  2
*D110
 70
1
 10
0.0
 20
0.0
 30
0.0
  3
*D110
  1

  0
LINE
  5
C51
330
C4E
100
AcDbEntity
  8
0
100
AcDbLine
 10
41.92
 20
-30.45
 30
0.0
 11
40.425
 21
-30.45
 31
0.0
  0
LINE
  5
C52
330
C4E
100
AcDbEntity
  8
0
100
AcDbLine
 10
41.92
 20
-13.100000000000001
 30
0.0
 11
40.425
 21
-13.100000000000001
 31
0.0
  0
INSERT
  5
C53
330
C4E
100
AcDbEntity
  8
A-ANNO-DIMS
100
AcDbBlockReference
  2
_ARCHTICK
 10
40.8
 20
-30.45
 30
0.0
 41
0.12
 42
0.12
 50
270.0
  0
INSERT
  5
C55
330
C4E
100
AcDbEntity
  8
A-ANNO-DIMS
100
AcDbBlockReference
  2
_ARCHTICK
 10
40.8
 20
-13.100000000000001
 30
0.0
 41
0.12
 42
0.12
 50
90.0
  0
LINE
  5
C57
330
C4E
100
AcDbEntity
  8
0
100
AcDbLine
 10
40.8
 20
-30.45
 30
0.0
 11
40.8
 21
-13.100000000000001
 31
0.0
  0
MTEXT
  5
C58
330
C4E
100
AcDbEntity
  8
A-ANNO-DIMS
100
AcDbMText
 10
40.61
 20
-21.775
 30
0.0
 40
0.18
 71
5
  1
17.35
  7
OpenSansCondensed-Light
 50
90.0
  0
POINT
  5
C59
330
C4E
100
AcDbEntity
  8
Defpoints
100
AcDbPoint
 10
40.8
 20
-30.45
 30
0.0
  0
POINT
  5
C5A
330
C4E
100
AcDbEntity
  8
Defpoints
100
AcDbPoint
 10
42.0
 20
-30.45
 30
0.0
  0
POINT
  5
C5B
330
C4E
100
AcDbEntity
  8
Defpoints
100
AcDbPoint
 10
42.0
 20
-13.100000000000001
 30
0.0
  0
ENDBLK
  5
C50
330
C4E
100
AcDbEntity
  8
0
100
AcDbBlockEnd
  0
ENDSEC
  0
SECTION
  2
ENTITIES
  0
LWPOLYLINE
  5
9C
330
17
100
AcDbEntity
  8
A-WALL
100
AcDbPolyline
 90
7
 70
1
 10
0.0
 20
1.8
 10
0.3
 20
1.8
 10
0.3
 20
0.3
 10
1.8
 20
0.3
 10
1.8
 20
0.0
 10
0.0
 20
0.0
 10
0.0
 20
1.8
  0
HATCH
  5
9D
330
17
100
AcDbEntity
  8
A-WALL-PATT
 62
8
100
AcDbHatch
 10
0.0
 20
0.0
 30
0.0
210
0.0
220
0.0
230
1.0
  2
SOLID
 70
1
 71
0
 91
1
 92
3
 72
0
 73
1
 93
7
 10
0.0
 20
1.8
 10
0.3
 20
1.8
 10
0.3
 20
0.3
 10
1.8
 20
0.3
 10
1.8
 20
0.0
 10
0.0
 20
0.0
 10
0.0
 20
1.8
 97
0
 75
0
 76
1
 98
0
  0
LWPOLYLINE
  5
9E
330
17
100
AcDbEntity
  8
A-WALL
100
AcDbPolyline
 90
13
 70
1
 10
0.0
 20
6.05
 10
0.3
 20
6.05
 10
0.3
 20
5.45
 10
2.3
 20
5.45
 10
2.3
 20
6.05
 10
2.45
 20
6.05
 10
2.45
 20
5.45
 10
3.7
 20
5.45
 10
3.7
 20
5.3
 10
0.3
 20
5.3
 10
0.3
 20
3.8
 10
0.0
 20
3.8
 10
0.0
 20
6.05
  0
HATCH
  5
9F
330
17
100
AcDbEntity
  8
A-WALL-PATT
 62
8
100
AcDbHatch
 10
0.0
 20
0.0
 30
0.0
210
0.0
220
0.0
230
1.0
  2
SOLID
 70
1
 71
0
 91
1
 92
3
 72
0
 73
1
 93
13
 10
0.0
 20
6.05
 10
0.3
 20
6.05
 10
0.3
 20
5.45
 10
2.3
 20
5.45
 10
2.3
 20
6.05
 10
2.45
 20
6.05
 10
2.45
 20
5.45
 10
3.7
 20
5.45
 10
3.7
 20
5.3
 10
0.3
 20
5.3
 10
0.3
 20
3.8
 10
0.0
 20
3.8
 10
0.0
 20
6.05
 97
0
 75
0
 76
1
 98
0
  0
LWPOLYLINE
  5
A0
330
17
100
AcDbEntity
  8
A-WALL
100
AcDbPolyline
 90
17
 70
1
 10
0.0
 20
8.7
 10
0.3
 20
8.7
 10
0.3
 20
7.6
 10
4.3
 20
7.6
 10
4.3
 20
8.3
 10
4.45
 20
8.3
 10
4.45
 20
7.65
 10
4.45
 20
7.6
 10
4.45
 20
7.45
 10
2.45
 20
7.45
 10
2.45
 20
6.75
 10
2.3
 20
6.75
 10
2.3
 20
7.45
 10
0.3
 20
7.45
 10
0.3
 20
6.85
 10
0.0
 20
6.85
 10
0.0
 20
8.7
  0
HATCH
  5
A1
330
17
100
AcDbEntity
  8
A-WALL-PATT
 62
8
100
AcDbHatch
 10
0.0
 20
0.0
 30
0.0
210
0.0
220
0.0
230
1.0
  2
SOLID
 70
1
 71
0
 91
1
 92
3
 72
0
 73
1
 93
17
 10
0.0
 20
8.7
 10
0.3
 20
8.7
 10
0.3
 20
7.6
 10
4.3
 20
7.6
 10
4.3
 20
8.3
 10
4.45
 20
8.3
 10
4.45
 20
7.65
 10
4.45
 20
7.6
 10
4.45
 20
7.45
 10
2.45
 20
7.45
 10
2.45
 20
6.75
 10
2.3
 20
6.75
 10
2.3
 20
7.45
 10
0.3
 20
7.45
 10
0.3
 20
6.85
 10
0.0
 20
6.85
 10
0.0
 20
8.7
 97
0
 75
0
 76
1
 98
0
  0
LWPOLYLINE
  5
A2
330
17
100
AcDbEntity
  8
A-WALL
100
AcDbPolyline
 90
17
 70
1
 10
0.0
 20
12.25
 10
0.3
 20
12.25
 10
0.3
 20
11.75
 10
1.8
 20
11.75
 10
1.8
 20
12.75
 10
2.1
 20
12.75
 10
2.1
 20
11.75
 10
4.45
 20
11.75
 10
4.45
 20
11.6
 10
4.45
 20
11.55
 10
4.45
 20
9.200000000000001
 10
4.3
 20
9.200000000000001
 10
4.3
 20
11.6
 10
0.3
 20
11.6
 10
0.3
 20
10.5
 10
0.0
 20
10.5
 10
0.0
 20
12.25
  0
HATCH
  5
A3
330
17
100
AcDbEntity
  8
A-WALL-PATT
 62
8
100
AcDbHatch
 10
0.0
 20
0.0
 30
0.0
210
0.0
220
0.0
230
1.0
  2
SOLID
 70
1
 71
0
 91
1
 92
3
 72
0
 73
1
 93
17
 10
0.0
 20
12.25
 10
0.3
 20
12.25
 10
0.3
 20
11.75
 10
1.8
 20
11.75
 10
1.8
 20
12.75
 10
2.1
 20
12.75
 10
2.1
 20
11.75
 10
4.45
 20
11.75
 10
4.45
 20
11.6
 10
4.45
 20
11.55
 10
4.45
 20
9.200000000000001
 10
4.3
 20
9.200000000000001
 10
4.3
 20
11.6
 10
0.3
 20
11.6
 10
0.3
 20
10.5
 10
0.0
 20
10.5
 10
0.0
 20
12.25
 97
0
 75
0
 76
1
 98
0
  0
LWPOLYLINE
  5
A4
330
17
100
AcDbEntity
  8
A-WALL
100
AcDbPolyline
 90
17
 70
1
 10
0.0
 20
18.0
 10
0.3
 20
18.0
 10
0.3
 20
16.9
 10
4.3
 20
16.9
 10
4.3
 20
19.9
 10
4.45
 20
19.9
 10
4.45
 20
16.95
 10
4.45
 20
16.9
 10
4.45
 20
16.75
 10
2.1
 20
16.75
 10
2.1
 20
15.75
 10
1.8
 20
15.75
 10
1.8
 20
16.75
 10
0.3
 20
16.75
 10
0.3
 20
16.25
 10
0.0
 20
16.25
 10
0.0
 20
18.0
  0
HATCH
  5
A5
330
17
100
AcDbEntity
  8
A-WALL-PATT
 62
8
100
AcDbHatch
 10
0.0
 20
0.0
 30
0.0
210
0.0
220
0.0
230
1.0
  2
SOLID
 70
1
 71
0
 91
1
 92
3
 72
0
 73
1
 93
17
 10
0.0
 20
18.0
 10
0.3
 20
18.0
 10
0.3
 20
16.9
 10
4.3
 20
16.9
 10
4.3
 20
19.9
 10
4.45
 20
19.9
 10
4.45
 20
16.95
 10
4.45
 20
16.9
 10
4.45
 20
16.75
 10
2.1
 20
16.75
 10
2.1
 20
15.75
 10
1.8
 20
15.75
 10
1.8
 20
16.75
 10
0.3
 20
16.75
 10
0.3
 20
16.25
 10
0.0
 20
16.25
 10
0.0
 20
18.0
 97
0
 75
0
 76
1
 98
0
  0
LWPOLYLINE
  5
A6
330
17
100
AcDbEntity
  8
A-WALL
100
AcDbPolyline
 90
19
 70
1
 10
0.0
 20
21.35
 10
0.3
 20
21.35
 10
0.3
 20
21.05
 10
2.8
 20
21.05
 10
2.8
 20
21.3
 10
2.95
 20
21.3
 10
2.95
 20
21.05
 10
5.3
 20
21.05
 10
5.3
 20
21.3
 10
5.45
 20
21.3
 10
5.45
 20
20.9
 10
4.45
 20
20.9
 10
4.45
 20
20.799999999999997
 10
4.3
 20
20.799999999999997
 10
4.3
 20
20.9
 10
0.3
 20
20.9
 10
0.3
 20
19.8
 10
0.0
 20
19.8
 10
0.0
 20
21.35
  0
HATCH
  5
A7
330
17
100
AcDbEntity
  8
A-WALL-PATT
 62
8
100
AcDbHatch
 10
0.0
 20
0.0
 30
0.0
210
0.0
220
0.0
230
1.0
  2
SOLID
 70
1
 71
0
 91
1
 92
3
 72
0
 73
1
 93
19
 10
0.0
 20
21.35
 10
0.3
 20
21.35
 10
0.3
 20
21.05
 10
2.8
 20
21.05
 10
2.8
 20
21.3
 10
2.95
 20
21.3
 10
2.95
 20
21.05
 10
5.3
 20
21.05
 10
5.3
 20
21.3
 10
5.45
 20
21.3
 10
5.45
 20
20.9
 10
4.45
 20
20.9
 10
4.45
 20
20.799999999999997
 10
4.3
 20
20.799999999999997
 10
4.3
 20
20.9
 10
0.3
 20
20.9
 10
0.3
 20
19.8
 10
0.0
 20
19.8
 10
0.0
 20
21.35
 97
0
 75
0
 76
1
 98
0
  0
LWPOLYLINE
  5
A8
330
17
100
AcDbEntity
  8
A-WALL
100
AcDbPolyline
 90
15
 70
1
 10
0.0
 20
28.0
 10
1.8
 20
28.0
 10
1.8
 20
27.7
 10
0.3
 20
27.7
 10
0.3
 20
22.7
 10
3.8
 20
22.7
 10
3.8
 20
22.55
 10
2.95
 20
22.55
 10
2.95
 20
22.0
 10
2.8
 20
22.0
 10
2.8
 20
22.55
 10
0.3
 20
22.55
 10
0.3
 20
22.25
 10
0.0
 20
22.25
 10
0.0
 20
28.0
  0
HATCH
  5
A9
330
17
100
AcDbEntity
  8
A-WALL-PATT
 62
8
100
AcDbHatch
 10
0.0
 20
0.0
 30
0.0
210
0.0
220
0.0
230
1.0
  2
SOLID
 70
1
 71
0
 91
1
 92
3
 72
0
 73
1
 93
15
 10
0.0
 20
28.0
 10
1.8
 20
28.0
 10
1.8
 20
27.7
 10
0.3
 20
27.7
 10
0.3
 20
22.7
 10
3.8
 20
22.7
 10
3.8
 20
22.55
 10
2.95
 20
22.55
 10
2.95
 20
22.0
 10
2.8
 20
22.0
 10
2.8
 20
22.55
 10
0.3
 20
22.55
 10
0.3
 20
22.25
 10
0.0
 20
22.25
 10
0.0
 20
28.0
 97
0
 75
0
 76
1
 98
0
  0
LWPOLYLINE
  5
AA
330
17
100
AcDbEntity
  8
A-WALL
100
AcDbPolyline
 90
17
 70
1
 10
6.45
 20
28.0
 10
6.45
 20
27.7
 10
5.45
 20
27.7
 10
5.45
 20
23.7
 10
5.65
 20
23.7
 10
5.65
 20
23.55
 10
5.45
 20
23.55
 10
5.45
 20
22.2
 10
5.3
 20
22.2
 10
5.3
 20
22.55
 10
4.7
 20
22.55
 10
4.7
 20
22.7
 10
5.3
 20
22.7
 10
5.3
 20
27.7
 10
3.8
 20
27.7
 10
3.8
 20
28.0
 10
6.45
 20
28.0
  0
HATCH
  5
AB
330
17
100
AcDbEntity
  8
A-WALL-PATT
 62
8
100
AcDbHatch
 10
0.0
 20
0.0
 30
0.0
210
0.0
220
0.0
230
1.0
  2
SOLID
 70
1
 71
0
 91
1
 92
3
 72
0
 73
1
 93
17
 10
6.45
 20
28.0
 10
6.45
 20
27.7
 10
5.45
 20
27.7
 10
5.45
 20
23.7
 10
5.65
 20
23.7
 10
5.65
 20
23.55
 10
5.45
 20
23.55
 10
5.45
 20
22.2
 10
5.3
 20
22.2
 10
5.3
 20
22.55
 10
4.7
 20
22.55
 10
4.7
 20
22.7
 10
5.3
 20
22.7
 10
5.3
 20
27.7
 10
3.8
 20
27.7
 10
3.8
 20
28.0
 10
6.45
 20
28.0
 97
0
 75
0
 76
1
 98
0
  0
LWPOLYLINE
  5
AC
330
17
100
AcDbEntity
  8
A-WALL
100
AcDbPolyline
 90
105
 70
1
 10
10.7
 20
28.0
 10
10.7
 20
27.7
 10
9.7
 20
27.7
 10
9.7
 20
23.7
 10
12.599999999999998
 20
23.7
 10
12.599999999999998
 20
23.55
 10
11.95
 20
23.55
 10
11.95
 20
22.95
 10
11.7
 20
22.95
 10
11.7
 20
23.55
 10
9.7
 20
23.55
 10
9.7
 20
21.55
 10
11.7
 20
21.55
 10
11.7
 20
22.15
 10
11.95
 20
22.15
 10
11.95
 20
20.7
 10
11.7
 20
20.7
 10
11.7
 20
21.4
 10
9.7
 20
21.4
 10
9.7
 20
19.4
 10
11.7
 20
19.4
 10
11.7
 20
19.9
 10
11.95
 20
19.9
 10
11.95
 20
19.25
 10
11.7
 20
19.25
 10
11.649999999999999
 20
19.25
 10
9.7
 20
19.25
 10
9.7
 20
16.95
 10
9.7
 20
16.9
 10
9.7
 20
16.75
 10
9.7
 20
16.7
 10
9.7
 20
11.75
 10
11.849999999999998
 20
11.75
 10
11.899999999999999
 20
11.75
 10
11.95
 20
11.75
 10
11.95
 20
11.6
 10
11.95
 20
11.55
 10
11.95
 20
11.0
 10
11.7
 20
11.0
 10
11.7
 20
11.6
 10
9.7
 20
11.6
 10
9.7
 20
9.6
 10
11.7
 20
9.6
 10
11.7
 20
10.2
 10
11.95
 20
10.2
 10
11.95
 20
7.65
 10
11.95
 20
7.6
 10
11.95
 20
7.45
 10
11.95
 20
7.4
 10
11.95
 20
6.6
 10
11.7
 20
6.6
 10
11.7
 20
9.35
 10
7.45
 20
9.35
 10
7.45
 20
6.6
 10
7.2
 20
6.6
 10
7.2
 20
7.4
 10
7.2
 20
7.45
 10
7.2
 20
7.6
 10
7.2
 20
7.65
 10
7.2
 20
10.2
 10
7.45
 20
10.2
 10
7.45
 20
9.6
 10
9.45
 20
9.6
 10
9.45
 20
11.6
 10
7.45
 20
11.6
 10
7.45
 20
11.0
 10
7.2
 20
11.0
 10
7.2
 20
11.55
 10
7.2
 20
11.6
 10
7.2
 20
11.75
 10
7.25
 20
11.75
 10
7.3
 20
11.75
 10
9.45
 20
11.75
 10
9.45
 20
16.7
 10
9.45
 20
16.75
 10
9.45
 20
16.9
 10
9.45
 20
16.95
 10
9.45
 20
19.25
 10
7.5
 20
19.25
 10
7.45
 20
19.25
 10
7.2
 20
19.25
 10
7.2
 20
19.9
 10
7.45
 20
19.9
 10
7.45
 20
19.4
 10
9.45
 20
19.4
 10
9.45
 20
21.4
 10
7.45
 20
21.4
 10
7.45
 20
20.7
 10
7.2
 20
20.7
 10
7.2
 20
22.15
 10
7.45
 20
22.15
 10
7.45
 20
21.55
 10
9.45
 20
21.55
 10
9.45
 20
23.55
 10
7.45
 20
23.55
 10
7.45
 20
22.95
 10
7.2
 20
22.95
 10
7.2
 20
23.55
 10
6.550000000000001
 20
23.55
 10
6.550000000000001
 20
23.7
 10
9.45
 20
23.7
 10
9.45
 20
27.7
 10
8.45
 20
27.7
 10
8.45
 20
28.0
 10
10.7
 20
28.0
  0
HATCH
  5
AD
330
17
100
AcDbEntity
  8
A-WALL-PATT
 62
8
100
AcDbHatch
 10
0.0
 20
0.0
 30
0.0
210
0.0
220
0.0
230
1.0
  2
SOLID
 70
1
 71
0
 91
1
 92
3
 72
0
 73
1
 93
105
 10
10.7
 20
28.0
 10
10.7
 20
27.7
 10
9.7
 20
27.7
 10
9.7
 20
23.7
 10
12.599999999999998
 20
23.7
 10
12.599999999999998
 20
23.55
 10
11.95
 20
23.55
 10
11.95
 20
22.95
 10
11.7
 20
22.95
 10
11.7
 20
23.55
 10
9.7
 20
23.55
 10
9.7
 20
21.55
 10
11.7
 20
21.55
 10
11.7
 20
22.15
 10
11.95
 20
22.15
 10
11.95
 20
20.7
 10
11.7
 20
20.7
 10
11.7
 20
21.4
 10
9.7
 20
21.4
 10
9.7
 20
19.4
 10
11.7
 20
19.4
 10
11.7
 20
19.9
 10
11.95
 20
19.9
 10
11.95
 20
19.25
 10
11.7
 20
19.25
 10
11.649999999999999
 20
19.25
 10
9.7
 20
19.25
 10
9.7
 20
16.95
 10
9.7
 20
16.9
 10
9.7
 20
16.75
 10
9.7
 20
16.7
 10
9.7
 20
11.75
 10
11.849999999999998
 20
11.75
 10
11.899999999999999
 20
11.75
 10
11.95
 20
11.75
 10
11.95
 20
11.6
 10
11.95
 20
11.55
 10
11.95
 20
11.0
 10
11.7
 20
11.0
 10
11.7
 20
11.6
 10
9.7
 20
11.6
 10
9.7
 20
9.6
 10
11.7
 20
9.6
 10
11.7
 20
10.2
 10
11.95
 20
10.2
 10
11.95
 20
7.65
 10
11.95
 20
7.6
 10
11.95
 20
7.45
 10
11.95
 20
7.4
 10
11.95
 20
6.6
 10
11.7
 20
6.6
 10
11.7
 20
9.35
 10
7.45
 20
9.35
 10
7.45
 20
6.6
 10
7.2
 20
6.6
 10
7.2
 20
7.4
 10
7.2
 20
7.45
 10
7.2
 20
7.6
 10
7.2
 20
7.65
 10
7.2
 20
10.2
 10
7.45
 20
10.2
 10
7.45
 20
9.6
 10
9.45
 20
9.6
 10
9.45
 20
11.6
 10
7.45
 20
11.6
 10
7.45
 20
11.0
 10
7.2
 20
11.0
 10
7.2
 20
11.55
 10
7.2
 20
11.6
 10
7.2
 20
11.75
 10
7.25
 20
11.75
 10
7.3
 20
11.75
 10
9.45
 20
11.75
 10
9.45
 20
16.7
 10
9.45
 20
16.75
 10
9.45
 20
16.9
 10
9.45
 20
16.95
 10
9.45
 20
19.25
 10
7.5
 20
19.25
 10
7.45
 20
19.25
 10
7.2
 20
19.25
 10
7.2
 20
19.9
 10
7.45
 20
19.9
 10
7.45
 20
19.4
 10
9.45
 20
19.4
 10
9.45
 20
21.4
 10
7.45
 20
21.4
 10
7.45
 20
20.7
 10
7.2
 20
20.7
 10
7.2
 20
22.15
 10
7.45
 20
22.15
 10
7.45
 20
21.55
 10
9.45
 20
21.55
 10
9.45
 20
23.55
 10
7.45
 20
23.55
 10
7.45
 20
22.95
 10
7.2
 20
22.95
 10
7.2
 20
23.55
 10
6.550000000000001
 20
23.55
 10
6.550000000000001
 20
23.7
 10
9.45
 20
23.7
 10
9.45
 20
27.7
 10
8.45
 20
27.7
 10
8.45
 20
28.0
 10
10.7
 20
28.0
 97
0
 75
0
 76
1
 98
0
  0
LWPOLYLINE
  5
AE
330
17
100
AcDbEntity
  8
A-WALL
100
AcDbPolyline
 90
17
 70
1
 10
15.349999999999998
 20
28.0
 10
15.349999999999998
 20
27.7
 10
13.849999999999998
 20
27.7
 10
13.849999999999998
 20
22.7
 10
14.45
 20
22.7
 10
14.45
 20
22.55
 10
13.849999999999998
 20
22.55
 10
13.849999999999998
 20
22.2
 10
13.7
 20
22.2
 10
13.7
 20
23.55
 10
13.499999999999998
 20
23.55
 10
13.499999999999998
 20
23.7
 10
13.7
 20
23.7
 10
13.7
 20
27.7
 10
12.7
 20
27.7
 10
12.7
 20
28.0
 10
15.349999999999998
 20
28.0
  0
HATCH
  5
AF
330
17
100
AcDbEntity
  8
A-WALL-PATT
 62
8
100
AcDbHatch
 10
0.0
 20
0.0
 30
0.0
210
0.0
220
0.0
230
1.0
  2
SOLID
 70
1
 71
0
 91
1
 92
3
 72
0
 73
1
 93
17
 10
15.349999999999998
 20
28.0
 10
15.349999999999998
 20
27.7
 10
13.849999999999998
 20
27.7
 10
13.849999999999998
 20
22.7
 10
14.45
 20
22.7
 10
14.45
 20
22.55
 10
13.849999999999998
 20
22.55
 10
13.849999999999998
 20
22.2
 10
13.7
 20
22.2
 10
13.7
 20
23.55
 10
13.499999999999998
 20
23.55
 10
13.499999999999998
 20
23.7
 10
13.7
 20
23.7
 10
13.7
 20
27.7
 10
12.7
 20
27.7
 10
12.7
 20
28.0
 10
15.349999999999998
 20
28.0
 97
0
 75
0
 76
1
 98
0
  0
LWPOLYLINE
  5
B0
330
17
100
AcDbEntity
  8
A-WALL
100
AcDbPolyline
 90
15
 70
1
 10
19.15
 20
28.0
 10
19.15
 20
22.25
 10
18.849999999999998
 20
22.25
 10
18.849999999999998
 20
22.55
 10
16.349999999999998
 20
22.55
 10
16.349999999999998
 20
22.0
 10
16.2
 20
22.0
 10
16.2
 20
22.55
 10
15.349999999999998
 20
22.55
 10
15.349999999999998
 20
22.7
 10
18.849999999999998
 20
22.7
 10
18.849999999999998
 20
27.7
 10
17.349999999999998
 20
27.7
 10
17.349999999999998
 20
28.0
 10
19.15
 20
28.0
  0
HATCH
  5
B1
330
17
100
AcDbEntity
  8
A-WALL-PATT
 62
8
100
AcDbHatch
 10
0.0
 20
0.0
 30
0.0
210
0.0
220
0.0
230
1.0
  2
SOLID
 70
1
 71
0
 91
1
 92
3
 72
0
 73
1
 93
15
 10
19.15
 20
28.0
 10
19.15
 20
22.25
 10
18.849999999999998
 20
22.25
 10
18.849999999999998
 20
22.55
 10
16.349999999999998
 20
22.55
 10
16.349999999999998
 20
22.0
 10
16.2
 20
22.0
 10
16.2
 20
22.55
 10
15.349999999999998
 20
22.55
 10
15.349999999999998
 20
22.7
 10
18.849999999999998
 20
22.7
 10
18.849999999999998
 20
27.7
 10
17.349999999999998
 20
27.7
 10
17.349999999999998
 20
28.0
 10
19.15
 20
28.0
 97
0
 75
0
 76
1
 98
0
  0
LWPOLYLINE
  5
B2
330
17
100
AcDbEntity
  8
A-WALL
100
AcDbPolyline
 90
19
 70
1
 10
19.15
 20
19.8
 10
18.849999999999998
 20
19.8
 10
18.849999999999998
 20
20.9
 10
14.849999999999998
 20
20.9
 10
14.849999999999998
 20
20.799999999999997
 10
14.7
 20
20.799999999999997
 10
14.7
 20
20.9
 10
13.7
 20
20.9
 10
13.7
 20
21.3
 10
13.849999999999998
 20
21.3
 10
13.849999999999998
 20
21.05
 10
16.2
 20
21.05
 10
16.2
 20
21.3
 10
16.349999999999998
 20
21.3
 10
16.349999999999998
 20
21.05
 10
18.849999999999998
 20
21.05
 10
18.849999999999998
 20
21.35
 10
19.15
 20
21.35
 10
19.15
 20
19.8
  0
HATCH
  5
B3
330
17
100
AcDbEntity
  8
A-WALL-PATT
 62
8
100
AcDbHatch
 10
0.0
 20
0.0
 30
0.0
210
0.0
220
0.0
230
1.0
  2
SOLID
 70
1
 71
0
 91
1
 92
3
 72
0
 73
1
 93
19
 10
19.15
 20
19.8
 10
18.849999999999998
 20
19.8
 10
18.849999999999998
 20
20.9
 10
14.849999999999998
 20
20.9
 10
14.849999999999998
 20
20.799999999999997
 10
14.7
 20
20.799999999999997
 10
14.7
 20
20.9
 10
13.7
 20
20.9
 10
13.7
 20
21.3
 10
13.849999999999998
 20
21.3
 10
13.849999999999998
 20
21.05
 10
16.2
 20
21.05
 10
16.2
 20
21.3
 10
16.349999999999998
 20
21.3
 10
16.349999999999998
 20
21.05
 10
18.849999999999998
 20
21.05
 10
18.849999999999998
 20
21.35
 10
19.15
 20
21.35
 10
19.15
 20
19.8
 97
0
 75
0
 76
1
 98
0
  0
LWPOLYLINE
  5
B4
330
17
100
AcDbEntity
  8
A-WALL
100
AcDbPolyline
 90
17
 70
1
 10
19.15
 20
16.25
 10
18.849999999999998
 20
16.25
 10
18.849999999999998
 20
16.75
 10
17.349999999999998
 20
16.75
 10
17.349999999999998
 20
15.75
 10
17.049999999999997
 20
15.75
 10
17.049999999999997
 20
16.75
 10
14.7
 20
16.75
 10
14.7
 20
16.9
 10
14.7
 20
16.95
 10
14.7
 20
19.9
 10
14.849999999999998
 20
19.9
 10
14.849999999999998
 20
16.9
 10
18.849999999999998
 20
16.9
 10
18.849999999999998
 20
18.0
 10
19.15
 20
18.0
 10
19.15
 20
16.25
  0
HATCH
  5
B5
330
17
100
AcDbEntity
  8
A-WALL-PATT
 62
8
100
AcDbHatch
 10
0.0
 20
0.0
 30
0.0
210
0.0
220
0.0
230
1.0
  2
SOLID
 70
1
 71
0
 91
1
 92
3
 72
0
 73
1
 93
17
 10
19.15
 20
16.25
 10
18.849999999999998
 20
16.25
 10
18.849999999999998
 20
16.75
 10
17.349999999999998
 20
16.75
 10
17.349999999999998
 20
15.75
 10
17.049999999999997
 20
15.75
 10
17.049999999999997
 20
16.75
 10
14.7
 20
16.75
 10
14.7
 20
16.9
 10
14.7
 20
16.95
 10
14.7
 20
19.9
 10
14.849999999999998
 20
19.9
 10
14.849999999999998
 20
16.9
 10
18.849999999999998
 20
16.9
 10
18.849999999999998
 20
18.0
 10
19.15
 20
18.0
 10
19.15
 20
16.25
 97
0
 75
0
 76
1
 98
0
  0
LWPOLYLINE
  5
B6
330
17
100
AcDbEntity
  8
A-WALL
100
AcDbPolyline
 90
17
 70
1
 10
19.15
 20
10.5
 10
18.849999999999998
 20
10.5
 10
18.849999999999998
 20
11.6
 10
14.849999999999998
 20
11.6
 10
14.849999999999998
 20
9.200000000000001
 10
14.7
 20
9.200000000000001
 10
14.7
 20
11.55
 10
14.7
 20
11.6
 10
14.7
 20
11.75
 10
17.049999999999997
 20
11.75
 10
17.049999999999997
 20
12.75
 10
17.349999999999998
 20
12.75
 10
17.349999999999998
 20
11.75
 10
18.849999999999998
 20
11.75
 10
18.849999999999998
 20
12.25
 10
19.15
 20
12.25
 10
19.15
 20
10.5
  0
HATCH
  5
B7
330
17
100
AcDbEntity
  8
A-WALL-PATT
 62
8
100
AcDbHatch
 10
0.0
 20
0.0
 30
0.0
210
0.0
220
0.0
230
1.0
  2
SOLID
 70
1
 71
0
 91
1
 92
3
 72
0
 73
1
 93
17
 10
19.15
 20
10.5
 10
18.849999999999998
 20
10.5
 10
18.849999999999998
 20
11.6
 10
14.849999999999998
 20
11.6
 10
14.849999999999998
 20
9.200000000000001
 10
14.7
 20
9.200000000000001
 10
14.7
 20
11.55
 10
14.7
 20
11.6
 10
14.7
 20
11.75
 10
17.049999999999997
 20
11.75
 10
17.049999999999997
 20
12.75
 10
17.349999999999998
 20
12.75
 10
17.349999999999998
 20
11.75
 10
18.849999999999998
 20
11.75
 10
18.849999999999998
 20
12.25
 10
19.15
 20
12.25
 10
19.15
 20
10.5
 97
0
 75
0
 76
1
 98
0
  0
LWPOLYLINE
  5
B8
330
17
100
AcDbEntity
  8
A-WALL
100
AcDbPolyline
 90
17
 70
1
 10
19.15
 20
6.85
 10
18.849999999999998
 20
6.85
 10
18.849999999999998
 20
7.45
 10
16.849999999999998
 20
7.45
 10
16.849999999999998
 20
6.75
 10
16.7
 20
6.75
 10
16.7
 20
7.45
 10
14.7
 20
7.45
 10
14.7
 20
7.6
 10
14.7
 20
7.65
 10
14.7
 20
8.3
 10
14.849999999999998
 20
8.3
 10
14.849999999999998
 20
7.6
 10
18.849999999999998
 20
7.6
 10
18.849999999999998
 20
8.7
 10
19.15
 20
8.7
 10
19.15
 20
6.85
  0
HATCH
  5
B9
330
17
100
AcDbEntity
  8
A-WALL-PATT
 62
8
100
AcDbHatch
 10
0.0
 20
0.0
 30
0.0
210
0.0
220
0.0
230
1.0
  2
SOLID
 70
1
 71
0
 91
1
 92
3
 72
0
 73
1
 93
17
 10
19.15
 20
6.85
 10
18.849999999999998
 20
6.85
 10
18.849999999999998
 20
7.45
 10
16.849999999999998
 20
7.45
 10
16.849999999999998
 20
6.75
 10
16.7
 20
6.75
 10
16.7
 20
7.45
 10
14.7
 20
7.45
 10
14.7
 20
7.6
 10
14.7
 20
7.65
 10
14.7
 20
8.3
 10
14.849999999999998
 20
8.3
 10
14.849999999999998
 20
7.6
 10
18.849999999999998
 20
7.6
 10
18.849999999999998
 20
8.7
 10
19.15
 20
8.7
 10
19.15
 20
6.85
 97
0
 75
0
 76
1
 98
0
  0
LWPOLYLINE
  5
BA
330
17
100
AcDbEntity
  8
A-WALL
100
AcDbPolyline
 90
13
 70
1
 10
19.15
 20
3.8
 10
18.849999999999998
 20
3.8
 10
18.849999999999998
 20
5.3
 10
15.45
 20
5.3
 10
15.45
 20
5.45
 10
16.7
 20
5.45
 10
16.7
 20
6.05
 10
16.849999999999998
 20
6.05
 10
16.849999999999998
 20
5.45
 10
18.849999999999998
 20
5.45
 10
18.849999999999998
 20
6.05
 10
19.15
 20
6.05
 10
19.15
 20
3.8
  0
HATCH
  5
BB
330
17
100
AcDbEntity
  8
A-WALL-PATT
 62
8
100
AcDbHatch
 10
0.0
 20
0.0
 30
0.0
210
0.0
220
0.0
230
1.0
  2
SOLID
 70
1
 71
0
 91
1
 92
3
 72
0
 73
1
 93
13
 10
19.15
 20
3.8
 10
18.849999999999998
 20
3.8
 10
18.849999999999998
 20
5.3
 10
15.45
 20
5.3
 10
15.45
 20
5.45
 10
16.7
 20
5.45
 10
16.7
 20
6.05
 10
16.849999999999998
 20
6.05
 10
16.849999999999998
 20
5.45
 10
18.849999999999998
 20
5.45
 10
18.849999999999998
 20
6.05
 10
19.15
 20
6.05
 10
19.15
 20
3.8
 97
0
 75
0
 76
1
 98
0
  0
LWPOLYLINE
  5
BC
330
17
100
AcDbEntity
  8
A-WALL
100
AcDbPolyline
 90
7
 70
1
 10
19.15
 20
0.0
 10
17.349999999999998
 20
0.0
 10
17.349999999999998
 20
0.3
 10
18.849999999999998
 20
0.3
 10
18.849999999999998
 20
1.8
 10
19.15
 20
1.8
 10
19.15
 20
0.0
  0
HATCH
  5
BD
330
17
100
AcDbEntity
  8
A-WALL-PATT
 62
8
100
AcDbHatch
 10
0.0
 20
0.0
 30
0.0
210
0.0
220
0.0
230
1.0
  2
SOLID
 70
1
 71
0
 91
1
 92
3
 72
0
 73
1
 93
7
 10
19.15
 20
0.0
 10
17.349999999999998
 20
0.0
 10
17.349999999999998
 20
0.3
 10
18.849999999999998
 20
0.3
 10
18.849999999999998
 20
1.8
 10
19.15
 20
1.8
 10
19.15
 20
0.0
 97
0
 75
0
 76
1
 98
0
  0
LWPOLYLINE
  5
BE
330
17
100
AcDbEntity
  8
A-WALL
100
AcDbPolyline
 90
13
 70
1
 10
10.325
 20
0.0
 10
10.325
 20
0.3
 10
11.7
 20
0.3
 10
11.7
 20
5.6
 10
11.95
 20
5.6
 10
11.95
 20
5.45
 10
14.549999999999997
 20
5.45
 10
14.549999999999997
 20
5.3
 10
11.95
 20
5.3
 10
11.95
 20
0.3
 10
15.349999999999998
 20
0.3
 10
15.349999999999998
 20
0.0
 10
10.325
 20
0.0
  0
HATCH
  5
BF
330
17
100
AcDbEntity
  8
A-WALL-PATT
 62
8
100
AcDbHatch
 10
0.0
 20
0.0
 30
0.0
210
0.0
220
0.0
230
1.0
  2
SOLID
 70
1
 71
0
 91
1
 92
3
 72
0
 73
1
 93
13
 10
10.325
 20
0.0
 10
10.325
 20
0.3
 10
11.7
 20
0.3
 10
11.7
 20
5.6
 10
11.95
 20
5.6
 10
11.95
 20
5.45
 10
14.549999999999997
 20
5.45
 10
14.549999999999997
 20
5.3
 10
11.95
 20
5.3
 10
11.95
 20
0.3
 10
15.349999999999998
 20
0.3
 10
15.349999999999998
 20
0.0
 10
10.325
 20
0.0
 97
0
 75
0
 76
1
 98
0
  0
LWPOLYLINE
  5
C0
330
17
100
AcDbEntity
  8
A-WALL
100
AcDbPolyline
 90
13
 70
1
 10
3.8
 20
0.0
 10
3.8
 20
0.3
 10
7.2
 20
0.3
 10
7.2
 20
5.3
 10
4.6000000000000005
 20
5.3
 10
4.6000000000000005
 20
5.45
 10
7.2
 20
5.45
 10
7.2
 20
5.6
 10
7.45
 20
5.6
 10
7.45
 20
0.3
 10
8.825
 20
0.3
 10
8.825
 20
0.0
 10
3.8
 20
0.0
  0
HATCH
  5
C1
330
17
100
AcDbEntity
  8
A-WALL-PATT
 62
8
100
AcDbHatch
 10
0.0
 20
0.0
 30
0.0
210
0.0
220
0.0
230
1.0
  2
SOLID
 70
1
 71
0
 91
1
 92
3
 72
0
 73
1
 93
13
 10
3.8
 20
0.0
 10
3.8
 20
0.3
 10
7.2
 20
0.3
 10
7.2
 20
5.3
 10
4.6000000000000005
 20
5.3
 10
4.6000000000000005
 20
5.45
 10
7.2
 20
5.45
 10
7.2
 20
5.6
 10
7.45
 20
5.6
 10
7.45
 20
0.3
 10
8.825
 20
0.3
 10
8.825
 20
0.0
 10
3.8
 20
0.0
 97
0
 75
0
 76
1
 98
0
  0
LINE
  5
C2
330
17
100
AcDbEntity
  8
A-DOOR
100
AcDbLine
 10
3.8
 20
22.625
 30
0.0
 11
3.8
 21
23.525
 31
0.0
  0
ARC
  5
C3
330
17
100
AcDbEntity
  8
A-DOOR
100
AcDbCircle
 10
3.8
 20
22.625
 30
0.0
 40
0.8999999999999986
100
AcDbArc
 50
0.0
 51
90.0
  0
LINE
  5
C4
330
17
100
AcDbEntity
  8
A-DOOR
100
AcDbLine
 10
15.349999999999998
 20
22.625
 30
0.0
 11
15.349999999999998
 21
23.525
 31
0.0
  0
ARC
  5
C5
330
17
100
AcDbEntity
  8
A-DOOR
100
AcDbCircle
 10
15.349999999999998
 20
22.625
 30
0.0
 40
0.8999999999999986
100
AcDbArc
 50
90.0
 51
180.0
  0
LINE
  5
C6
330
17
100
AcDbEntity
  8
A-DOOR
100
AcDbLine
 10
2.875
 20
21.3
 30
0.0
 11
2.175
 21
21.3
 31
0.0
  0
ARC
  5
C7
330
17
100
AcDbEntity
  8
A-DOOR
100
AcDbCircle
 10
2.875
 20
21.3
 30
0.0
 40
0.7000000000000002
100
AcDbArc
 50
90.0
 51
180.0
  0
LINE
  5
C8
330
17
100
AcDbEntity
  8
A-DOOR
100
AcDbLine
 10
16.275
 20
21.3
 30
0.0
 11
16.974999999999998
 21
21.3
 31
0.0
  0
ARC
  5
C9
330
17
100
AcDbEntity
  8
A-DOOR
100
AcDbCircle
 10
16.275
 20
21.3
 30
0.0
 40
0.6999999999999993
100
AcDbArc
 50
0.0
 51
90.0
  0
LINE
  5
CA
330
17
100
AcDbEntity
  8
A-DOOR
100
AcDbLine
 10
5.375
 20
21.3
 30
0.0
 11
4.475
 21
21.3
 31
0.0
  0
ARC
  5
CB
330
17
100
AcDbEntity
  8
A-DOOR
100
AcDbCircle
 10
5.375
 20
21.3
 30
0.0
 40
0.9000000000000004
100
AcDbArc
 50
90.0
 51
180.0
  0
LINE
  5
CC
330
17
100
AcDbEntity
  8
A-DOOR
100
AcDbLine
 10
13.774999999999999
 20
21.3
 30
0.0
 11
14.674999999999999
 21
21.3
 31
0.0
  0
ARC
  5
CD
330
17
100
AcDbEntity
  8
A-DOOR
100
AcDbCircle
 10
13.774999999999999
 20
21.3
 30
0.0
 40
0.9000000000000004
100
AcDbArc
 50
0.0
 51
90.0
  0
LINE
  5
CE
330
17
100
AcDbEntity
  8
A-DOOR
100
AcDbLine
 10
5.65
 20
23.625
 30
0.0
 11
5.65
 21
24.525
 31
0.0
  0
ARC
  5
CF
330
17
100
AcDbEntity
  8
A-DOOR
100
AcDbCircle
 10
5.65
 20
23.625
 30
0.0
 40
0.8999999999999986
100
AcDbArc
 50
0.0
 51
90.0
  0
LINE
  5
D0
330
17
100
AcDbEntity
  8
A-DOOR
100
AcDbLine
 10
13.499999999999998
 20
23.625
 30
0.0
 11
13.499999999999998
 21
24.525
 31
0.0
  0
ARC
  5
D1
330
17
100
AcDbEntity
  8
A-DOOR
100
AcDbCircle
 10
13.499999999999998
 20
23.625
 30
0.0
 40
0.8999999999999986
100
AcDbArc
 50
90.0
 51
180.0
  0
LINE
  5
D2
330
17
100
AcDbEntity
  8
A-DOOR
100
AcDbLine
 10
7.325
 20
22.15
 30
0.0
 11
8.125
 21
22.15
 31
0.0
  0
ARC
  5
D3
330
17
100
AcDbEntity
  8
A-DOOR
100
AcDbCircle
 10
7.325
 20
22.15
 30
0.0
 40
0.7999999999999998
100
AcDbArc
 50
0.0
 51
90.0
  0
LINE
  5
D4
330
17
100
AcDbEntity
  8
A-DOOR
100
AcDbLine
 10
11.825
 20
22.15
 30
0.0
 11
11.024999999999999
 21
22.15
 31
0.0
  0
ARC
  5
D5
330
17
100
AcDbEntity
  8
A-DOOR
100
AcDbCircle
 10
11.825
 20
22.15
 30
0.0
 40
0.8000000000000007
100
AcDbArc
 50
90.0
 51
180.0
  0
LINE
  5
D6
330
17
100
AcDbEntity
  8
A-DOOR
100
AcDbLine
 10
7.325
 20
19.9
 30
0.0
 11
8.125
 21
19.9
 31
0.0
  0
ARC
  5
D7
330
17
100
AcDbEntity
  8
A-DOOR
100
AcDbCircle
 10
7.325
 20
19.9
 30
0.0
 40
0.7999999999999998
100
AcDbArc
 50
0.0
 51
90.0
  0
LINE
  5
D8
330
17
100
AcDbEntity
  8
A-DOOR
100
AcDbLine
 10
11.825
 20
19.9
 30
0.0
 11
11.024999999999999
 21
19.9
 31
0.0
  0
ARC
  5
D9
330
17
100
AcDbEntity
  8
A-DOOR
100
AcDbCircle
 10
11.825
 20
19.9
 30
0.0
 40
0.8000000000000007
100
AcDbArc
 50
90.0
 51
180.0
  0
LINE
  5
DA
330
17
100
AcDbEntity
  8
A-DOOR
100
AcDbLine
 10
4.375
 20
19.9
 30
0.0
 11
3.475
 21
19.9
 31
0.0
  0
ARC
  5
DB
330
17
100
AcDbEntity
  8
A-DOOR
100
AcDbCircle
 10
4.375
 20
19.9
 30
0.0
 40
0.8999999999999999
100
AcDbArc
 50
90.0
 51
180.0
  0
LINE
  5
DC
330
17
100
AcDbEntity
  8
A-DOOR
100
AcDbLine
 10
14.774999999999999
 20
19.9
 30
0.0
 11
15.674999999999999
 21
19.9
 31
0.0
  0
ARC
  5
DD
330
17
100
AcDbEntity
  8
A-DOOR
100
AcDbCircle
 10
14.774999999999999
 20
19.9
 30
0.0
 40
0.9000000000000004
100
AcDbArc
 50
0.0
 51
90.0
  0
LINE
  5
DE
330
17
100
AcDbEntity
  8
A-DOOR
100
AcDbLine
 10
4.375
 20
8.3
 30
0.0
 11
3.475
 21
8.3
 31
0.0
  0
ARC
  5
DF
330
17
100
AcDbEntity
  8
A-DOOR
100
AcDbCircle
 10
4.375
 20
8.3
 30
0.0
 40
0.8999999999999999
100
AcDbArc
 50
90.0
 51
180.0
  0
LINE
  5
E0
330
17
100
AcDbEntity
  8
A-DOOR
100
AcDbLine
 10
14.774999999999999
 20
8.3
 30
0.0
 11
15.674999999999999
 21
8.3
 31
0.0
  0
ARC
  5
E1
330
17
100
AcDbEntity
  8
A-DOOR
100
AcDbCircle
 10
14.774999999999999
 20
8.3
 30
0.0
 40
0.9000000000000004
100
AcDbArc
 50
0.0
 51
90.0
  0
LINE
  5
E2
330
17
100
AcDbEntity
  8
A-DOOR
100
AcDbLine
 10
7.325
 20
10.2
 30
0.0
 11
8.125
 21
10.2
 31
0.0
  0
ARC
  5
E3
330
17
100
AcDbEntity
  8
A-DOOR
100
AcDbCircle
 10
7.325
 20
10.2
 30
0.0
 40
0.7999999999999998
100
AcDbArc
 50
0.0
 51
90.0
  0
LINE
  5
E4
330
17
100
AcDbEntity
  8
A-DOOR
100
AcDbLine
 10
11.825
 20
10.2
 30
0.0
 11
11.024999999999999
 21
10.2
 31
0.0
  0
ARC
  5
E5
330
17
100
AcDbEntity
  8
A-DOOR
100
AcDbCircle
 10
11.825
 20
10.2
 30
0.0
 40
0.8000000000000007
100
AcDbArc
 50
90.0
 51
180.0
  0
LINE
  5
E6
330
17
100
AcDbEntity
  8
A-DOOR
100
AcDbLine
 10
2.375
 20
6.05
 30
0.0
 11
1.675
 21
6.05
 31
0.0
  0
ARC
  5
E7
330
17
100
AcDbEntity
  8
A-DOOR
100
AcDbCircle
 10
2.375
 20
6.05
 30
0.0
 40
0.7
100
AcDbArc
 50
90.0
 51
180.0
  0
LINE
  5
E8
330
17
100
AcDbEntity
  8
A-DOOR
100
AcDbLine
 10
16.775
 20
6.05
 30
0.0
 11
17.474999999999998
 21
6.05
 31
0.0
  0
ARC
  5
E9
330
17
100
AcDbEntity
  8
A-DOOR
100
AcDbCircle
 10
16.775
 20
6.05
 30
0.0
 40
0.6999999999999993
100
AcDbArc
 50
0.0
 51
90.0
  0
LINE
  5
EA
330
17
100
AcDbEntity
  8
A-DOOR
100
AcDbLine
 10
3.7
 20
5.375
 30
0.0
 11
3.7
 21
4.475
 31
0.0
  0
ARC
  5
EB
330
17
100
AcDbEntity
  8
A-DOOR
100
AcDbCircle
 10
3.7
 20
5.375
 30
0.0
 40
0.9000000000000004
100
AcDbArc
 50
270.0
 51
0.0
  0
LINE
  5
EC
330
17
100
AcDbEntity
  8
A-DOOR
100
AcDbLine
 10
15.45
 20
5.375
 30
0.0
 11
15.45
 21
4.475
 31
0.0
  0
ARC
  5
ED
330
17
100
AcDbEntity
  8
A-DOOR
100
AcDbCircle
 10
15.45
 20
5.375
 30
0.0
 40
0.9000000000000004
100
AcDbArc
 50
180.0
 51
270.0
  0
LINE
  5
EE
330
17
100
AcDbEntity
  8
A-DOOR
100
AcDbLine
 10
7.325
 20
5.6
 30
0.0
 11
6.325
 21
5.6
 31
0.0
  0
ARC
  5
EF
330
17
100
AcDbEntity
  8
A-DOOR
100
AcDbCircle
 10
7.325
 20
5.6
 30
0.0
 40
1.0
100
AcDbArc
 50
90.0
 51
180.0
  0
LINE
  5
F0
330
17
100
AcDbEntity
  8
A-DOOR
100
AcDbLine
 10
11.825
 20
5.6
 30
0.0
 11
12.825
 21
5.6
 31
0.0
  0
ARC
  5
F1
330
17
100
AcDbEntity
  8
A-DOOR
100
AcDbCircle
 10
11.825
 20
5.6
 30
0.0
 40
1.0
100
AcDbArc
 50
0.0
 51
90.0
  0
LINE
  5
F2
330
17
100
AcDbEntity
  8
A-DOOR
100
AcDbLine
 10
1.91
 20
12.75
 30
0.0
 11
1.91
 21
14.35
 31
0.0
  0
LINE
  5
F3
330
17
100
AcDbEntity
  8
A-DOOR
100
AcDbLine
 10
1.99
 20
14.15
 30
0.0
 11
1.99
 21
15.75
 31
0.0
  0
LINE
  5
F4
330
17
100
AcDbEntity
  8
A-DOOR
100
AcDbLine
 10
17.16
 20
12.75
 30
0.0
 11
17.16
 21
14.35
 31
0.0
  0
LINE
  5
F5
330
17
100
AcDbEntity
  8
A-DOOR
100
AcDbLine
 10
17.24
 20
14.15
 30
0.0
 11
17.24
 21
15.75
 31
0.0
  0
LWPOLYLINE
  5
F6
330
17
100
AcDbEntity
  8
A-GLAZ
100
AcDbPolyline
 90
4
 70
1
 10
0.0
 20
21.35
 10
0.3
 20
21.35
 10
0.3
 20
22.25
 10
0.0
 20
22.25
  0
LINE
  5
F7
330
17
100
AcDbEntity
  8
A-GLAZ
100
AcDbLine
 10
0.12
 20
21.35
 30
0.0
 11
0.12
 21
22.25
 31
0.0
  0
LINE
  5
F8
330
17
100
AcDbEntity
  8
A-GLAZ
100
AcDbLine
 10
0.18
 20
21.35
 30
0.0
 11
0.18
 21
22.25
 31
0.0
  0
LWPOLYLINE
  5
F9
330
17
100
AcDbEntity
  8
A-GLAZ
100
AcDbPolyline
 90
4
 70
1
 10
0.0
 20
18.0
 10
0.3
 20
18.0
 10
0.3
 20
19.8
 10
0.0
 20
19.8
  0
LINE
  5
FA
330
17
100
AcDbEntity
  8
A-GLAZ
100
AcDbLine
 10
0.12
 20
18.0
 30
0.0
 11
0.12
 21
19.8
 31
0.0
  0
LINE
  5
FB
330
17
100
AcDbEntity
  8
A-GLAZ
100
AcDbLine
 10
0.18
 20
18.0
 30
0.0
 11
0.18
 21
19.8
 31
0.0
  0
LWPOLYLINE
  5
FC
330
17
100
AcDbEntity
  8
A-GLAZ
100
AcDbPolyline
 90
4
 70
1
 10
0.0
 20
12.25
 10
0.3
 20
12.25
 10
0.3
 20
16.25
 10
0.0
 20
16.25
  0
LINE
  5
FD
330
17
100
AcDbEntity
  8
A-GLAZ
100
AcDbLine
 10
0.12
 20
12.25
 30
0.0
 11
0.12
 21
16.25
 31
0.0
  0
LINE
  5
FE
330
17
100
AcDbEntity
  8
A-GLAZ
100
AcDbLine
 10
0.18
 20
12.25
 30
0.0
 11
0.18
 21
16.25
 31
0.0
  0
LWPOLYLINE
  5
FF
330
17
100
AcDbEntity
  8
A-GLAZ
100
AcDbPolyline
 90
4
 70
1
 10
0.0
 20
8.7
 10
0.3
 20
8.7
 10
0.3
 20
10.5
 10
0.0
 20
10.5
  0
LINE
  5
100
330
17
100
AcDbEntity
  8
A-GLAZ
100
AcDbLine
 10
0.12
 20
8.7
 30
0.0
 11
0.12
 21
10.5
 31
0.0
  0
LINE
  5
101
330
17
100
AcDbEntity
  8
A-GLAZ
100
AcDbLine
 10
0.18
 20
8.7
 30
0.0
 11
0.18
 21
10.5
 31
0.0
  0
LWPOLYLINE
  5
102
330
17
100
AcDbEntity
  8
A-GLAZ
100
AcDbPolyline
 90
4
 70
1
 10
0.0
 20
6.05
 10
0.3
 20
6.05
 10
0.3
 20
6.85
 10
0.0
 20
6.85
  0
LINE
  5
103
330
17
100
AcDbEntity
  8
A-GLAZ
100
AcDbLine
 10
0.12
 20
6.05
 30
0.0
 11
0.12
 21
6.85
 31
0.0
  0
LINE
  5
104
330
17
100
AcDbEntity
  8
A-GLAZ
100
AcDbLine
 10
0.18
 20
6.05
 30
0.0
 11
0.18
 21
6.85
 31
0.0
  0
LWPOLYLINE
  5
105
330
17
100
AcDbEntity
  8
A-GLAZ
100
AcDbPolyline
 90
4
 70
1
 10
0.0
 20
1.8
 10
0.3
 20
1.8
 10
0.3
 20
3.8
 10
0.0
 20
3.8
  0
LINE
  5
106
330
17
100
AcDbEntity
  8
A-GLAZ
100
AcDbLine
 10
0.12
 20
1.8
 30
0.0
 11
0.12
 21
3.8
 31
0.0
  0
LINE
  5
107
330
17
100
AcDbEntity
  8
A-GLAZ
100
AcDbLine
 10
0.18
 20
1.8
 30
0.0
 11
0.18
 21
3.8
 31
0.0
  0
LWPOLYLINE
  5
108
330
17
100
AcDbEntity
  8
A-GLAZ
100
AcDbPolyline
 90
4
 70
1
 10
1.8
 20
27.7
 10
3.8
 20
27.7
 10
3.8
 20
28.0
 10
1.8
 20
28.0
  0
LINE
  5
109
330
17
100
AcDbEntity
  8
A-GLAZ
100
AcDbLine
 10
1.8
 20
27.82
 30
0.0
 11
3.8
 21
27.82
 31
0.0
  0
LINE
  5
10A
330
17
100
AcDbEntity
  8
A-GLAZ
100
AcDbLine
 10
1.8
 20
27.88
 30
0.0
 11
3.8
 21
27.88
 31
0.0
  0
LWPOLYLINE
  5
10B
330
17
100
AcDbEntity
  8
A-GLAZ
100
AcDbPolyline
 90
4
 70
1
 10
6.45
 20
27.7
 10
8.45
 20
27.7
 10
8.45
 20
28.0
 10
6.45
 20
28.0
  0
LINE
  5
10C
330
17
100
AcDbEntity
  8
A-GLAZ
100
AcDbLine
 10
6.45
 20
27.82
 30
0.0
 11
8.45
 21
27.82
 31
0.0
  0
LINE
  5
10D
330
17
100
AcDbEntity
  8
A-GLAZ
100
AcDbLine
 10
6.45
 20
27.88
 30
0.0
 11
8.45
 21
27.88
 31
0.0
  0
LWPOLYLINE
  5
10E
330
17
100
AcDbEntity
  8
A-GLAZ
100
AcDbPolyline
 90
4
 70
1
 10
1.8
 20
0.0
 10
3.8
 20
0.0
 10
3.8
 20
0.3
 10
1.8
 20
0.3
  0
LINE
  5
10F
330
17
100
AcDbEntity
  8
A-GLAZ
100
AcDbLine
 10
1.8
 20
0.12
 30
0.0
 11
3.8
 21
0.12
 31
0.0
  0
LINE
  5
110
330
17
100
AcDbEntity
  8
A-GLAZ
100
AcDbLine
 10
1.8
 20
0.18
 30
0.0
 11
3.8
 21
0.18
 31
0.0
  0
LWPOLYLINE
  5
111
330
17
100
AcDbEntity
  8
A-GLAZ
100
AcDbPolyline
 90
4
 70
1
 10
18.849999999999998
 20
21.35
 10
19.15
 20
21.35
 10
19.15
 20
22.25
 10
18.849999999999998
 20
22.25
  0
LINE
  5
112
330
17
100
AcDbEntity
  8
A-GLAZ
100
AcDbLine
 10
18.97
 20
21.35
 30
0.0
 11
18.97
 21
22.25
 31
0.0
  0
LINE
  5
113
330
17
100
AcDbEntity
  8
A-GLAZ
100
AcDbLine
 10
19.029999999999998
 20
21.35
 30
0.0
 11
19.029999999999998
 21
22.25
 31
0.0
  0
LWPOLYLINE
  5
114
330
17
100
AcDbEntity
  8
A-GLAZ
100
AcDbPolyline
 90
4
 70
1
 10
18.849999999999998
 20
18.0
 10
19.15
 20
18.0
 10
19.15
 20
19.8
 10
18.849999999999998
 20
19.8
  0
LINE
  5
115
330
17
100
AcDbEntity
  8
A-GLAZ
100
AcDbLine
 10
18.97
 20
18.0
 30
0.0
 11
18.97
 21
19.8
 31
0.0
  0
LINE
  5
116
330
17
100
AcDbEntity
  8
A-GLAZ
100
AcDbLine
 10
19.029999999999998
 20
18.0
 30
0.0
 11
19.029999999999998
 21
19.8
 31
0.0
  0
LWPOLYLINE
  5
117
330
17
100
AcDbEntity
  8
A-GLAZ
100
AcDbPolyline
 90
4
 70
1
 10
18.849999999999998
 20
12.25
 10
19.15
 20
12.25
 10
19.15
 20
16.25
 10
18.849999999999998
 20
16.25
  0
LINE
  5
118
330
17
100
AcDbEntity
  8
A-GLAZ
100
AcDbLine
 10
18.97
 20
12.25
 30
0.0
 11
18.97
 21
16.25
 31
0.0
  0
LINE
  5
119
330
17
100
AcDbEntity
  8
A-GLAZ
100
AcDbLine
 10
19.029999999999998
 20
12.25
 30
0.0
 11
19.029999999999998
 21
16.25
 31
0.0
  0
LWPOLYLINE
  5
11A
330
17
100
AcDbEntity
  8
A-GLAZ
100
AcDbPolyline
 90
4
 70
1
 10
18.849999999999998
 20
8.7
 10
19.15
 20
8.7
 10
19.15
 20
10.5
 10
18.849999999999998
 20
10.5
  0
LINE
  5
11B
330
17
100
AcDbEntity
  8
A-GLAZ
100
AcDbLine
 10
18.97
 20
8.7
 30
0.0
 11
18.97
 21
10.5
 31
0.0
  0
LINE
  5
11C
330
17
100
AcDbEntity
  8
A-GLAZ
100
AcDbLine
 10
19.029999999999998
 20
8.7
 30
0.0
 11
19.029999999999998
 21
10.5
 31
0.0
  0
LWPOLYLINE
  5
11D
330
17
100
AcDbEntity
  8
A-GLAZ
100
AcDbPolyline
 90
4
 70
1
 10
18.849999999999998
 20
6.05
 10
19.15
 20
6.05
 10
19.15
 20
6.85
 10
18.849999999999998
 20
6.85
  0
LINE
  5
11E
330
17
100
AcDbEntity
  8
A-GLAZ
100
AcDbLine
 10
18.97
 20
6.05
 30
0.0
 11
18.97
 21
6.85
 31
0.0
  0
LINE
  5
11F
330
17
100
AcDbEntity
  8
A-GLAZ
100
AcDbLine
 10
19.029999999999998
 20
6.05
 30
0.0
 11
19.029999999999998
 21
6.85
 31
0.0
  0
LWPOLYLINE
  5
120
330
17
100
AcDbEntity
  8
A-GLAZ
100
AcDbPolyline
 90
4
 70
1
 10
18.849999999999998
 20
1.8
 10
19.15
 20
1.8
 10
19.15
 20
3.8
 10
18.849999999999998
 20
3.8
  0
LINE
  5
121
330
17
100
AcDbEntity
  8
A-GLAZ
100
AcDbLine
 10
18.97
 20
1.8
 30
0.0
 11
18.97
 21
3.8
 31
0.0
  0
LINE
  5
122
330
17
100
AcDbEntity
  8
A-GLAZ
100
AcDbLine
 10
19.029999999999998
 20
1.8
 30
0.0
 11
19.029999999999998
 21
3.8
 31
0.0
  0
LWPOLYLINE
  5
123
330
17
100
AcDbEntity
  8
A-GLAZ
100
AcDbPolyline
 90
4
 70
1
 10
15.349999999999998
 20
27.7
 10
17.349999999999998
 20
27.7
 10
17.349999999999998
 20
28.0
 10
15.349999999999998
 20
28.0
  0
LINE
  5
124
330
17
100
AcDbEntity
  8
A-GLAZ
100
AcDbLine
 10
15.349999999999998
 20
27.82
 30
0.0
 11
17.349999999999998
 21
27.82
 31
0.0
  0
LINE
  5
125
330
17
100
AcDbEntity
  8
A-GLAZ
100
AcDbLine
 10
15.349999999999998
 20
27.88
 30
0.0
 11
17.349999999999998
 21
27.88
 31
0.0
  0
LWPOLYLINE
  5
126
330
17
100
AcDbEntity
  8
A-GLAZ
100
AcDbPolyline
 90
4
 70
1
 10
10.7
 20
27.7
 10
12.7
 20
27.7
 10
12.7
 20
28.0
 10
10.7
 20
28.0
  0
LINE
  5
127
330
17
100
AcDbEntity
  8
A-GLAZ
100
AcDbLine
 10
10.7
 20
27.82
 30
0.0
 11
12.7
 21
27.82
 31
0.0
  0
LINE
  5
128
330
17
100
AcDbEntity
  8
A-GLAZ
100
AcDbLine
 10
10.7
 20
27.88
 30
0.0
 11
12.7
 21
27.88
 31
0.0
  0
LWPOLYLINE
  5
129
330
17
100
AcDbEntity
  8
A-GLAZ
100
AcDbPolyline
 90
4
 70
1
 10
15.349999999999998
 20
0.0
 10
17.349999999999998
 20
0.0
 10
17.349999999999998
 20
0.3
 10
15.349999999999998
 20
0.3
  0
LINE
  5
12A
330
17
100
AcDbEntity
  8
A-GLAZ
100
AcDbLine
 10
15.349999999999998
 20
0.12
 30
0.0
 11
17.349999999999998
 21
0.12
 31
0.0
  0
LINE
  5
12B
330
17
100
AcDbEntity
  8
A-GLAZ
100
AcDbLine
 10
15.349999999999998
 20
0.18
 30
0.0
 11
17.349999999999998
 21
0.18
 31
0.0
  0
LINE
  5
12C
330
17
100
AcDbEntity
  8
A-DOOR
100
AcDbLine
 10
8.825
 20
0.3
 30
0.0
 11
8.825
 21
1.05
 31
0.0
  0
ARC
  5
12D
330
17
100
AcDbEntity
  8
A-DOOR
100
AcDbCircle
 10
8.825
 20
0.3
 30
0.0
 40
0.75
100
AcDbArc
 50
0.0
 51
90.0
  0
LINE
  5
12E
330
17
100
AcDbEntity
  8
A-DOOR
100
AcDbLine
 10
10.325
 20
0.3
 30
0.0
 11
10.325
 21
1.05
 31
0.0
  0
ARC
  5
12F
330
17
100
AcDbEntity
  8
A-DOOR
100
AcDbCircle
 10
10.325
 20
0.3
 30
0.0
 40
0.75
100
AcDbArc
 50
90.0
 51
180.0
  0
LINE
  5
130
330
17
100
AcDbEntity
  8
A-FLOR-STRS
100
AcDbLine
 10
8.174999999999999
 20
0.0
 30
0.0
 11
10.975
 21
0.0
 31
0.0
  0
LINE
  5
131
330
17
100
AcDbEntity
  8
A-FLOR-STRS
100
AcDbLine
 10
8.174999999999999
 20
-0.3
 30
0.0
 11
10.975
 21
-0.3
 31
0.0
  0
LINE
  5
132
330
17
100
AcDbEntity
  8
A-FLOR-STRS
100
AcDbLine
 10
8.174999999999999
 20
-0.6
 30
0.0
 11
10.975
 21
-0.6
 31
0.0
  0
LINE
  5
133
330
17
100
AcDbEntity
  8
A-FLOR-STRS
100
AcDbLine
 10
8.174999999999999
 20
-0.8999999999999999
 30
0.0
 11
10.975
 21
-0.8999999999999999
 31
0.0
  0
LINE
  5
134
330
17
100
AcDbEntity
  8
A-FLOR-STRS
100
AcDbLine
 10
8.174999999999999
 20
0.0
 30
0.0
 11
8.174999999999999
 21
-0.9
 31
0.0
  0
LINE
  5
135
330
17
100
AcDbEntity
  8
A-FLOR-STRS
100
AcDbLine
 10
10.975
 20
0.0
 30
0.0
 11
10.975
 21
-0.9
 31
0.0
  0
TEXT
  5
136
330
17
100
AcDbEntity
  8
A-ANNO-TEXT
100
AcDbText
 10
9.575
 20
-1.25
 30
0.0
 40
0.16
  1
3 STEPS 0.15
  7
OpenSans
 72
1
 11
9.575
 21
-1.25
 31
0.0
100
AcDbText
 73
2
  0
TEXT
  5
137
330
17
100
AcDbEntity
  8
A-ANNO-TEXT
100
AcDbText
 10
9.575
 20
1.0
 30
0.0
 40
0.2
  1
MAIN ENTRANCE
  7
OpenSans
 72
1
 11
9.575
 21
1.0
 31
0.0
100
AcDbText
 73
2
  0
LWPOLYLINE
  5
138
330
17
100
AcDbEntity
  8
A-FLOR-STRS
100
AcDbPolyline
 90
4
 70
1
 10
8.424999999999999
 20
5.5299999999999985
 10
9.524999999999999
 20
5.5299999999999985
 10
9.524999999999999
 20
8.049999999999999
 10
8.424999999999999
 20
8.049999999999999
  0
LINE
  5
139
330
17
100
AcDbEntity
  8
A-FLOR-STRS
100
AcDbLine
 10
8.424999999999999
 20
5.5299999999999985
 30
0.0
 11
9.524999999999999
 21
5.5299999999999985
 31
0.0
  0
LINE
  5
13A
330
17
100
AcDbEntity
  8
A-FLOR-STRS
100
AcDbLine
 10
8.424999999999999
 20
5.809999999999999
 30
0.0
 11
9.524999999999999
 21
5.809999999999999
 31
0.0
  0
LINE
  5
13B
330
17
100
AcDbEntity
  8
A-FLOR-STRS
100
AcDbLine
 10
8.424999999999999
 20
6.089999999999998
 30
0.0
 11
9.524999999999999
 21
6.089999999999998
 31
0.0
  0
LINE
  5
13C
330
17
100
AcDbEntity
  8
A-FLOR-STRS
100
AcDbLine
 10
8.424999999999999
 20
6.369999999999998
 30
0.0
 11
9.524999999999999
 21
6.369999999999998
 31
0.0
  0
LINE
  5
13D
330
17
100
AcDbEntity
  8
A-FLOR-STRS
100
AcDbLine
 10
8.424999999999999
 20
6.649999999999999
 30
0.0
 11
9.524999999999999
 21
6.649999999999999
 31
0.0
  0
LINE
  5
13E
330
17
100
AcDbEntity
  8
A-FLOR-STRS
100
AcDbLine
 10
8.424999999999999
 20
6.929999999999999
 30
0.0
 11
9.524999999999999
 21
6.929999999999999
 31
0.0
  0
LINE
  5
13F
330
17
100
AcDbEntity
  8
A-FLOR-STRS
100
AcDbLine
 10
8.424999999999999
 20
7.209999999999999
 30
0.0
 11
9.524999999999999
 21
7.209999999999999
 31
0.0
  0
LINE
  5
140
330
17
100
AcDbEntity
  8
A-FLOR-STRS
100
AcDbLine
 10
8.424999999999999
 20
7.489999999999998
 30
0.0
 11
9.524999999999999
 21
7.489999999999998
 31
0.0
  0
LINE
  5
141
330
17
100
AcDbEntity
  8
A-FLOR-STRS
100
AcDbLine
 10
8.424999999999999
 20
7.769999999999999
 30
0.0
 11
9.524999999999999
 21
7.769999999999999
 31
0.0
  0
LINE
  5
142
330
17
100
AcDbEntity
  8
A-FLOR-STRS
100
AcDbLine
 10
8.424999999999999
 20
8.049999999999999
 30
0.0
 11
9.524999999999999
 21
8.049999999999999
 31
0.0
  0
LWPOLYLINE
  5
143
330
17
100
AcDbEntity
  8
A-FLOR-STRS
100
AcDbPolyline
 90
4
 70
1
 10
9.625
 20
5.5299999999999985
 10
10.725
 20
5.5299999999999985
 10
10.725
 20
8.049999999999999
 10
9.625
 20
8.049999999999999
  0
LINE
  5
144
330
17
100
AcDbEntity
  8
A-FLOR-STRS
100
AcDbLine
 10
9.625
 20
5.5299999999999985
 30
0.0
 11
10.725
 21
5.5299999999999985
 31
0.0
  0
LINE
  5
145
330
17
100
AcDbEntity
  8
A-FLOR-STRS
100
AcDbLine
 10
9.625
 20
5.809999999999999
 30
0.0
 11
10.725
 21
5.809999999999999
 31
0.0
  0
LINE
  5
146
330
17
100
AcDbEntity
  8
A-FLOR-STRS
100
AcDbLine
 10
9.625
 20
6.089999999999998
 30
0.0
 11
10.725
 21
6.089999999999998
 31
0.0
  0
LINE
  5
147
330
17
100
AcDbEntity
  8
A-FLOR-STRS
100
AcDbLine
 10
9.625
 20
6.369999999999998
 30
0.0
 11
10.725
 21
6.369999999999998
 31
0.0
  0
LINE
  5
148
330
17
100
AcDbEntity
  8
A-FLOR-STRS
100
AcDbLine
 10
9.625
 20
6.649999999999999
 30
0.0
 11
10.725
 21
6.649999999999999
 31
0.0
  0
LINE
  5
149
330
17
100
AcDbEntity
  8
A-FLOR-STRS
100
AcDbLine
 10
9.625
 20
6.929999999999999
 30
0.0
 11
10.725
 21
6.929999999999999
 31
0.0
  0
LINE
  5
14A
330
17
100
AcDbEntity
  8
A-FLOR-STRS
100
AcDbLine
 10
9.625
 20
7.209999999999999
 30
0.0
 11
10.725
 21
7.209999999999999
 31
0.0
  0
LINE
  5
14B
330
17
100
AcDbEntity
  8
A-FLOR-STRS
100
AcDbLine
 10
9.625
 20
7.489999999999998
 30
0.0
 11
10.725
 21
7.489999999999998
 31
0.0
  0
LINE
  5
14C
330
17
100
AcDbEntity
  8
A-FLOR-STRS
100
AcDbLine
 10
9.625
 20
7.769999999999999
 30
0.0
 11
10.725
 21
7.769999999999999
 31
0.0
  0
LINE
  5
14D
330
17
100
AcDbEntity
  8
A-FLOR-STRS
100
AcDbLine
 10
9.625
 20
8.049999999999999
 30
0.0
 11
10.725
 21
8.049999999999999
 31
0.0
  0
LWPOLYLINE
  5
14E
330
17
100
AcDbEntity
  8
A-FLOR-STRS
100
AcDbPolyline
 90
4
 70
1
 10
9.524999999999999
 20
5.5299999999999985
 10
9.625
 20
5.5299999999999985
 10
9.625
 20
8.049999999999999
 10
9.524999999999999
 20
8.049999999999999
  0
LINE
  5
14F
330
17
100
AcDbEntity
  8
A-FLOR-STRS
100
AcDbLine
 10
8.424999999999999
 20
8.049999999999999
 30
0.0
 11
10.725
 21
8.049999999999999
 31
0.0
  0
LINE
  5
150
330
17
100
AcDbEntity
  8
A-FLOR-STRS
100
AcDbLine
 10
8.974999999999998
 20
5.679999999999999
 30
0.0
 11
8.974999999999998
 21
7.849999999999999
 31
0.0
  0
LWPOLYLINE
  5
151
330
17
100
AcDbEntity
  8
A-FLOR-STRS
100
AcDbPolyline
 90
3
 70
0
 10
8.854999999999999
 20
7.599999999999999
 10
8.974999999999998
 20
7.849999999999999
 10
9.094999999999997
 20
7.599999999999999
  0
TEXT
  5
152
330
17
100
AcDbEntity
  8
A-ANNO-TEXT
100
AcDbText
 10
8.974999999999998
 20
5.2799999999999985
 30
0.0
 40
0.18
  1
UP
  7
OpenSans
 72
1
 11
8.974999999999998
 21
5.2799999999999985
 31
0.0
100
AcDbText
 73
2
  0
LINE
  5
153
330
17
100
AcDbEntity
  8
A-FLOR-STRS
100
AcDbLine
 10
10.175
 20
7.849999999999999
 30
0.0
 11
10.175
 21
5.929999999999999
 31
0.0
  0
LWPOLYLINE
  5
154
330
17
100
AcDbEntity
  8
A-FLOR-STRS
100
AcDbPolyline
 90
3
 70
0
 10
10.055000000000001
 20
6.179999999999999
 10
10.175
 20
5.929999999999999
 10
10.295
 20
6.179999999999999
  0
TEXT
  5
155
330
17
100
AcDbEntity
  8
A-ANNO-TEXT
100
AcDbText
 10
10.175
 20
5.2799999999999985
 30
0.0
 40
0.18
  1
UP
  7
OpenSans
 72
1
 11
10.175
 21
5.2799999999999985
 31
0.0
100
AcDbText
 73
2
  0
LINE
  5
156
330
17
100
AcDbEntity
  8
A-FLOR-STRS
100
AcDbLine
 10
8.424999999999999
 20
7.0
 30
0.0
 11
10.725
 21
7.4
 31
0.0
  0
TEXT
  5
157
330
17
100
AcDbEntity
  8
A-ANNO-TEXT
100
AcDbText
 10
9.575
 20
8.7
 30
0.0
 40
0.16
  1
LANDING
  7
OpenSans
 72
1
 11
9.575
 21
8.7
 31
0.0
100
AcDbText
 73
2
  0
TEXT
  5
158
330
17
100
AcDbEntity
  8
A-ANNO-TEXT
100
AcDbText
 10
9.575
 20
3.2
 30
0.0
 40
0.22
  1
STAIR LOBBY
  7
OpenSans
 72
1
 11
9.575
 21
3.2
 31
0.0
100
AcDbText
 73
2
  0
TEXT
  5
159
330
17
100
AcDbEntity
  8
A-ANNO-TEXT
100
AcDbText
 10
2.8
 20
24.252
 30
0.0
 40
0.28
  1
MASTER BED R.
  7
OpenSans
 72
1
 11
2.8
 21
24.252
 31
0.0
100
AcDbText
 73
2
  0
TEXT
  5
15A
330
17
100
AcDbEntity
  8
A-ANNO-TEXT
100
AcDbText
 10
2.8
 20
23.888
 30
0.0
 40
0.22400000000000003
  1
5.00 x 5.00
  7
OpenSans
 72
1
 11
2.8
 21
23.888
 31
0.0
100
AcDbText
 73
2
  0
TEXT
  5
15B
330
17
100
AcDbEntity
  8
A-ANNO-TEXT
100
AcDbText
 10
16.349999999999998
 20
24.252
 30
0.0
 40
0.28
  1
MASTER BED R.
  7
OpenSans
 72
1
 11
16.349999999999998
 21
24.252
 31
0.0
100
AcDbText
 73
2
  0
TEXT
  5
15C
330
17
100
AcDbEntity
  8
A-ANNO-TEXT
100
AcDbText
 10
16.349999999999998
 20
23.888
 30
0.0
 40
0.22400000000000003
  1
5.00 x 5.00
  7
OpenSans
 72
1
 11
16.349999999999998
 21
23.888
 31
0.0
100
AcDbText
 73
2
  0
TEXT
  5
15D
330
17
100
AcDbEntity
  8
A-ANNO-TEXT
100
AcDbText
 10
1.5499999999999998
 20
21.953
 30
0.0
 40
0.17
  1
MASTER BATH
  7
OpenSans
 72
1
 11
1.5499999999999998
 21
21.953
 31
0.0
100
AcDbText
 73
2
  0
TEXT
  5
15E
330
17
100
AcDbEntity
  8
A-ANNO-TEXT
100
AcDbText
 10
1.5499999999999998
 20
21.732
 30
0.0
 40
0.136
  1
2.50 x 1.50
  7
OpenSans
 72
1
 11
1.5499999999999998
 21
21.732
 31
0.0
100
AcDbText
 73
2
  0
TEXT
  5
15F
330
17
100
AcDbEntity
  8
A-ANNO-TEXT
100
AcDbText
 10
17.599999999999998
 20
21.953
 30
0.0
 40
0.17
  1
MASTER BATH
  7
OpenSans
 72
1
 11
17.599999999999998
 21
21.953
 31
0.0
100
AcDbText
 73
2
  0
TEXT
  5
160
330
17
100
AcDbEntity
  8
A-ANNO-TEXT
100
AcDbText
 10
17.599999999999998
 20
21.732
 30
0.0
 40
0.136
  1
2.50 x 1.50
  7
OpenSans
 72
1
 11
17.599999999999998
 21
21.732
 31
0.0
100
AcDbText
 73
2
  0
TEXT
  5
161
330
17
100
AcDbEntity
  8
A-ANNO-TEXT
100
AcDbText
 10
4.125
 20
21.953
 30
0.0
 40
0.17
  1
LOBBY
  7
OpenSans
 72
1
 11
4.125
 21
21.953
 31
0.0
100
AcDbText
 73
2
  0
TEXT
  5
162
330
17
100
AcDbEntity
  8
A-ANNO-TEXT
100
AcDbText
 10
4.125
 20
21.732
 30
0.0
 40
0.136
  1
2.35 x 1.50
  7
OpenSans
 72
1
 11
4.125
 21
21.732
 31
0.0
100
AcDbText
 73
2
  0
TEXT
  5
163
330
17
100
AcDbEntity
  8
A-ANNO-TEXT
100
AcDbText
 10
15.024999999999999
 20
21.953
 30
0.0
 40
0.17
  1
LOBBY
  7
OpenSans
 72
1
 11
15.024999999999999
 21
21.953
 31
0.0
100
AcDbText
 73
2
  0
TEXT
  5
164
330
17
100
AcDbEntity
  8
A-ANNO-TEXT
100
AcDbText
 10
15.024999999999999
 20
21.732
 30
0.0
 40
0.136
  1
2.35 x 1.50
  7
OpenSans
 72
1
 11
15.024999999999999
 21
21.732
 31
0.0
100
AcDbText
 73
2
  0
TEXT
  5
165
330
17
100
AcDbEntity
  8
A-ANNO-TEXT
100
AcDbText
 10
3.1999999999999997
 20
19.151999999999997
 30
0.0
 40
0.28
  1
BED R.
  7
OpenSans
 72
1
 11
3.1999999999999997
 21
19.151999999999997
 31
0.0
100
AcDbText
 73
2
  0
TEXT
  5
166
330
17
100
AcDbEntity
  8
A-ANNO-TEXT
100
AcDbText
 10
3.1999999999999997
 20
18.788
 30
0.0
 40
0.22400000000000003
  1
4.00 x 4.00
  7
OpenSans
 72
1
 11
3.1999999999999997
 21
18.788
 31
0.0
100
AcDbText
 73
2
  0
TEXT
  5
167
330
17
100
AcDbEntity
  8
A-ANNO-TEXT
100
AcDbText
 10
15.95
 20
19.151999999999997
 30
0.0
 40
0.28
  1
BED R.
  7
OpenSans
 72
1
 11
15.95
 21
19.151999999999997
 31
0.0
100
AcDbText
 73
2
  0
TEXT
  5
168
330
17
100
AcDbEntity
  8
A-ANNO-TEXT
100
AcDbText
 10
15.95
 20
18.788
 30
0.0
 40
0.22400000000000003
  1
4.00 x 4.00
  7
OpenSans
 72
1
 11
15.95
 21
18.788
 31
0.0
100
AcDbText
 73
2
  0
TEXT
  5
169
330
17
100
AcDbEntity
  8
A-ANNO-TEXT
100
AcDbText
 10
7.449999999999999
 20
25.052
 30
0.0
 40
0.28
  1
BED R.
  7
OpenSans
 72
1
 11
7.449999999999999
 21
25.052
 31
0.0
100
AcDbText
 73
2
  0
TEXT
  5
16A
330
17
100
AcDbEntity
  8
A-ANNO-TEXT
100
AcDbText
 10
7.449999999999999
 20
24.688000000000002
 30
0.0
 40
0.22400000000000003
  1
4.00 x 4.00
  7
OpenSans
 72
1
 11
7.449999999999999
 21
24.688000000000002
 31
0.0
100
AcDbText
 73
2
  0
TEXT
  5
16B
330
17
100
AcDbEntity
  8
A-ANNO-TEXT
100
AcDbText
 10
11.7
 20
25.052
 30
0.0
 40
0.28
  1
BED R.
  7
OpenSans
 72
1
 11
11.7
 21
25.052
 31
0.0
100
AcDbText
 73
2
  0
TEXT
  5
16C
330
17
100
AcDbEntity
  8
A-ANNO-TEXT
100
AcDbText
 10
11.7
 20
24.688000000000002
 30
0.0
 40
0.22400000000000003
  1
4.00 x 4.00
  7
OpenSans
 72
1
 11
11.7
 21
24.688000000000002
 31
0.0
100
AcDbText
 73
2
  0
TEXT
  5
16D
330
17
100
AcDbEntity
  8
A-ANNO-TEXT
100
AcDbText
 10
6.325
 20
20.378
 30
0.0
 40
0.17
  1
CORRIDOR
  7
OpenSans
 72
1
 11
6.325
 21
20.378
 31
0.0
100
AcDbText
 73
2
  0
TEXT
  5
16E
330
17
100
AcDbEntity
  8
A-ANNO-TEXT
100
AcDbText
 10
12.825
 20
20.378
 30
0.0
 40
0.17
  1
CORRIDOR
  7
OpenSans
 72
1
 11
12.825
 21
20.378
 31
0.0
100
AcDbText
 73
2
  0
TEXT
  5
16F
330
17
100
AcDbEntity
  8
A-ANNO-TEXT
100
AcDbText
 10
8.45
 20
22.703
 30
0.0
 40
0.17
  1
BATH
  7
OpenSans
 72
1
 11
8.45
 21
22.703
 31
0.0
100
AcDbText
 73
2
  0
TEXT
  5
170
330
17
100
AcDbEntity
  8
A-ANNO-TEXT
100
AcDbText
 10
8.45
 20
22.482
 30
0.0
 40
0.136
  1
2.00 x 2.00
  7
OpenSans
 72
1
 11
8.45
 21
22.482
 31
0.0
100
AcDbText
 73
2
  0
TEXT
  5
171
330
17
100
AcDbEntity
  8
A-ANNO-TEXT
100
AcDbText
 10
10.7
 20
22.703
 30
0.0
 40
0.17
  1
BATH
  7
OpenSans
 72
1
 11
10.7
 21
22.703
 31
0.0
100
AcDbText
 73
2
  0
TEXT
  5
172
330
17
100
AcDbEntity
  8
A-ANNO-TEXT
100
AcDbText
 10
10.7
 20
22.482
 30
0.0
 40
0.136
  1
2.00 x 2.00
  7
OpenSans
 72
1
 11
10.7
 21
22.482
 31
0.0
100
AcDbText
 73
2
  0
TEXT
  5
173
330
17
100
AcDbEntity
  8
A-ANNO-TEXT
100
AcDbText
 10
8.45
 20
20.552999999999997
 30
0.0
 40
0.17
  1
MAID R.
  7
OpenSans
 72
1
 11
8.45
 21
20.552999999999997
 31
0.0
100
AcDbText
 73
2
  0
TEXT
  5
174
330
17
100
AcDbEntity
  8
A-ANNO-TEXT
100
AcDbText
 10
8.45
 20
20.331999999999997
 30
0.0
 40
0.136
  1
2.00 x 2.00
  7
OpenSans
 72
1
 11
8.45
 21
20.331999999999997
 31
0.0
100
AcDbText
 73
2
  0
TEXT
  5
175
330
17
100
AcDbEntity
  8
A-ANNO-TEXT
100
AcDbText
 10
10.7
 20
20.552999999999997
 30
0.0
 40
0.17
  1
MAID R.
  7
OpenSans
 72
1
 11
10.7
 21
20.552999999999997
 31
0.0
100
AcDbText
 73
2
  0
TEXT
  5
176
330
17
100
AcDbEntity
  8
A-ANNO-TEXT
100
AcDbText
 10
10.7
 20
20.331999999999997
 30
0.0
 40
0.136
  1
2.00 x 2.00
  7
OpenSans
 72
1
 11
10.7
 21
20.331999999999997
 31
0.0
100
AcDbText
 73
2
  0
TEXT
  5
177
330
17
100
AcDbEntity
  8
A-ANNO-TEXT
100
AcDbText
 10
1.05
 20
14.403
 30
0.0
 40
0.17
  1
BALCONY
  7
OpenSans
 72
1
 11
1.05
 21
14.403
 31
0.0
100
AcDbText
 73
2
  0
TEXT
  5
178
330
17
100
AcDbEntity
  8
A-ANNO-TEXT
100
AcDbText
 10
1.05
 20
14.182
 30
0.0
 40
0.136
  1
1.50 x 5.00
  7
OpenSans
 72
1
 11
1.05
 21
14.182
 31
0.0
100
AcDbText
 73
2
  0
TEXT
  5
179
330
17
100
AcDbEntity
  8
A-ANNO-TEXT
100
AcDbText
 10
18.099999999999998
 20
14.403
 30
0.0
 40
0.17
  1
BALCONY
  7
OpenSans
 72
1
 11
18.099999999999998
 21
14.403
 31
0.0
100
AcDbText
 73
2
  0
TEXT
  5
17A
330
17
100
AcDbEntity
  8
A-ANNO-TEXT
100
AcDbText
 10
18.099999999999998
 20
14.182
 30
0.0
 40
0.136
  1
1.50 x 5.00
  7
OpenSans
 72
1
 11
18.099999999999998
 21
14.182
 31
0.0
100
AcDbText
 73
2
  0
TEXT
  5
17B
330
17
100
AcDbEntity
  8
A-ANNO-TEXT
100
AcDbText
 10
5.199999999999999
 20
14.402000000000001
 30
0.0
 40
0.28
  1
LIVING ROOM
  7
OpenSans
 72
1
 11
5.199999999999999
 21
14.402000000000001
 31
0.0
100
AcDbText
 73
2
  0
TEXT
  5
17C
330
17
100
AcDbEntity
  8
A-ANNO-TEXT
100
AcDbText
 10
5.199999999999999
 20
14.038
 30
0.0
 40
0.22400000000000003
  1
5.00 x 5.00
  7
OpenSans
 72
1
 11
5.199999999999999
 21
14.038
 31
0.0
100
AcDbText
 73
2
  0
TEXT
  5
17D
330
17
100
AcDbEntity
  8
A-ANNO-TEXT
100
AcDbText
 10
13.95
 20
14.402000000000001
 30
0.0
 40
0.28
  1
LIVING ROOM
  7
OpenSans
 72
1
 11
13.95
 21
14.402000000000001
 31
0.0
100
AcDbText
 73
2
  0
TEXT
  5
17E
330
17
100
AcDbEntity
  8
A-ANNO-TEXT
100
AcDbText
 10
13.95
 20
14.038
 30
0.0
 40
0.22400000000000003
  1
5.00 x 5.00
  7
OpenSans
 72
1
 11
13.95
 21
14.038
 31
0.0
100
AcDbText
 73
2
  0
TEXT
  5
17F
330
17
100
AcDbEntity
  8
A-ANNO-TEXT
100
AcDbText
 10
8.35
 20
14.403
 30
0.0
 40
0.17
  1
DINING
  7
OpenSans
 72
1
 11
8.35
 21
14.403
 31
0.0
100
AcDbText
 73
2
  0
TEXT
  5
180
330
17
100
AcDbEntity
  8
A-ANNO-TEXT
100
AcDbText
 10
8.35
 20
14.182
 30
0.0
 40
0.136
  1
2.20 x 5.00
  7
OpenSans
 72
1
 11
8.35
 21
14.182
 31
0.0
100
AcDbText
 73
2
  0
TEXT
  5
181
330
17
100
AcDbEntity
  8
A-ANNO-TEXT
100
AcDbText
 10
10.799999999999999
 20
14.403
 30
0.0
 40
0.17
  1
DINING
  7
OpenSans
 72
1
 11
10.799999999999999
 21
14.403
 31
0.0
100
AcDbText
 73
2
  0
TEXT
  5
182
330
17
100
AcDbEntity
  8
A-ANNO-TEXT
100
AcDbText
 10
10.799999999999999
 20
14.182
 30
0.0
 40
0.136
  1
2.20 x 5.00
  7
OpenSans
 72
1
 11
10.799999999999999
 21
14.182
 31
0.0
100
AcDbText
 73
2
  0
TEXT
  5
183
330
17
100
AcDbEntity
  8
A-ANNO-TEXT
100
AcDbText
 10
2.5999999999999996
 20
10.052
 30
0.0
 40
0.28
  1
KITCHEN
  7
OpenSans
 72
1
 11
2.5999999999999996
 21
10.052
 31
0.0
100
AcDbText
 73
2
  0
TEXT
  5
184
330
17
100
AcDbEntity
  8
A-ANNO-TEXT
100
AcDbText
 10
2.5999999999999996
 20
9.687999999999999
 30
0.0
 40
0.22400000000000003
  1
4.00 x 4.00
  7
OpenSans
 72
1
 11
2.5999999999999996
 21
9.687999999999999
 31
0.0
100
AcDbText
 73
2
  0
TEXT
  5
185
330
17
100
AcDbEntity
  8
A-ANNO-TEXT
100
AcDbText
 10
16.549999999999997
 20
10.052
 30
0.0
 40
0.28
  1
KITCHEN
  7
OpenSans
 72
1
 11
16.549999999999997
 21
10.052
 31
0.0
100
AcDbText
 73
2
  0
TEXT
  5
186
330
17
100
AcDbEntity
  8
A-ANNO-TEXT
100
AcDbText
 10
16.549999999999997
 20
9.687999999999999
 30
0.0
 40
0.22400000000000003
  1
4.00 x 4.00
  7
OpenSans
 72
1
 11
16.549999999999997
 21
9.687999999999999
 31
0.0
100
AcDbText
 73
2
  0
TEXT
  5
187
330
17
100
AcDbEntity
  8
A-ANNO-TEXT
100
AcDbText
 10
5.825
 20
9.852
 30
0.0
 40
0.28
  1
HALL
  7
OpenSans
 72
1
 11
5.825
 21
9.852
 31
0.0
100
AcDbText
 73
2
  0
TEXT
  5
188
330
17
100
AcDbEntity
  8
A-ANNO-TEXT
100
AcDbText
 10
13.325
 20
9.852
 30
0.0
 40
0.28
  1
HALL
  7
OpenSans
 72
1
 11
13.325
 21
9.852
 31
0.0
100
AcDbText
 73
2
  0
TEXT
  5
189
330
17
100
AcDbEntity
  8
A-ANNO-TEXT
100
AcDbText
 10
8.45
 20
10.753
 30
0.0
 40
0.17
  1
BATH
  7
OpenSans
 72
1
 11
8.45
 21
10.753
 31
0.0
100
AcDbText
 73
2
  0
TEXT
  5
18A
330
17
100
AcDbEntity
  8
A-ANNO-TEXT
100
AcDbText
 10
8.45
 20
10.532
 30
0.0
 40
0.136
  1
2.00 x 2.00
  7
OpenSans
 72
1
 11
8.45
 21
10.532
 31
0.0
100
AcDbText
 73
2
  0
TEXT
  5
18B
330
17
100
AcDbEntity
  8
A-ANNO-TEXT
100
AcDbText
 10
10.7
 20
10.753
 30
0.0
 40
0.17
  1
BATH
  7
OpenSans
 72
1
 11
10.7
 21
10.753
 31
0.0
100
AcDbText
 73
2
  0
TEXT
  5
18C
330
17
100
AcDbEntity
  8
A-ANNO-TEXT
100
AcDbText
 10
10.7
 20
10.532
 30
0.0
 40
0.136
  1
2.00 x 2.00
  7
OpenSans
 72
1
 11
10.7
 21
10.532
 31
0.0
100
AcDbText
 73
2
  0
TEXT
  5
18D
330
17
100
AcDbEntity
  8
A-ANNO-TEXT
100
AcDbText
 10
1.2999999999999998
 20
6.603
 30
0.0
 40
0.17
  1
BATH
  7
OpenSans
 72
1
 11
1.2999999999999998
 21
6.603
 31
0.0
100
AcDbText
 73
2
  0
TEXT
  5
18E
330
17
100
AcDbEntity
  8
A-ANNO-TEXT
100
AcDbText
 10
1.2999999999999998
 20
6.382000000000001
 30
0.0
 40
0.136
  1
2.00 x 2.00
  7
OpenSans
 72
1
 11
1.2999999999999998
 21
6.382000000000001
 31
0.0
100
AcDbText
 73
2
  0
TEXT
  5
18F
330
17
100
AcDbEntity
  8
A-ANNO-TEXT
100
AcDbText
 10
17.849999999999998
 20
6.603
 30
0.0
 40
0.17
  1
BATH
  7
OpenSans
 72
1
 11
17.849999999999998
 21
6.603
 31
0.0
100
AcDbText
 73
2
  0
TEXT
  5
190
330
17
100
AcDbEntity
  8
A-ANNO-TEXT
100
AcDbText
 10
17.849999999999998
 20
6.382000000000001
 30
0.0
 40
0.136
  1
2.00 x 2.00
  7
OpenSans
 72
1
 11
17.849999999999998
 21
6.382000000000001
 31
0.0
100
AcDbText
 73
2
  0
TEXT
  5
191
330
17
100
AcDbEntity
  8
A-ANNO-TEXT
100
AcDbText
 10
4.825
 20
6.603
 30
0.0
 40
0.17
  1
ENTRANCE
  7
OpenSans
 72
1
 11
4.825
 21
6.603
 31
0.0
100
AcDbText
 73
2
  0
TEXT
  5
192
330
17
100
AcDbEntity
  8
A-ANNO-TEXT
100
AcDbText
 10
14.325
 20
6.603
 30
0.0
 40
0.17
  1
ENTRANCE
  7
OpenSans
 72
1
 11
14.325
 21
6.603
 31
0.0
100
AcDbText
 73
2
  0
TEXT
  5
193
330
17
100
AcDbEntity
  8
A-ANNO-TEXT
100
AcDbText
 10
3.75
 20
2.652
 30
0.0
 40
0.28
  1
GUEST ROOM
  7
OpenSans
 72
1
 11
3.75
 21
2.652
 31
0.0
100
AcDbText
 73
2
  0
TEXT
  5
194
330
17
100
AcDbEntity
  8
A-ANNO-TEXT
100
AcDbText
 10
3.75
 20
2.288
 30
0.0
 40
0.22400000000000003
  1
6.90 x 5.00
  7
OpenSans
 72
1
 11
3.75
 21
2.288
 31
0.0
100
AcDbText
 73
2
  0
TEXT
  5
195
330
17
100
AcDbEntity
  8
A-ANNO-TEXT
100
AcDbText
 10
15.399999999999999
 20
2.652
 30
0.0
 40
0.28
  1
GUEST ROOM
  7
OpenSans
 72
1
 11
15.399999999999999
 21
2.652
 31
0.0
100
AcDbText
 73
2
  0
TEXT
  5
196
330
17
100
AcDbEntity
  8
A-ANNO-TEXT
100
AcDbText
 10
15.399999999999999
 20
2.288
 30
0.0
 40
0.22400000000000003
  1
6.90 x 5.00
  7
OpenSans
 72
1
 11
15.399999999999999
 21
2.288
 31
0.0
100
AcDbText
 73
2
  0
LINE
  5
197
330
17
100
AcDbEntity
  8
A-ANNO-SYMB
  6
CENTER2
100
AcDbLine
 10
9.0
 20
-1.6
 30
0.0
 11
9.0
 21
29.6
 31
0.0
  0
LWPOLYLINE
  5
198
330
17
100
AcDbEntity
  8
A-ANNO-SYMB
100
AcDbPolyline
 90
2
 70
0
 10
9.0
 20
-1.6
 10
9.9
 20
-1.6
  0
LWPOLYLINE
  5
199
330
17
100
AcDbEntity
  8
A-ANNO-SYMB
100
AcDbPolyline
 90
3
 70
1
 10
9.9
 20
-1.6
 10
9.6
 20
-1.4500000000000002
 10
9.6
 20
-1.75
  0
TEXT
  5
19A
330
17
100
AcDbEntity
  8
A-ANNO-SYMB
100
AcDbText
 10
8.65
 20
-1.6
 30
0.0
 40
0.35
  1
A
  7
OpenSans
 72
1
 11
8.65
 21
-1.6
 31
0.0
100
AcDbText
 73
2
  0
LWPOLYLINE
  5
19B
330
17
100
AcDbEntity
  8
A-ANNO-SYMB
100
AcDbPolyline
 90
2
 70
0
 10
9.0
 20
29.6
 10
9.9
 20
29.6
  0
LWPOLYLINE
  5
19C
330
17
100
AcDbEntity
  8
A-ANNO-SYMB
100
AcDbPolyline
 90
3
 70
1
 10
9.9
 20
29.6
 10
9.6
 20
29.75
 10
9.6
 20
29.450000000000003
  0
TEXT
  5
19D
330
17
100
AcDbEntity
  8
A-ANNO-SYMB
100
AcDbText
 10
8.65
 20
29.6
 30
0.0
 40
0.35
  1
A
  7
OpenSans
 72
1
 11
8.65
 21
29.6
 31
0.0
100
AcDbText
 73
2
  0
DIMENSION
  5
19E
330
17
100
AcDbEntity
  8
A-ANNO-DIMS
100
AcDbDimension
280
0
  2
*D1
  3
EZDXF
 10
0.0
 20
-2.2
 30
0.0
 11
0.15
 21
-1.6350000000000002
 31
0.0
 70
32
 71
5
  1
<>
100
AcDbAlignedDimension
 13
0.0
 23
0.0
 33
0.0
 14
0.3
 24
0.0
 34
0.0
 50
0.0
100
AcDbRotatedDimension
1001
ACAD
1000
DSTYLE
1002
{
1070
140
1040
0.18
1070
41
1040
0.12
1070
42
1040
0.08
1070
271
1070
2
1070
78
1070
0
1070
144
1040
1.0
1070
77
1070
1
1070
73
1070
0
1070
74
1070
0
1002
}
  0
DIMENSION
  5
1AD
330
17
100
AcDbEntity
  8
A-ANNO-DIMS
100
AcDbDimension
280
0
  2
*D2
  3
EZDXF
 10
0.3
 20
-2.2
 30
0.0
 11
3.75
 21
-2.0100000000000002
 31
0.0
 70
32
 71
5
  1
<>
100
AcDbAlignedDimension
 13
0.3
 23
0.0
 33
0.0
 14
7.2
 24
0.0
 34
0.0
 50
0.0
100
AcDbRotatedDimension
1001
ACAD
1000
DSTYLE
1002
{
1070
140
1040
0.18
1070
41
1040
0.12
1070
42
1040
0.08
1070
271
1070
2
1070
78
1070
0
1070
144
1040
1.0
1070
77
1070
1
1070
73
1070
0
1070
74
1070
0
1002
}
  0
DIMENSION
  5
1BC
330
17
100
AcDbEntity
  8
A-ANNO-DIMS
100
AcDbDimension
280
0
  2
*D3
  3
EZDXF
 10
7.2
 20
-2.2
 30
0.0
 11
7.325
 21
-1.6350000000000002
 31
0.0
 70
32
 71
5
  1
<>
100
AcDbAlignedDimension
 13
7.2
 23
0.0
 33
0.0
 14
7.45
 24
0.0
 34
0.0
 50
0.0
100
AcDbRotatedDimension
1001
ACAD
1000
DSTYLE
1002
{
1070
140
1040
0.18
1070
41
1040
0.12
1070
42
1040
0.08
1070
271
1070
2
1070
78
1070
0
1070
144
1040
1.0
1070
77
1070
1
1070
73
1070
0
1070
74
1070
0
1002
}
  0
DIMENSION
  5
1CB
330
17
100
AcDbEntity
  8
A-ANNO-DIMS
100
AcDbDimension
280
0
  2
*D4
  3
EZDXF
 10
7.45
 20
-2.2
 30
0.0
 11
9.575
 21
-2.0100000000000002
 31
0.0
 70
32
 71
5
  1
<>
100
AcDbAlignedDimension
 13
7.45
 23
0.0
 33
0.0
 14
11.7
 24
0.0
 34
0.0
 50
0.0
100
AcDbRotatedDimension
1001
ACAD
1000
DSTYLE
1002
{
1070
140
1040
0.18
1070
41
1040
0.12
1070
42
1040
0.08
1070
271
1070
2
1070
78
1070
0
1070
144
1040
1.0
1070
77
1070
1
1070
73
1070
0
1070
74
1070
0
1002
}
  0
DIMENSION
  5
1DA
330
17
100
AcDbEntity
  8
A-ANNO-DIMS
100
AcDbDimension
280
0
  2
*D5
  3
EZDXF
 10
11.7
 20
-2.2
 30
0.0
 11
11.825
 21
-1.6350000000000002
 31
0.0
 70
32
 71
5
  1
<>
100
AcDbAlignedDimension
 13
11.7
 23
0.0
 33
0.0
 14
11.95
 24
0.0
 34
0.0
 50
0.0
100
AcDbRotatedDimension
1001
ACAD
1000
DSTYLE
1002
{
1070
140
1040
0.18
1070
41
1040
0.12
1070
42
1040
0.08
1070
271
1070
2
1070
78
1070
0
1070
144
1040
1.0
1070
77
1070
1
1070
73
1070
0
1070
74
1070
0
1002
}
  0
DIMENSION
  5
1E9
330
17
100
AcDbEntity
  8
A-ANNO-DIMS
100
AcDbDimension
280
0
  2
*D6
  3
EZDXF
 10
11.95
 20
-2.2
 30
0.0
 11
15.399999999999999
 21
-2.0100000000000002
 31
0.0
 70
32
 71
5
  1
<>
100
AcDbAlignedDimension
 13
11.95
 23
0.0
 33
0.0
 14
18.849999999999998
 24
0.0
 34
0.0
 50
0.0
100
AcDbRotatedDimension
1001
ACAD
1000
DSTYLE
1002
{
1070
140
1040
0.18
1070
41
1040
0.12
1070
42
1040
0.08
1070
271
1070
2
1070
78
1070
0
1070
144
1040
1.0
1070
77
1070
1
1070
73
1070
0
1070
74
1070
0
1002
}
  0
DIMENSION
  5
1F8
330
17
100
AcDbEntity
  8
A-ANNO-DIMS
100
AcDbDimension
280
0
  2
*D7
  3
EZDXF
 10
18.849999999999998
 20
-2.2
 30
0.0
 11
19.0
 21
-1.6350000000000002
 31
0.0
 70
32
 71
5
  1
<>
100
AcDbAlignedDimension
 13
18.849999999999998
 23
0.0
 33
0.0
 14
19.15
 24
0.0
 34
0.0
 50
0.0
100
AcDbRotatedDimension
1001
ACAD
1000
DSTYLE
1002
{
1070
140
1040
0.18
1070
41
1040
0.12
1070
42
1040
0.08
1070
271
1070
2
1070
78
1070
0
1070
144
1040
1.0
1070
77
1070
1
1070
73
1070
0
1070
74
1070
0
1002
}
  0
DIMENSION
  5
207
330
17
100
AcDbEntity
  8
A-ANNO-DIMS
100
AcDbDimension
280
0
  2
*D8
  3
EZDXF
 10
0.0
 20
-3.0
 30
0.0
 11
9.575
 21
-2.81
 31
0.0
 70
32
 71
5
  1
<>
100
AcDbAlignedDimension
 13
0.0
 23
0.0
 33
0.0
 14
19.15
 24
0.0
 34
0.0
 50
0.0
100
AcDbRotatedDimension
1001
ACAD
1000
DSTYLE
1002
{
1070
140
1040
0.18
1070
41
1040
0.12
1070
42
1040
0.08
1070
271
1070
2
1070
78
1070
0
1070
144
1040
1.0
1070
77
1070
1
1070
73
1070
0
1070
74
1070
0
1002
}
  0
DIMENSION
  5
216
330
17
100
AcDbEntity
  8
A-ANNO-DIMS
100
AcDbDimension
280
0
  2
*D9
  3
EZDXF
 10
-1.0
 20
0.0
 30
0.0
 11
-1.565
 21
0.15
 31
0.0
 70
32
 71
5
  1
<>
100
AcDbAlignedDimension
 13
0.0
 23
0.0
 33
0.0
 14
0.0
 24
0.3
 34
0.0
 50
90.0
100
AcDbRotatedDimension
1001
ACAD
1000
DSTYLE
1002
{
1070
140
1040
0.18
1070
41
1040
0.12
1070
42
1040
0.08
1070
271
1070
2
1070
78
1070
0
1070
144
1040
1.0
1070
77
1070
1
1070
73
1070
0
1070
74
1070
0
1002
}
  0
DIMENSION
  5
225
330
17
100
AcDbEntity
  8
A-ANNO-DIMS
100
AcDbDimension
280
0
  2
*D10
  3
EZDXF
 10
-1.0
 20
0.3
 30
0.0
 11
-1.19
 21
2.8
 31
0.0
 70
32
 71
5
  1
<>
100
AcDbAlignedDimension
 13
0.0
 23
0.3
 33
0.0
 14
0.0
 24
5.3
 34
0.0
 50
90.0
100
AcDbRotatedDimension
1001
ACAD
1000
DSTYLE
1002
{
1070
140
1040
0.18
1070
41
1040
0.12
1070
42
1040
0.08
1070
271
1070
2
1070
78
1070
0
1070
144
1040
1.0
1070
77
1070
1
1070
73
1070
0
1070
74
1070
0
1002
}
  0
DIMENSION
  5
234
330
17
100
AcDbEntity
  8
A-ANNO-DIMS
100
AcDbDimension
280
0
  2
*D11
  3
EZDXF
 10
-1.0
 20
5.3
 30
0.0
 11
-1.565
 21
5.375
 31
0.0
 70
32
 71
5
  1
<>
100
AcDbAlignedDimension
 13
0.0
 23
5.3
 33
0.0
 14
0.0
 24
5.45
 34
0.0
 50
90.0
100
AcDbRotatedDimension
1001
ACAD
1000
DSTYLE
1002
{
1070
140
1040
0.18
1070
41
1040
0.12
1070
42
1040
0.08
1070
271
1070
2
1070
78
1070
0
1070
144
1040
1.0
1070
77
1070
1
1070
73
1070
0
1070
74
1070
0
1002
}
  0
DIMENSION
  5
243
330
17
100
AcDbEntity
  8
A-ANNO-DIMS
100
AcDbDimension
280
0
  2
*D12
  3
EZDXF
 10
-1.0
 20
5.45
 30
0.0
 11
-1.19
 21
6.45
 31
0.0
 70
32
 71
5
  1
<>
100
AcDbAlignedDimension
 13
0.0
 23
5.45
 33
0.0
 14
0.0
 24
7.45
 34
0.0
 50
90.0
100
AcDbRotatedDimension
1001
ACAD
1000
DSTYLE
1002
{
1070
140
1040
0.18
1070
41
1040
0.12
1070
42
1040
0.08
1070
271
1070
2
1070
78
1070
0
1070
144
1040
1.0
1070
77
1070
1
1070
73
1070
0
1070
74
1070
0
1002
}
  0
DIMENSION
  5
252
330
17
100
AcDbEntity
  8
A-ANNO-DIMS
100
AcDbDimension
280
0
  2
*D13
  3
EZDXF
 10
-1.0
 20
7.45
 30
0.0
 11
-1.565
 21
7.525
 31
0.0
 70
32
 71
5
  1
<>
100
AcDbAlignedDimension
 13
0.0
 23
7.45
 33
0.0
 14
0.0
 24
7.6
 34
0.0
 50
90.0
100
AcDbRotatedDimension
1001
ACAD
1000
DSTYLE
1002
{
1070
140
1040
0.18
1070
41
1040
0.12
1070
42
1040
0.08
1070
271
1070
2
1070
78
1070
0
1070
144
1040
1.0
1070
77
1070
1
1070
73
1070
0
1070
74
1070
0
1002
}
  0
DIMENSION
  5
261
330
17
100
AcDbEntity
  8
A-ANNO-DIMS
100
AcDbDimension
280
0
  2
*D14
  3
EZDXF
 10
-1.0
 20
7.6
 30
0.0
 11
-1.19
 21
9.6
 31
0.0
 70
32
 71
5
  1
<>
100
AcDbAlignedDimension
 13
0.0
 23
7.6
 33
0.0
 14
0.0
 24
11.6
 34
0.0
 50
90.0
100
AcDbRotatedDimension
1001
ACAD
1000
DSTYLE
1002
{
1070
140
1040
0.18
1070
41
1040
0.12
1070
42
1040
0.08
1070
271
1070
2
1070
78
1070
0
1070
144
1040
1.0
1070
77
1070
1
1070
73
1070
0
1070
74
1070
0
1002
}
  0
DIMENSION
  5
270
330
17
100
AcDbEntity
  8
A-ANNO-DIMS
100
AcDbDimension
280
0
  2
*D15
  3
EZDXF
 10
-1.0
 20
11.6
 30
0.0
 11
-1.565
 21
11.675
 31
0.0
 70
32
 71
5
  1
<>
100
AcDbAlignedDimension
 13
0.0
 23
11.6
 33
0.0
 14
0.0
 24
11.75
 34
0.0
 50
90.0
100
AcDbRotatedDimension
1001
ACAD
1000
DSTYLE
1002
{
1070
140
1040
0.18
1070
41
1040
0.12
1070
42
1040
0.08
1070
271
1070
2
1070
78
1070
0
1070
144
1040
1.0
1070
77
1070
1
1070
73
1070
0
1070
74
1070
0
1002
}
  0
DIMENSION
  5
27F
330
17
100
AcDbEntity
  8
A-ANNO-DIMS
100
AcDbDimension
280
0
  2
*D16
  3
EZDXF
 10
-1.0
 20
11.75
 30
0.0
 11
-1.19
 21
14.25
 31
0.0
 70
32
 71
5
  1
<>
100
AcDbAlignedDimension
 13
0.0
 23
11.75
 33
0.0
 14
0.0
 24
16.75
 34
0.0
 50
90.0
100
AcDbRotatedDimension
1001
ACAD
1000
DSTYLE
1002
{
1070
140
1040
0.18
1070
41
1040
0.12
1070
42
1040
0.08
1070
271
1070
2
1070
78
1070
0
1070
144
1040
1.0
1070
77
1070
1
1070
73
1070
0
1070
74
1070
0
1002
}
  0
DIMENSION
  5
28E
330
17
100
AcDbEntity
  8
A-ANNO-DIMS
100
AcDbDimension
280
0
  2
*D17
  3
EZDXF
 10
-1.0
 20
16.75
 30
0.0
 11
-1.565
 21
16.825
 31
0.0
 70
32
 71
5
  1
<>
100
AcDbAlignedDimension
 13
0.0
 23
16.75
 33
0.0
 14
0.0
 24
16.9
 34
0.0
 50
90.0
100
AcDbRotatedDimension
1001
ACAD
1000
DSTYLE
1002
{
1070
140
1040
0.18
1070
41
1040
0.12
1070
42
1040
0.08
1070
271
1070
2
1070
78
1070
0
1070
144
1040
1.0
1070
77
1070
1
1070
73
1070
0
1070
74
1070
0
1002
}
  0
DIMENSION
  5
29D
330
17
100
AcDbEntity
  8
A-ANNO-DIMS
100
AcDbDimension
280
0
  2
*D18
  3
EZDXF
 10
-1.0
 20
16.9
 30
0.0
 11
-1.19
 21
18.9
 31
0.0
 70
32
 71
5
  1
<>
100
AcDbAlignedDimension
 13
0.0
 23
16.9
 33
0.0
 14
0.0
 24
20.9
 34
0.0
 50
90.0
100
AcDbRotatedDimension
1001
ACAD
1000
DSTYLE
1002
{
1070
140
1040
0.18
1070
41
1040
0.12
1070
42
1040
0.08
1070
271
1070
2
1070
78
1070
0
1070
144
1040
1.0
1070
77
1070
1
1070
73
1070
0
1070
74
1070
0
1002
}
  0
DIMENSION
  5
2AC
330
17
100
AcDbEntity
  8
A-ANNO-DIMS
100
AcDbDimension
280
0
  2
*D19
  3
EZDXF
 10
-1.0
 20
20.9
 30
0.0
 11
-1.565
 21
20.975
 31
0.0
 70
32
 71
5
  1
<>
100
AcDbAlignedDimension
 13
0.0
 23
20.9
 33
0.0
 14
0.0
 24
21.05
 34
0.0
 50
90.0
100
AcDbRotatedDimension
1001
ACAD
1000
DSTYLE
1002
{
1070
140
1040
0.18
1070
41
1040
0.12
1070
42
1040
0.08
1070
271
1070
2
1070
78
1070
0
1070
144
1040
1.0
1070
77
1070
1
1070
73
1070
0
1070
74
1070
0
1002
}
  0
DIMENSION
  5
2BB
330
17
100
AcDbEntity
  8
A-ANNO-DIMS
100
AcDbDimension
280
0
  2
*D20
  3
EZDXF
 10
-1.0
 20
21.05
 30
0.0
 11
-1.19
 21
21.8
 31
0.0
 70
32
 71
5
  1
<>
100
AcDbAlignedDimension
 13
0.0
 23
21.05
 33
0.0
 14
0.0
 24
22.55
 34
0.0
 50
90.0
100
AcDbRotatedDimension
1001
ACAD
1000
DSTYLE
1002
{
1070
140
1040
0.18
1070
41
1040
0.12
1070
42
1040
0.08
1070
271
1070
2
1070
78
1070
0
1070
144
1040
1.0
1070
77
1070
1
1070
73
1070
0
1070
74
1070
0
1002
}
  0
DIMENSION
  5
2CA
330
17
100
AcDbEntity
  8
A-ANNO-DIMS
100
AcDbDimension
280
0
  2
*D21
  3
EZDXF
 10
-1.0
 20
22.55
 30
0.0
 11
-1.565
 21
22.625
 31
0.0
 70
32
 71
5
  1
<>
100
AcDbAlignedDimension
 13
0.0
 23
22.55
 33
0.0
 14
0.0
 24
22.7
 34
0.0
 50
90.0
100
AcDbRotatedDimension
1001
ACAD
1000
DSTYLE
1002
{
1070
140
1040
0.18
1070
41
1040
0.12
1070
42
1040
0.08
1070
271
1070
2
1070
78
1070
0
1070
144
1040
1.0
1070
77
1070
1
1070
73
1070
0
1070
74
1070
0
1002
}
  0
DIMENSION
  5
2D9
330
17
100
AcDbEntity
  8
A-ANNO-DIMS
100
AcDbDimension
280
0
  2
*D22
  3
EZDXF
 10
-1.0
 20
22.7
 30
0.0
 11
-1.19
 21
25.2
 31
0.0
 70
32
 71
5
  1
<>
100
AcDbAlignedDimension
 13
0.0
 23
22.7
 33
0.0
 14
0.0
 24
27.7
 34
0.0
 50
90.0
100
AcDbRotatedDimension
1001
ACAD
1000
DSTYLE
1002
{
1070
140
1040
0.18
1070
41
1040
0.12
1070
42
1040
0.08
1070
271
1070
2
1070
78
1070
0
1070
144
1040
1.0
1070
77
1070
1
1070
73
1070
0
1070
74
1070
0
1002
}
  0
DIMENSION
  5
2E8
330
17
100
AcDbEntity
  8
A-ANNO-DIMS
100
AcDbDimension
280
0
  2
*D23
  3
EZDXF
 10
-1.0
 20
27.7
 30
0.0
 11
-1.565
 21
27.85
 31
0.0
 70
32
 71
5
  1
<>
100
AcDbAlignedDimension
 13
0.0
 23
27.7
 33
0.0
 14
0.0
 24
28.0
 34
0.0
 50
90.0
100
AcDbRotatedDimension
1001
ACAD
1000
DSTYLE
1002
{
1070
140
1040
0.18
1070
41
1040
0.12
1070
42
1040
0.08
1070
271
1070
2
1070
78
1070
0
1070
144
1040
1.0
1070
77
1070
1
1070
73
1070
0
1070
74
1070
0
1002
}
  0
DIMENSION
  5
2F7
330
17
100
AcDbEntity
  8
A-ANNO-DIMS
100
AcDbDimension
280
0
  2
*D24
  3
EZDXF
 10
-2.0
 20
0.0
 30
0.0
 11
-2.19
 21
14.0
 31
0.0
 70
32
 71
5
  1
<>
100
AcDbAlignedDimension
 13
0.0
 23
0.0
 33
0.0
 14
0.0
 24
28.0
 34
0.0
 50
90.0
100
AcDbRotatedDimension
1001
ACAD
1000
DSTYLE
1002
{
1070
140
1040
0.18
1070
41
1040
0.12
1070
42
1040
0.08
1070
271
1070
2
1070
78
1070
0
1070
144
1040
1.0
1070
77
1070
1
1070
73
1070
0
1070
74
1070
0
1002
}
  0
TEXT
  5
306
330
17
100
AcDbEntity
  8
A-ANNO-TEXT
100
AcDbText
 10
9.575
 20
-4.3
 30
0.0
 40
0.55
  1
GROUND FLOOR PLAN
  7
OpenSans
 72
1
 11
9.575
 21
-4.3
 31
0.0
100
AcDbText
 73
2
  0
TEXT
  5
307
330
17
100
AcDbEntity
  8
A-ANNO-TEXT
100
AcDbText
 10
9.575
 20
-5.1
 30
0.0
 40
0.25
  1
FFL ±0.00   |   Scale 1:100   |   2 apartments
  7
OpenSans
 72
1
 11
9.575
 21
-5.1
 31
0.0
100
AcDbText
 73
2
  0
LWPOLYLINE
  5
308
330
17
100
AcDbEntity
  8
A-WALL
100
AcDbPolyline
 90
7
 70
1
 10
32.0
 20
1.8
 10
32.3
 20
1.8
 10
32.3
 20
0.3
 10
33.8
 20
0.3
 10
33.8
 20
0.0
 10
32.0
 20
0.0
 10
32.0
 20
1.8
  0
HATCH
  5
309
330
17
100
AcDbEntity
  8
A-WALL-PATT
 62
8
100
AcDbHatch
 10
0.0
 20
0.0
 30
0.0
210
0.0
220
0.0
230
1.0
  2
SOLID
 70
1
 71
0
 91
1
 92
3
 72
0
 73
1
 93
7
 10
32.0
 20
1.8
 10
32.3
 20
1.8
 10
32.3
 20
0.3
 10
33.8
 20
0.3
 10
33.8
 20
0.0
 10
32.0
 20
0.0
 10
32.0
 20
1.8
 97
0
 75
0
 76
1
 98
0
  0
LWPOLYLINE
  5
30A
330
17
100
AcDbEntity
  8
A-WALL
100
AcDbPolyline
 90
13
 70
1
 10
32.0
 20
6.05
 10
32.3
 20
6.05
 10
32.3
 20
5.45
 10
34.3
 20
5.45
 10
34.3
 20
6.05
 10
34.45
 20
6.05
 10
34.45
 20
5.45
 10
35.7
 20
5.45
 10
35.7
 20
5.3
 10
32.3
 20
5.3
 10
32.3
 20
3.8
 10
32.0
 20
3.8
 10
32.0
 20
6.05
  0
HATCH
  5
30B
330
17
100
AcDbEntity
  8
A-WALL-PATT
 62
8
100
AcDbHatch
 10
0.0
 20
0.0
 30
0.0
210
0.0
220
0.0
230
1.0
  2
SOLID
 70
1
 71
0
 91
1
 92
3
 72
0
 73
1
 93
13
 10
32.0
 20
6.05
 10
32.3
 20
6.05
 10
32.3
 20
5.45
 10
34.3
 20
5.45
 10
34.3
 20
6.05
 10
34.45
 20
6.05
 10
34.45
 20
5.45
 10
35.7
 20
5.45
 10
35.7
 20
5.3
 10
32.3
 20
5.3
 10
32.3
 20
3.8
 10
32.0
 20
3.8
 10
32.0
 20
6.05
 97
0
 75
0
 76
1
 98
0
  0
LWPOLYLINE
  5
30C
330
17
100
AcDbEntity
  8
A-WALL
100
AcDbPolyline
 90
17
 70
1
 10
32.0
 20
8.7
 10
32.3
 20
8.7
 10
32.3
 20
7.6
 10
36.3
 20
7.6
 10
36.3
 20
8.3
 10
36.45
 20
8.3
 10
36.45
 20
7.65
 10
36.45
 20
7.6
 10
36.45
 20
7.45
 10
34.45
 20
7.45
 10
34.45
 20
6.75
 10
34.3
 20
6.75
 10
34.3
 20
7.45
 10
32.3
 20
7.45
 10
32.3
 20
6.85
 10
32.0
 20
6.85
 10
32.0
 20
8.7
  0
HATCH
  5
30D
330
17
100
AcDbEntity
  8
A-WALL-PATT
 62
8
100
AcDbHatch
 10
0.0
 20
0.0
 30
0.0
210
0.0
220
0.0
230
1.0
  2
SOLID
 70
1
 71
0
 91
1
 92
3
 72
0
 73
1
 93
17
 10
32.0
 20
8.7
 10
32.3
 20
8.7
 10
32.3
 20
7.6
 10
36.3
 20
7.6
 10
36.3
 20
8.3
 10
36.45
 20
8.3
 10
36.45
 20
7.65
 10
36.45
 20
7.6
 10
36.45
 20
7.45
 10
34.45
 20
7.45
 10
34.45
 20
6.75
 10
34.3
 20
6.75
 10
34.3
 20
7.45
 10
32.3
 20
7.45
 10
32.3
 20
6.85
 10
32.0
 20
6.85
 10
32.0
 20
8.7
 97
0
 75
0
 76
1
 98
0
  0
LWPOLYLINE
  5
30E
330
17
100
AcDbEntity
  8
A-WALL
100
AcDbPolyline
 90
17
 70
1
 10
32.0
 20
12.25
 10
32.3
 20
12.25
 10
32.3
 20
11.75
 10
33.8
 20
11.75
 10
33.8
 20
12.75
 10
34.1
 20
12.75
 10
34.1
 20
11.75
 10
36.45
 20
11.75
 10
36.45
 20
11.6
 10
36.45
 20
11.55
 10
36.45
 20
9.200000000000001
 10
36.3
 20
9.200000000000001
 10
36.3
 20
11.6
 10
32.3
 20
11.6
 10
32.3
 20
10.5
 10
32.0
 20
10.5
 10
32.0
 20
12.25
  0
HATCH
  5
30F
330
17
100
AcDbEntity
  8
A-WALL-PATT
 62
8
100
AcDbHatch
 10
0.0
 20
0.0
 30
0.0
210
0.0
220
0.0
230
1.0
  2
SOLID
 70
1
 71
0
 91
1
 92
3
 72
0
 73
1
 93
17
 10
32.0
 20
12.25
 10
32.3
 20
12.25
 10
32.3
 20
11.75
 10
33.8
 20
11.75
 10
33.8
 20
12.75
 10
34.1
 20
12.75
 10
34.1
 20
11.75
 10
36.45
 20
11.75
 10
36.45
 20
11.6
 10
36.45
 20
11.55
 10
36.45
 20
9.200000000000001
 10
36.3
 20
9.200000000000001
 10
36.3
 20
11.6
 10
32.3
 20
11.6
 10
32.3
 20
10.5
 10
32.0
 20
10.5
 10
32.0
 20
12.25
 97
0
 75
0
 76
1
 98
0
  0
LWPOLYLINE
  5
310
330
17
100
AcDbEntity
  8
A-WALL
100
AcDbPolyline
 90
17
 70
1
 10
32.0
 20
18.0
 10
32.3
 20
18.0
 10
32.3
 20
16.9
 10
36.3
 20
16.9
 10
36.3
 20
19.9
 10
36.45
 20
19.9
 10
36.45
 20
16.95
 10
36.45
 20
16.9
 10
36.45
 20
16.75
 10
34.1
 20
16.75
 10
34.1
 20
15.75
 10
33.8
 20
15.75
 10
33.8
 20
16.75
 10
32.3
 20
16.75
 10
32.3
 20
16.25
 10
32.0
 20
16.25
 10
32.0
 20
18.0
  0
HATCH
  5
311
330
17
100
AcDbEntity
  8
A-WALL-PATT
 62
8
100
AcDbHatch
 10
0.0
 20
0.0
 30
0.0
210
0.0
220
0.0
230
1.0
  2
SOLID
 70
1
 71
0
 91
1
 92
3
 72
0
 73
1
 93
17
 10
32.0
 20
18.0
 10
32.3
 20
18.0
 10
32.3
 20
16.9
 10
36.3
 20
16.9
 10
36.3
 20
19.9
 10
36.45
 20
19.9
 10
36.45
 20
16.95
 10
36.45
 20
16.9
 10
36.45
 20
16.75
 10
34.1
 20
16.75
 10
34.1
 20
15.75
 10
33.8
 20
15.75
 10
33.8
 20
16.75
 10
32.3
 20
16.75
 10
32.3
 20
16.25
 10
32.0
 20
16.25
 10
32.0
 20
18.0
 97
0
 75
0
 76
1
 98
0
  0
LWPOLYLINE
  5
312
330
17
100
AcDbEntity
  8
A-WALL
100
AcDbPolyline
 90
19
 70
1
 10
32.0
 20
21.35
 10
32.3
 20
21.35
 10
32.3
 20
21.05
 10
34.8
 20
21.05
 10
34.8
 20
21.3
 10
34.95
 20
21.3
 10
34.95
 20
21.05
 10
37.3
 20
21.05
 10
37.3
 20
21.3
 10
37.45
 20
21.3
 10
37.45
 20
20.9
 10
36.45
 20
20.9
 10
36.45
 20
20.799999999999997
 10
36.3
 20
20.799999999999997
 10
36.3
 20
20.9
 10
32.3
 20
20.9
 10
32.3
 20
19.8
 10
32.0
 20
19.8
 10
32.0
 20
21.35
  0
HATCH
  5
313
330
17
100
AcDbEntity
  8
A-WALL-PATT
 62
8
100
AcDbHatch
 10
0.0
 20
0.0
 30
0.0
210
0.0
220
0.0
230
1.0
  2
SOLID
 70
1
 71
0
 91
1
 92
3
 72
0
 73
1
 93
19
 10
32.0
 20
21.35
 10
32.3
 20
21.35
 10
32.3
 20
21.05
 10
34.8
 20
21.05
 10
34.8
 20
21.3
 10
34.95
 20
21.3
 10
34.95
 20
21.05
 10
37.3
 20
21.05
 10
37.3
 20
21.3
 10
37.45
 20
21.3
 10
37.45
 20
20.9
 10
36.45
 20
20.9
 10
36.45
 20
20.799999999999997
 10
36.3
 20
20.799999999999997
 10
36.3
 20
20.9
 10
32.3
 20
20.9
 10
32.3
 20
19.8
 10
32.0
 20
19.8
 10
32.0
 20
21.35
 97
0
 75
0
 76
1
 98
0
  0
LWPOLYLINE
  5
314
330
17
100
AcDbEntity
  8
A-WALL
100
AcDbPolyline
 90
15
 70
1
 10
32.0
 20
28.0
 10
33.8
 20
28.0
 10
33.8
 20
27.7
 10
32.3
 20
27.7
 10
32.3
 20
22.7
 10
35.8
 20
22.7
 10
35.8
 20
22.55
 10
34.95
 20
22.55
 10
34.95
 20
22.0
 10
34.8
 20
22.0
 10
34.8
 20
22.55
 10
32.3
 20
22.55
 10
32.3
 20
22.25
 10
32.0
 20
22.25
 10
32.0
 20
28.0
  0
HATCH
  5
315
330
17
100
AcDbEntity
  8
A-WALL-PATT
 62
8
100
AcDbHatch
 10
0.0
 20
0.0
 30
0.0
210
0.0
220
0.0
230
1.0
  2
SOLID
 70
1
 71
0
 91
1
 92
3
 72
0
 73
1
 93
15
 10
32.0
 20
28.0
 10
33.8
 20
28.0
 10
33.8
 20
27.7
 10
32.3
 20
27.7
 10
32.3
 20
22.7
 10
35.8
 20
22.7
 10
35.8
 20
22.55
 10
34.95
 20
22.55
 10
34.95
 20
22.0
 10
34.8
 20
22.0
 10
34.8
 20
22.55
 10
32.3
 20
22.55
 10
32.3
 20
22.25
 10
32.0
 20
22.25
 10
32.0
 20
28.0
 97
0
 75
0
 76
1
 98
0
  0
LWPOLYLINE
  5
316
330
17
100
AcDbEntity
  8
A-WALL
100
AcDbPolyline
 90
17
 70
1
 10
38.45
 20
28.0
 10
38.45
 20
27.7
 10
37.45
 20
27.7
 10
37.45
 20
23.7
 10
37.65
 20
23.7
 10
37.65
 20
23.55
 10
37.45
 20
23.55
 10
37.45
 20
22.2
 10
37.3
 20
22.2
 10
37.3
 20
22.55
 10
36.7
 20
22.55
 10
36.7
 20
22.7
 10
37.3
 20
22.7
 10
37.3
 20
27.7
 10
35.8
 20
27.7
 10
35.8
 20
28.0
 10
38.45
 20
28.0
  0
HATCH
  5
317
330
17
100
AcDbEntity
  8
A-WALL-PATT
 62
8
100
AcDbHatch
 10
0.0
 20
0.0
 30
0.0
210
0.0
220
0.0
230
1.0
  2
SOLID
 70
1
 71
0
 91
1
 92
3
 72
0
 73
1
 93
17
 10
38.45
 20
28.0
 10
38.45
 20
27.7
 10
37.45
 20
27.7
 10
37.45
 20
23.7
 10
37.65
 20
23.7
 10
37.65
 20
23.55
 10
37.45
 20
23.55
 10
37.45
 20
22.2
 10
37.3
 20
22.2
 10
37.3
 20
22.55
 10
36.7
 20
22.55
 10
36.7
 20
22.7
 10
37.3
 20
22.7
 10
37.3
 20
27.7
 10
35.8
 20
27.7
 10
35.8
 20
28.0
 10
38.45
 20
28.0
 97
0
 75
0
 76
1
 98
0
  0
LWPOLYLINE
  5
318
330
17
100
AcDbEntity
  8
A-WALL
100
AcDbPolyline
 90
105
 70
1
 10
42.7
 20
28.0
 10
42.7
 20
27.7
 10
41.7
 20
27.7
 10
41.7
 20
23.7
 10
44.599999999999994
 20
23.7
 10
44.599999999999994
 20
23.55
 10
43.95
 20
23.55
 10
43.95
 20
22.95
 10
43.7
 20
22.95
 10
43.7
 20
23.55
 10
41.7
 20
23.55
 10
41.7
 20
21.55
 10
43.7
 20
21.55
 10
43.7
 20
22.15
 10
43.95
 20
22.15
 10
43.95
 20
20.7
 10
43.7
 20
20.7
 10
43.7
 20
21.4
 10
41.7
 20
21.4
 10
41.7
 20
19.4
 10
43.7
 20
19.4
 10
43.7
 20
19.9
 10
43.95
 20
19.9
 10
43.95
 20
19.25
 10
43.7
 20
19.25
 10
43.65
 20
19.25
 10
41.7
 20
19.25
 10
41.7
 20
16.95
 10
41.7
 20
16.9
 10
41.7
 20
16.75
 10
41.7
 20
16.7
 10
41.7
 20
11.75
 10
43.849999999999994
 20
11.75
 10
43.9
 20
11.75
 10
43.95
 20
11.75
 10
43.95
 20
11.6
 10
43.95
 20
11.55
 10
43.95
 20
11.0
 10
43.7
 20
11.0
 10
43.7
 20
11.6
 10
41.7
 20
11.6
 10
41.7
 20
9.6
 10
43.7
 20
9.6
 10
43.7
 20
10.2
 10
43.95
 20
10.2
 10
43.95
 20
7.65
 10
43.95
 20
7.6
 10
43.95
 20
7.45
 10
43.95
 20
7.4
 10
43.95
 20
6.6
 10
43.7
 20
6.6
 10
43.7
 20
9.35
 10
39.45
 20
9.35
 10
39.45
 20
6.6
 10
39.2
 20
6.6
 10
39.2
 20
7.4
 10
39.2
 20
7.45
 10
39.2
 20
7.6
 10
39.2
 20
7.65
 10
39.2
 20
10.2
 10
39.45
 20
10.2
 10
39.45
 20
9.6
 10
41.45
 20
9.6
 10
41.45
 20
11.6
 10
39.45
 20
11.6
 10
39.45
 20
11.0
 10
39.2
 20
11.0
 10
39.2
 20
11.55
 10
39.2
 20
11.6
 10
39.2
 20
11.75
 10
39.25
 20
11.75
 10
39.3
 20
11.75
 10
41.45
 20
11.75
 10
41.45
 20
16.7
 10
41.45
 20
16.75
 10
41.45
 20
16.9
 10
41.45
 20
16.95
 10
41.45
 20
19.25
 10
39.5
 20
19.25
 10
39.45
 20
19.25
 10
39.2
 20
19.25
 10
39.2
 20
19.9
 10
39.45
 20
19.9
 10
39.45
 20
19.4
 10
41.45
 20
19.4
 10
41.45
 20
21.4
 10
39.45
 20
21.4
 10
39.45
 20
20.7
 10
39.2
 20
20.7
 10
39.2
 20
22.15
 10
39.45
 20
22.15
 10
39.45
 20
21.55
 10
41.45
 20
21.55
 10
41.45
 20
23.55
 10
39.45
 20
23.55
 10
39.45
 20
22.95
 10
39.2
 20
22.95
 10
39.2
 20
23.55
 10
38.55
 20
23.55
 10
38.55
 20
23.7
 10
41.45
 20
23.7
 10
41.45
 20
27.7
 10
40.45
 20
27.7
 10
40.45
 20
28.0
 10
42.7
 20
28.0
  0
HATCH
  5
319
330
17
100
AcDbEntity
  8
A-WALL-PATT
 62
8
100
AcDbHatch
 10
0.0
 20
0.0
 30
0.0
210
0.0
220
0.0
230
1.0
  2
SOLID
 70
1
 71
0
 91
1
 92
3
 72
0
 73
1
 93
105
 10
42.7
 20
28.0
 10
42.7
 20
27.7
 10
41.7
 20
27.7
 10
41.7
 20
23.7
 10
44.599999999999994
 20
23.7
 10
44.599999999999994
 20
23.55
 10
43.95
 20
23.55
 10
43.95
 20
22.95
 10
43.7
 20
22.95
 10
43.7
 20
23.55
 10
41.7
 20
23.55
 10
41.7
 20
21.55
 10
43.7
 20
21.55
 10
43.7
 20
22.15
 10
43.95
 20
22.15
 10
43.95
 20
20.7
 10
43.7
 20
20.7
 10
43.7
 20
21.4
 10
41.7
 20
21.4
 10
41.7
 20
19.4
 10
43.7
 20
19.4
 10
43.7
 20
19.9
 10
43.95
 20
19.9
 10
43.95
 20
19.25
 10
43.7
 20
19.25
 10
43.65
 20
19.25
 10
41.7
 20
19.25
 10
41.7
 20
16.95
 10
41.7
 20
16.9
 10
41.7
 20
16.75
 10
41.7
 20
16.7
 10
41.7
 20
11.75
 10
43.849999999999994
 20
11.75
 10
43.9
 20
11.75
 10
43.95
 20
11.75
 10
43.95
 20
11.6
 10
43.95
 20
11.55
 10
43.95
 20
11.0
 10
43.7
 20
11.0
 10
43.7
 20
11.6
 10
41.7
 20
11.6
 10
41.7
 20
9.6
 10
43.7
 20
9.6
 10
43.7
 20
10.2
 10
43.95
 20
10.2
 10
43.95
 20
7.65
 10
43.95
 20
7.6
 10
43.95
 20
7.45
 10
43.95
 20
7.4
 10
43.95
 20
6.6
 10
43.7
 20
6.6
 10
43.7
 20
9.35
 10
39.45
 20
9.35
 10
39.45
 20
6.6
 10
39.2
 20
6.6
 10
39.2
 20
7.4
 10
39.2
 20
7.45
 10
39.2
 20
7.6
 10
39.2
 20
7.65
 10
39.2
 20
10.2
 10
39.45
 20
10.2
 10
39.45
 20
9.6
 10
41.45
 20
9.6
 10
41.45
 20
11.6
 10
39.45
 20
11.6
 10
39.45
 20
11.0
 10
39.2
 20
11.0
 10
39.2
 20
11.55
 10
39.2
 20
11.6
 10
39.2
 20
11.75
 10
39.25
 20
11.75
 10
39.3
 20
11.75
 10
41.45
 20
11.75
 10
41.45
 20
16.7
 10
41.45
 20
16.75
 10
41.45
 20
16.9
 10
41.45
 20
16.95
 10
41.45
 20
19.25
 10
39.5
 20
19.25
 10
39.45
 20
19.25
 10
39.2
 20
19.25
 10
39.2
 20
19.9
 10
39.45
 20
19.9
 10
39.45
 20
19.4
 10
41.45
 20
19.4
 10
41.45
 20
21.4
 10
39.45
 20
21.4
 10
39.45
 20
20.7
 10
39.2
 20
20.7
 10
39.2
 20
22.15
 10
39.45
 20
22.15
 10
39.45
 20
21.55
 10
41.45
 20
21.55
 10
41.45
 20
23.55
 10
39.45
 20
23.55
 10
39.45
 20
22.95
 10
39.2
 20
22.95
 10
39.2
 20
23.55
 10
38.55
 20
23.55
 10
38.55
 20
23.7
 10
41.45
 20
23.7
 10
41.45
 20
27.7
 10
40.45
 20
27.7
 10
40.45
 20
28.0
 10
42.7
 20
28.0
 97
0
 75
0
 76
1
 98
0
  0
LWPOLYLINE
  5
31A
330
17
100
AcDbEntity
  8
A-WALL
100
AcDbPolyline
 90
17
 70
1
 10
47.349999999999994
 20
28.0
 10
47.349999999999994
 20
27.7
 10
45.849999999999994
 20
27.7
 10
45.849999999999994
 20
22.7
 10
46.45
 20
22.7
 10
46.45
 20
22.55
 10
45.849999999999994
 20
22.55
 10
45.849999999999994
 20
22.2
 10
45.7
 20
22.2
 10
45.7
 20
23.55
 10
45.5
 20
23.55
 10
45.5
 20
23.7
 10
45.7
 20
23.7
 10
45.7
 20
27.7
 10
44.7
 20
27.7
 10
44.7
 20
28.0
 10
47.349999999999994
 20
28.0
  0
HATCH
  5
31B
330
17
100
AcDbEntity
  8
A-WALL-PATT
 62
8
100
AcDbHatch
 10
0.0
 20
0.0
 30
0.0
210
0.0
220
0.0
230
1.0
  2
SOLID
 70
1
 71
0
 91
1
 92
3
 72
0
 73
1
 93
17
 10
47.349999999999994
 20
28.0
 10
47.349999999999994
 20
27.7
 10
45.849999999999994
 20
27.7
 10
45.849999999999994
 20
22.7
 10
46.45
 20
22.7
 10
46.45
 20
22.55
 10
45.849999999999994
 20
22.55
 10
45.849999999999994
 20
22.2
 10
45.7
 20
22.2
 10
45.7
 20
23.55
 10
45.5
 20
23.55
 10
45.5
 20
23.7
 10
45.7
 20
23.7
 10
45.7
 20
27.7
 10
44.7
 20
27.7
 10
44.7
 20
28.0
 10
47.349999999999994
 20
28.0
 97
0
 75
0
 76
1
 98
0
  0
LWPOLYLINE
  5
31C
330
17
100
AcDbEntity
  8
A-WALL
100
AcDbPolyline
 90
15
 70
1
 10
51.15
 20
28.0
 10
51.15
 20
22.25
 10
50.849999999999994
 20
22.25
 10
50.849999999999994
 20
22.55
 10
48.349999999999994
 20
22.55
 10
48.349999999999994
 20
22.0
 10
48.2
 20
22.0
 10
48.2
 20
22.55
 10
47.349999999999994
 20
22.55
 10
47.349999999999994
 20
22.7
 10
50.849999999999994
 20
22.7
 10
50.849999999999994
 20
27.7
 10
49.349999999999994
 20
27.7
 10
49.349999999999994
 20
28.0
 10
51.15
 20
28.0
  0
HATCH
  5
31D
330
17
100
AcDbEntity
  8
A-WALL-PATT
 62
8
100
AcDbHatch
 10
0.0
 20
0.0
 30
0.0
210
0.0
220
0.0
230
1.0
  2
SOLID
 70
1
 71
0
 91
1
 92
3
 72
0
 73
1
 93
15
 10
51.15
 20
28.0
 10
51.15
 20
22.25
 10
50.849999999999994
 20
22.25
 10
50.849999999999994
 20
22.55
 10
48.349999999999994
 20
22.55
 10
48.349999999999994
 20
22.0
 10
48.2
 20
22.0
 10
48.2
 20
22.55
 10
47.349999999999994
 20
22.55
 10
47.349999999999994
 20
22.7
 10
50.849999999999994
 20
22.7
 10
50.849999999999994
 20
27.7
 10
49.349999999999994
 20
27.7
 10
49.349999999999994
 20
28.0
 10
51.15
 20
28.0
 97
0
 75
0
 76
1
 98
0
  0
LWPOLYLINE
  5
31E
330
17
100
AcDbEntity
  8
A-WALL
100
AcDbPolyline
 90
19
 70
1
 10
51.15
 20
19.8
 10
50.849999999999994
 20
19.8
 10
50.849999999999994
 20
20.9
 10
46.849999999999994
 20
20.9
 10
46.849999999999994
 20
20.799999999999997
 10
46.7
 20
20.799999999999997
 10
46.7
 20
20.9
 10
45.7
 20
20.9
 10
45.7
 20
21.3
 10
45.849999999999994
 20
21.3
 10
45.849999999999994
 20
21.05
 10
48.2
 20
21.05
 10
48.2
 20
21.3
 10
48.349999999999994
 20
21.3
 10
48.349999999999994
 20
21.05
 10
50.849999999999994
 20
21.05
 10
50.849999999999994
 20
21.35
 10
51.15
 20
21.35
 10
51.15
 20
19.8
  0
HATCH
  5
31F
330
17
100
AcDbEntity
  8
A-WALL-PATT
 62
8
100
AcDbHatch
 10
0.0
 20
0.0
 30
0.0
210
0.0
220
0.0
230
1.0
  2
SOLID
 70
1
 71
0
 91
1
 92
3
 72
0
 73
1
 93
19
 10
51.15
 20
19.8
 10
50.849999999999994
 20
19.8
 10
50.849999999999994
 20
20.9
 10
46.849999999999994
 20
20.9
 10
46.849999999999994
 20
20.799999999999997
 10
46.7
 20
20.799999999999997
 10
46.7
 20
20.9
 10
45.7
 20
20.9
 10
45.7
 20
21.3
 10
45.849999999999994
 20
21.3
 10
45.849999999999994
 20
21.05
 10
48.2
 20
21.05
 10
48.2
 20
21.3
 10
48.349999999999994
 20
21.3
 10
48.349999999999994
 20
21.05
 10
50.849999999999994
 20
21.05
 10
50.849999999999994
 20
21.35
 10
51.15
 20
21.35
 10
51.15
 20
19.8
 97
0
 75
0
 76
1
 98
0
  0
LWPOLYLINE
  5
320
330
17
100
AcDbEntity
  8
A-WALL
100
AcDbPolyline
 90
17
 70
1
 10
51.15
 20
16.25
 10
50.849999999999994
 20
16.25
 10
50.849999999999994
 20
16.75
 10
49.349999999999994
 20
16.75
 10
49.349999999999994
 20
15.75
 10
49.05
 20
15.75
 10
49.05
 20
16.75
 10
46.7
 20
16.75
 10
46.7
 20
16.9
 10
46.7
 20
16.95
 10
46.7
 20
19.9
 10
46.849999999999994
 20
19.9
 10
46.849999999999994
 20
16.9
 10
50.849999999999994
 20
16.9
 10
50.849999999999994
 20
18.0
 10
51.15
 20
18.0
 10
51.15
 20
16.25
  0
HATCH
  5
321
330
17
100
AcDbEntity
  8
A-WALL-PATT
 62
8
100
AcDbHatch
 10
0.0
 20
0.0
 30
0.0
210
0.0
220
0.0
230
1.0
  2
SOLID
 70
1
 71
0
 91
1
 92
3
 72
0
 73
1
 93
17
 10
51.15
 20
16.25
 10
50.849999999999994
 20
16.25
 10
50.849999999999994
 20
16.75
 10
49.349999999999994
 20
16.75
 10
49.349999999999994
 20
15.75
 10
49.05
 20
15.75
 10
49.05
 20
16.75
 10
46.7
 20
16.75
 10
46.7
 20
16.9
 10
46.7
 20
16.95
 10
46.7
 20
19.9
 10
46.849999999999994
 20
19.9
 10
46.849999999999994
 20
16.9
 10
50.849999999999994
 20
16.9
 10
50.849999999999994
 20
18.0
 10
51.15
 20
18.0
 10
51.15
 20
16.25
 97
0
 75
0
 76
1
 98
0
  0
LWPOLYLINE
  5
322
330
17
100
AcDbEntity
  8
A-WALL
100
AcDbPolyline
 90
17
 70
1
 10
51.15
 20
10.5
 10
50.849999999999994
 20
10.5
 10
50.849999999999994
 20
11.6
 10
46.849999999999994
 20
11.6
 10
46.849999999999994
 20
9.200000000000001
 10
46.7
 20
9.200000000000001
 10
46.7
 20
11.55
 10
46.7
 20
11.6
 10
46.7
 20
11.75
 10
49.05
 20
11.75
 10
49.05
 20
12.75
 10
49.349999999999994
 20
12.75
 10
49.349999999999994
 20
11.75
 10
50.849999999999994
 20
11.75
 10
50.849999999999994
 20
12.25
 10
51.15
 20
12.25
 10
51.15
 20
10.5
  0
HATCH
  5
323
330
17
100
AcDbEntity
  8
A-WALL-PATT
 62
8
100
AcDbHatch
 10
0.0
 20
0.0
 30
0.0
210
0.0
220
0.0
230
1.0
  2
SOLID
 70
1
 71
0
 91
1
 92
3
 72
0
 73
1
 93
17
 10
51.15
 20
10.5
 10
50.849999999999994
 20
10.5
 10
50.849999999999994
 20
11.6
 10
46.849999999999994
 20
11.6
 10
46.849999999999994
 20
9.200000000000001
 10
46.7
 20
9.200000000000001
 10
46.7
 20
11.55
 10
46.7
 20
11.6
 10
46.7
 20
11.75
 10
49.05
 20
11.75
 10
49.05
 20
12.75
 10
49.349999999999994
 20
12.75
 10
49.349999999999994
 20
11.75
 10
50.849999999999994
 20
11.75
 10
50.849999999999994
 20
12.25
 10
51.15
 20
12.25
 10
51.15
 20
10.5
 97
0
 75
0
 76
1
 98
0
  0
LWPOLYLINE
  5
324
330
17
100
AcDbEntity
  8
A-WALL
100
AcDbPolyline
 90
17
 70
1
 10
51.15
 20
6.85
 10
50.849999999999994
 20
6.85
 10
50.849999999999994
 20
7.45
 10
48.849999999999994
 20
7.45
 10
48.849999999999994
 20
6.75
 10
48.7
 20
6.75
 10
48.7
 20
7.45
 10
46.7
 20
7.45
 10
46.7
 20
7.6
 10
46.7
 20
7.65
 10
46.7
 20
8.3
 10
46.849999999999994
 20
8.3
 10
46.849999999999994
 20
7.6
 10
50.849999999999994
 20
7.6
 10
50.849999999999994
 20
8.7
 10
51.15
 20
8.7
 10
51.15
 20
6.85
  0
HATCH
  5
325
330
17
100
AcDbEntity
  8
A-WALL-PATT
 62
8
100
AcDbHatch
 10
0.0
 20
0.0
 30
0.0
210
0.0
220
0.0
230
1.0
  2
SOLID
 70
1
 71
0
 91
1
 92
3
 72
0
 73
1
 93
17
 10
51.15
 20
6.85
 10
50.849999999999994
 20
6.85
 10
50.849999999999994
 20
7.45
 10
48.849999999999994
 20
7.45
 10
48.849999999999994
 20
6.75
 10
48.7
 20
6.75
 10
48.7
 20
7.45
 10
46.7
 20
7.45
 10
46.7
 20
7.6
 10
46.7
 20
7.65
 10
46.7
 20
8.3
 10
46.849999999999994
 20
8.3
 10
46.849999999999994
 20
7.6
 10
50.849999999999994
 20
7.6
 10
50.849999999999994
 20
8.7
 10
51.15
 20
8.7
 10
51.15
 20
6.85
 97
0
 75
0
 76
1
 98
0
  0
LWPOLYLINE
  5
326
330
17
100
AcDbEntity
  8
A-WALL
100
AcDbPolyline
 90
13
 70
1
 10
51.15
 20
3.8
 10
50.849999999999994
 20
3.8
 10
50.849999999999994
 20
5.3
 10
47.45
 20
5.3
 10
47.45
 20
5.45
 10
48.7
 20
5.45
 10
48.7
 20
6.05
 10
48.849999999999994
 20
6.05
 10
48.849999999999994
 20
5.45
 10
50.849999999999994
 20
5.45
 10
50.849999999999994
 20
6.05
 10
51.15
 20
6.05
 10
51.15
 20
3.8
  0
HATCH
  5
327
330
17
100
AcDbEntity
  8
A-WALL-PATT
 62
8
100
AcDbHatch
 10
0.0
 20
0.0
 30
0.0
210
0.0
220
0.0
230
1.0
  2
SOLID
 70
1
 71
0
 91
1
 92
3
 72
0
 73
1
 93
13
 10
51.15
 20
3.8
 10
50.849999999999994
 20
3.8
 10
50.849999999999994
 20
5.3
 10
47.45
 20
5.3
 10
47.45
 20
5.45
 10
48.7
 20
5.45
 10
48.7
 20
6.05
 10
48.849999999999994
 20
6.05
 10
48.849999999999994
 20
5.45
 10
50.849999999999994
 20
5.45
 10
50.849999999999994
 20
6.05
 10
51.15
 20
6.05
 10
51.15
 20
3.8
 97
0
 75
0
 76
1
 98
0
  0
LWPOLYLINE
  5
328
330
17
100
AcDbEntity
  8
A-WALL
100
AcDbPolyline
 90
7
 70
1
 10
51.15
 20
0.0
 10
49.349999999999994
 20
0.0
 10
49.349999999999994
 20
0.3
 10
50.849999999999994
 20
0.3
 10
50.849999999999994
 20
1.8
 10
51.15
 20
1.8
 10
51.15
 20
0.0
  0
HATCH
  5
329
330
17
100
AcDbEntity
  8
A-WALL-PATT
 62
8
100
AcDbHatch
 10
0.0
 20
0.0
 30
0.0
210
0.0
220
0.0
230
1.0
  2
SOLID
 70
1
 71
0
 91
1
 92
3
 72
0
 73
1
 93
7
 10
51.15
 20
0.0
 10
49.349999999999994
 20
0.0
 10
49.349999999999994
 20
0.3
 10
50.849999999999994
 20
0.3
 10
50.849999999999994
 20
1.8
 10
51.15
 20
1.8
 10
51.15
 20
0.0
 97
0
 75
0
 76
1
 98
0
  0
LWPOLYLINE
  5
32A
330
17
100
AcDbEntity
  8
A-WALL
100
AcDbPolyline
 90
13
 70
1
 10
42.575
 20
0.0
 10
42.575
 20
0.3
 10
43.7
 20
0.3
 10
43.7
 20
5.6
 10
43.95
 20
5.6
 10
43.95
 20
5.45
 10
46.55
 20
5.45
 10
46.55
 20
5.3
 10
43.95
 20
5.3
 10
43.95
 20
0.3
 10
47.349999999999994
 20
0.3
 10
47.349999999999994
 20
0.0
 10
42.575
 20
0.0
  0
HATCH
  5
32B
330
17
100
AcDbEntity
  8
A-WALL-PATT
 62
8
100
AcDbHatch
 10
0.0
 20
0.0
 30
0.0
210
0.0
220
0.0
230
1.0
  2
SOLID
 70
1
 71
0
 91
1
 92
3
 72
0
 73
1
 93
13
 10
42.575
 20
0.0
 10
42.575
 20
0.3
 10
43.7
 20
0.3
 10
43.7
 20
5.6
 10
43.95
 20
5.6
 10
43.95
 20
5.45
 10
46.55
 20
5.45
 10
46.55
 20
5.3
 10
43.95
 20
5.3
 10
43.95
 20
0.3
 10
47.349999999999994
 20
0.3
 10
47.349999999999994
 20
0.0
 10
42.575
 20
0.0
 97
0
 75
0
 76
1
 98
0
  0
LWPOLYLINE
  5
32C
330
17
100
AcDbEntity
  8
A-WALL
100
AcDbPolyline
 90
13
 70
1
 10
35.8
 20
0.0
 10
35.8
 20
0.3
 10
39.2
 20
0.3
 10
39.2
 20
5.3
 10
36.6
 20
5.3
 10
36.6
 20
5.45
 10
39.2
 20
5.45
 10
39.2
 20
5.6
 10
39.45
 20
5.6
 10
39.45
 20
0.3
 10
40.575
 20
0.3
 10
40.575
 20
0.0
 10
35.8
 20
0.0
  0
HATCH
  5
32D
330
17
100
AcDbEntity
  8
A-WALL-PATT
 62
8
100
AcDbHatch
 10
0.0
 20
0.0
 30
0.0
210
0.0
220
0.0
230
1.0
  2
SOLID
 70
1
 71
0
 91
1
 92
3
 72
0
 73
1
 93
13
 10
35.8
 20
0.0
 10
35.8
 20
0.3
 10
39.2
 20
0.3
 10
39.2
 20
5.3
 10
36.6
 20
5.3
 10
36.6
 20
5.45
 10
39.2
 20
5.45
 10
39.2
 20
5.6
 10
39.45
 20
5.6
 10
39.45
 20
0.3
 10
40.575
 20
0.3
 10
40.575
 20
0.0
 10
35.8
 20
0.0
 97
0
 75
0
 76
1
 98
0
  0
LINE
  5
32E
330
17
100
AcDbEntity
  8
A-DOOR
100
AcDbLine
 10
35.8
 20
22.625
 30
0.0
 11
35.8
 21
23.525
 31
0.0
  0
ARC
  5
32F
330
17
100
AcDbEntity
  8
A-DOOR
100
AcDbCircle
 10
35.8
 20
22.625
 30
0.0
 40
0.8999999999999986
100
AcDbArc
 50
0.0
 51
90.0
  0
LINE
  5
330
330
17
100
AcDbEntity
  8
A-DOOR
100
AcDbLine
 10
47.349999999999994
 20
22.625
 30
0.0
 11
47.349999999999994
 21
23.525
 31
0.0
  0
ARC
  5
331
330
17
100
AcDbEntity
  8
A-DOOR
100
AcDbCircle
 10
47.349999999999994
 20
22.625
 30
0.0
 40
0.8999999999999986
100
AcDbArc
 50
90.0
 51
180.0
  0
LINE
  5
332
330
17
100
AcDbEntity
  8
A-DOOR
100
AcDbLine
 10
34.875
 20
21.3
 30
0.0
 11
34.175
 21
21.3
 31
0.0
  0
ARC
  5
333
330
17
100
AcDbEntity
  8
A-DOOR
100
AcDbCircle
 10
34.875
 20
21.3
 30
0.0
 40
0.7000000000000002
100
AcDbArc
 50
90.0
 51
180.0
  0
LINE
  5
334
330
17
100
AcDbEntity
  8
A-DOOR
100
AcDbLine
 10
48.275
 20
21.3
 30
0.0
 11
48.974999999999994
 21
21.3
 31
0.0
  0
ARC
  5
335
330
17
100
AcDbEntity
  8
A-DOOR
100
AcDbCircle
 10
48.275
 20
21.3
 30
0.0
 40
0.6999999999999993
100
AcDbArc
 50
0.0
 51
90.0
  0
LINE
  5
336
330
17
100
AcDbEntity
  8
A-DOOR
100
AcDbLine
 10
37.375
 20
21.3
 30
0.0
 11
36.475
 21
21.3
 31
0.0
  0
ARC
  5
337
330
17
100
AcDbEntity
  8
A-DOOR
100
AcDbCircle
 10
37.375
 20
21.3
 30
0.0
 40
0.9000000000000004
100
AcDbArc
 50
90.0
 51
180.0
  0
LINE
  5
338
330
17
100
AcDbEntity
  8
A-DOOR
100
AcDbLine
 10
45.775
 20
21.3
 30
0.0
 11
46.675
 21
21.3
 31
0.0
  0
ARC
  5
339
330
17
100
AcDbEntity
  8
A-DOOR
100
AcDbCircle
 10
45.775
 20
21.3
 30
0.0
 40
0.9000000000000004
100
AcDbArc
 50
0.0
 51
90.0
  0
LINE
  5
33A
330
17
100
AcDbEntity
  8
A-DOOR
100
AcDbLine
 10
37.65
 20
23.625
 30
0.0
 11
37.65
 21
24.525
 31
0.0
  0
ARC
  5
33B
330
17
100
AcDbEntity
  8
A-DOOR
100
AcDbCircle
 10
37.65
 20
23.625
 30
0.0
 40
0.8999999999999986
100
AcDbArc
 50
0.0
 51
90.0
  0
LINE
  5
33C
330
17
100
AcDbEntity
  8
A-DOOR
100
AcDbLine
 10
45.5
 20
23.625
 30
0.0
 11
45.5
 21
24.525
 31
0.0
  0
ARC
  5
33D
330
17
100
AcDbEntity
  8
A-DOOR
100
AcDbCircle
 10
45.5
 20
23.625
 30
0.0
 40
0.8999999999999986
100
AcDbArc
 50
90.0
 51
180.0
  0
LINE
  5
33E
330
17
100
AcDbEntity
  8
A-DOOR
100
AcDbLine
 10
39.325
 20
22.15
 30
0.0
 11
40.125
 21
22.15
 31
0.0
  0
ARC
  5
33F
330
17
100
AcDbEntity
  8
A-DOOR
100
AcDbCircle
 10
39.325
 20
22.15
 30
0.0
 40
0.7999999999999998
100
AcDbArc
 50
0.0
 51
90.0
  0
LINE
  5
340
330
17
100
AcDbEntity
  8
A-DOOR
100
AcDbLine
 10
43.825
 20
22.15
 30
0.0
 11
43.025
 21
22.15
 31
0.0
  0
ARC
  5
341
330
17
100
AcDbEntity
  8
A-DOOR
100
AcDbCircle
 10
43.825
 20
22.15
 30
0.0
 40
0.8000000000000007
100
AcDbArc
 50
90.0
 51
180.0
  0
LINE
  5
342
330
17
100
AcDbEntity
  8
A-DOOR
100
AcDbLine
 10
39.325
 20
19.9
 30
0.0
 11
40.125
 21
19.9
 31
0.0
  0
ARC
  5
343
330
17
100
AcDbEntity
  8
A-DOOR
100
AcDbCircle
 10
39.325
 20
19.9
 30
0.0
 40
0.7999999999999998
100
AcDbArc
 50
0.0
 51
90.0
  0
LINE
  5
344
330
17
100
AcDbEntity
  8
A-DOOR
100
AcDbLine
 10
43.825
 20
19.9
 30
0.0
 11
43.025
 21
19.9
 31
0.0
  0
ARC
  5
345
330
17
100
AcDbEntity
  8
A-DOOR
100
AcDbCircle
 10
43.825
 20
19.9
 30
0.0
 40
0.8000000000000007
100
AcDbArc
 50
90.0
 51
180.0
  0
LINE
  5
346
330
17
100
AcDbEntity
  8
A-DOOR
100
AcDbLine
 10
36.375
 20
19.9
 30
0.0
 11
35.475
 21
19.9
 31
0.0
  0
ARC
  5
347
330
17
100
AcDbEntity
  8
A-DOOR
100
AcDbCircle
 10
36.375
 20
19.9
 30
0.0
 40
0.8999999999999999
100
AcDbArc
 50
90.0
 51
180.0
  0
LINE
  5
348
330
17
100
AcDbEntity
  8
A-DOOR
100
AcDbLine
 10
46.775
 20
19.9
 30
0.0
 11
47.675
 21
19.9
 31
0.0
  0
ARC
  5
349
330
17
100
AcDbEntity
  8
A-DOOR
100
AcDbCircle
 10
46.775
 20
19.9
 30
0.0
 40
0.9000000000000004
100
AcDbArc
 50
0.0
 51
90.0
  0
LINE
  5
34A
330
17
100
AcDbEntity
  8
A-DOOR
100
AcDbLine
 10
36.375
 20
8.3
 30
0.0
 11
35.475
 21
8.3
 31
0.0
  0
ARC
  5
34B
330
17
100
AcDbEntity
  8
A-DOOR
100
AcDbCircle
 10
36.375
 20
8.3
 30
0.0
 40
0.8999999999999999
100
AcDbArc
 50
90.0
 51
180.0
  0
LINE
  5
34C
330
17
100
AcDbEntity
  8
A-DOOR
100
AcDbLine
 10
46.775
 20
8.3
 30
0.0
 11
47.675
 21
8.3
 31
0.0
  0
ARC
  5
34D
330
17
100
AcDbEntity
  8
A-DOOR
100
AcDbCircle
 10
46.775
 20
8.3
 30
0.0
 40
0.9000000000000004
100
AcDbArc
 50
0.0
 51
90.0
  0
LINE
  5
34E
330
17
100
AcDbEntity
  8
A-DOOR
100
AcDbLine
 10
39.325
 20
10.2
 30
0.0
 11
40.125
 21
10.2
 31
0.0
  0
ARC
  5
34F
330
17
100
AcDbEntity
  8
A-DOOR
100
AcDbCircle
 10
39.325
 20
10.2
 30
0.0
 40
0.7999999999999998
100
AcDbArc
 50
0.0
 51
90.0
  0
LINE
  5
350
330
17
100
AcDbEntity
  8
A-DOOR
100
AcDbLine
 10
43.825
 20
10.2
 30
0.0
 11
43.025
 21
10.2
 31
0.0
  0
ARC
  5
351
330
17
100
AcDbEntity
  8
A-DOOR
100
AcDbCircle
 10
43.825
 20
10.2
 30
0.0
 40
0.8000000000000007
100
AcDbArc
 50
90.0
 51
180.0
  0
LINE
  5
352
330
17
100
AcDbEntity
  8
A-DOOR
100
AcDbLine
 10
34.375
 20
6.05
 30
0.0
 11
33.675
 21
6.05
 31
0.0
  0
ARC
  5
353
330
17
100
AcDbEntity
  8
A-DOOR
100
AcDbCircle
 10
34.375
 20
6.05
 30
0.0
 40
0.7
100
AcDbArc
 50
90.0
 51
180.0
  0
LINE
  5
354
330
17
100
AcDbEntity
  8
A-DOOR
100
AcDbLine
 10
48.775
 20
6.05
 30
0.0
 11
49.474999999999994
 21
6.05
 31
0.0
  0
ARC
  5
355
330
17
100
AcDbEntity
  8
A-DOOR
100
AcDbCircle
 10
48.775
 20
6.05
 30
0.0
 40
0.6999999999999993
100
AcDbArc
 50
0.0
 51
90.0
  0
LINE
  5
356
330
17
100
AcDbEntity
  8
A-DOOR
100
AcDbLine
 10
35.7
 20
5.375
 30
0.0
 11
35.7
 21
4.475
 31
0.0
  0
ARC
  5
357
330
17
100
AcDbEntity
  8
A-DOOR
100
AcDbCircle
 10
35.7
 20
5.375
 30
0.0
 40
0.9000000000000004
100
AcDbArc
 50
270.0
 51
0.0
  0
LINE
  5
358
330
17
100
AcDbEntity
  8
A-DOOR
100
AcDbLine
 10
47.45
 20
5.375
 30
0.0
 11
47.45
 21
4.475
 31
0.0
  0
ARC
  5
359
330
17
100
AcDbEntity
  8
A-DOOR
100
AcDbCircle
 10
47.45
 20
5.375
 30
0.0
 40
0.9000000000000004
100
AcDbArc
 50
180.0
 51
270.0
  0
LINE
  5
35A
330
17
100
AcDbEntity
  8
A-DOOR
100
AcDbLine
 10
39.325
 20
5.6
 30
0.0
 11
38.325
 21
5.6
 31
0.0
  0
ARC
  5
35B
330
17
100
AcDbEntity
  8
A-DOOR
100
AcDbCircle
 10
39.325
 20
5.6
 30
0.0
 40
1.0
100
AcDbArc
 50
90.0
 51
180.0
  0
LINE
  5
35C
330
17
100
AcDbEntity
  8
A-DOOR
100
AcDbLine
 10
43.825
 20
5.6
 30
0.0
 11
44.825
 21
5.6
 31
0.0
  0
ARC
  5
35D
330
17
100
AcDbEntity
  8
A-DOOR
100
AcDbCircle
 10
43.825
 20
5.6
 30
0.0
 40
1.0
100
AcDbArc
 50
0.0
 51
90.0
  0
LINE
  5
35E
330
17
100
AcDbEntity
  8
A-DOOR
100
AcDbLine
 10
33.91
 20
12.75
 30
0.0
 11
33.91
 21
14.35
 31
0.0
  0
LINE
  5
35F
330
17
100
AcDbEntity
  8
A-DOOR
100
AcDbLine
 10
33.99
 20
14.15
 30
0.0
 11
33.99
 21
15.75
 31
0.0
  0
LINE
  5
360
330
17
100
AcDbEntity
  8
A-DOOR
100
AcDbLine
 10
49.16
 20
12.75
 30
0.0
 11
49.16
 21
14.35
 31
0.0
  0
LINE
  5
361
330
17
100
AcDbEntity
  8
A-DOOR
100
AcDbLine
 10
49.239999999999995
 20
14.15
 30
0.0
 11
49.239999999999995
 21
15.75
 31
0.0
  0
LWPOLYLINE
  5
362
330
17
100
AcDbEntity
  8
A-GLAZ
100
AcDbPolyline
 90
4
 70
1
 10
32.0
 20
21.35
 10
32.3
 20
21.35
 10
32.3
 20
22.25
 10
32.0
 20
22.25
  0
LINE
  5
363
330
17
100
AcDbEntity
  8
A-GLAZ
100
AcDbLine
 10
32.12
 20
21.35
 30
0.0
 11
32.12
 21
22.25
 31
0.0
  0
LINE
  5
364
330
17
100
AcDbEntity
  8
A-GLAZ
100
AcDbLine
 10
32.18
 20
21.35
 30
0.0
 11
32.18
 21
22.25
 31
0.0
  0
LWPOLYLINE
  5
365
330
17
100
AcDbEntity
  8
A-GLAZ
100
AcDbPolyline
 90
4
 70
1
 10
32.0
 20
18.0
 10
32.3
 20
18.0
 10
32.3
 20
19.8
 10
32.0
 20
19.8
  0
LINE
  5
366
330
17
100
AcDbEntity
  8
A-GLAZ
100
AcDbLine
 10
32.12
 20
18.0
 30
0.0
 11
32.12
 21
19.8
 31
0.0
  0
LINE
  5
367
330
17
100
AcDbEntity
  8
A-GLAZ
100
AcDbLine
 10
32.18
 20
18.0
 30
0.0
 11
32.18
 21
19.8
 31
0.0
  0
LWPOLYLINE
  5
368
330
17
100
AcDbEntity
  8
A-GLAZ
100
AcDbPolyline
 90
4
 70
1
 10
32.0
 20
12.25
 10
32.3
 20
12.25
 10
32.3
 20
16.25
 10
32.0
 20
16.25
  0
LINE
  5
369
330
17
100
AcDbEntity
  8
A-GLAZ
100
AcDbLine
 10
32.12
 20
12.25
 30
0.0
 11
32.12
 21
16.25
 31
0.0
  0
LINE
  5
36A
330
17
100
AcDbEntity
  8
A-GLAZ
100
AcDbLine
 10
32.18
 20
12.25
 30
0.0
 11
32.18
 21
16.25
 31
0.0
  0
LWPOLYLINE
  5
36B
330
17
100
AcDbEntity
  8
A-GLAZ
100
AcDbPolyline
 90
4
 70
1
 10
32.0
 20
8.7
 10
32.3
 20
8.7
 10
32.3
 20
10.5
 10
32.0
 20
10.5
  0
LINE
  5
36C
330
17
100
AcDbEntity
  8
A-GLAZ
100
AcDbLine
 10
32.12
 20
8.7
 30
0.0
 11
32.12
 21
10.5
 31
0.0
  0
LINE
  5
36D
330
17
100
AcDbEntity
  8
A-GLAZ
100
AcDbLine
 10
32.18
 20
8.7
 30
0.0
 11
32.18
 21
10.5
 31
0.0
  0
LWPOLYLINE
  5
36E
330
17
100
AcDbEntity
  8
A-GLAZ
100
AcDbPolyline
 90
4
 70
1
 10
32.0
 20
6.05
 10
32.3
 20
6.05
 10
32.3
 20
6.85
 10
32.0
 20
6.85
  0
LINE
  5
36F
330
17
100
AcDbEntity
  8
A-GLAZ
100
AcDbLine
 10
32.12
 20
6.05
 30
0.0
 11
32.12
 21
6.85
 31
0.0
  0
LINE
  5
370
330
17
100
AcDbEntity
  8
A-GLAZ
100
AcDbLine
 10
32.18
 20
6.05
 30
0.0
 11
32.18
 21
6.85
 31
0.0
  0
LWPOLYLINE
  5
371
330
17
100
AcDbEntity
  8
A-GLAZ
100
AcDbPolyline
 90
4
 70
1
 10
32.0
 20
1.8
 10
32.3
 20
1.8
 10
32.3
 20
3.8
 10
32.0
 20
3.8
  0
LINE
  5
372
330
17
100
AcDbEntity
  8
A-GLAZ
100
AcDbLine
 10
32.12
 20
1.8
 30
0.0
 11
32.12
 21
3.8
 31
0.0
  0
LINE
  5
373
330
17
100
AcDbEntity
  8
A-GLAZ
100
AcDbLine
 10
32.18
 20
1.8
 30
0.0
 11
32.18
 21
3.8
 31
0.0
  0
LWPOLYLINE
  5
374
330
17
100
AcDbEntity
  8
A-GLAZ
100
AcDbPolyline
 90
4
 70
1
 10
33.8
 20
27.7
 10
35.8
 20
27.7
 10
35.8
 20
28.0
 10
33.8
 20
28.0
  0
LINE
  5
375
330
17
100
AcDbEntity
  8
A-GLAZ
100
AcDbLine
 10
33.8
 20
27.82
 30
0.0
 11
35.8
 21
27.82
 31
0.0
  0
LINE
  5
376
330
17
100
AcDbEntity
  8
A-GLAZ
100
AcDbLine
 10
33.8
 20
27.88
 30
0.0
 11
35.8
 21
27.88
 31
0.0
  0
LWPOLYLINE
  5
377
330
17
100
AcDbEntity
  8
A-GLAZ
100
AcDbPolyline
 90
4
 70
1
 10
38.45
 20
27.7
 10
40.45
 20
27.7
 10
40.45
 20
28.0
 10
38.45
 20
28.0
  0
LINE
  5
378
330
17
100
AcDbEntity
  8
A-GLAZ
100
AcDbLine
 10
38.45
 20
27.82
 30
0.0
 11
40.45
 21
27.82
 31
0.0
  0
LINE
  5
379
330
17
100
AcDbEntity
  8
A-GLAZ
100
AcDbLine
 10
38.45
 20
27.88
 30
0.0
 11
40.45
 21
27.88
 31
0.0
  0
LWPOLYLINE
  5
37A
330
17
100
AcDbEntity
  8
A-GLAZ
100
AcDbPolyline
 90
4
 70
1
 10
33.8
 20
0.0
 10
35.8
 20
0.0
 10
35.8
 20
0.3
 10
33.8
 20
0.3
  0
LINE
  5
37B
330
17
100
AcDbEntity
  8
A-GLAZ
100
AcDbLine
 10
33.8
 20
0.12
 30
0.0
 11
35.8
 21
0.12
 31
0.0
  0
LINE
  5
37C
330
17
100
AcDbEntity
  8
A-GLAZ
100
AcDbLine
 10
33.8
 20
0.18
 30
0.0
 11
35.8
 21
0.18
 31
0.0
  0
LWPOLYLINE
  5
37D
330
17
100
AcDbEntity
  8
A-GLAZ
100
AcDbPolyline
 90
4
 70
1
 10
50.849999999999994
 20
21.35
 10
51.15
 20
21.35
 10
51.15
 20
22.25
 10
50.849999999999994
 20
22.25
  0
LINE
  5
37E
330
17
100
AcDbEntity
  8
A-GLAZ
100
AcDbLine
 10
50.97
 20
21.35
 30
0.0
 11
50.97
 21
22.25
 31
0.0
  0
LINE
  5
37F
330
17
100
AcDbEntity
  8
A-GLAZ
100
AcDbLine
 10
51.03
 20
21.35
 30
0.0
 11
51.03
 21
22.25
 31
0.0
  0
LWPOLYLINE
  5
380
330
17
100
AcDbEntity
  8
A-GLAZ
100
AcDbPolyline
 90
4
 70
1
 10
50.849999999999994
 20
18.0
 10
51.15
 20
18.0
 10
51.15
 20
19.8
 10
50.849999999999994
 20
19.8
  0
LINE
  5
381
330
17
100
AcDbEntity
  8
A-GLAZ
100
AcDbLine
 10
50.97
 20
18.0
 30
0.0
 11
50.97
 21
19.8
 31
0.0
  0
LINE
  5
382
330
17
100
AcDbEntity
  8
A-GLAZ
100
AcDbLine
 10
51.03
 20
18.0
 30
0.0
 11
51.03
 21
19.8
 31
0.0
  0
LWPOLYLINE
  5
383
330
17
100
AcDbEntity
  8
A-GLAZ
100
AcDbPolyline
 90
4
 70
1
 10
50.849999999999994
 20
12.25
 10
51.15
 20
12.25
 10
51.15
 20
16.25
 10
50.849999999999994
 20
16.25
  0
LINE
  5
384
330
17
100
AcDbEntity
  8
A-GLAZ
100
AcDbLine
 10
50.97
 20
12.25
 30
0.0
 11
50.97
 21
16.25
 31
0.0
  0
LINE
  5
385
330
17
100
AcDbEntity
  8
A-GLAZ
100
AcDbLine
 10
51.03
 20
12.25
 30
0.0
 11
51.03
 21
16.25
 31
0.0
  0
LWPOLYLINE
  5
386
330
17
100
AcDbEntity
  8
A-GLAZ
100
AcDbPolyline
 90
4
 70
1
 10
50.849999999999994
 20
8.7
 10
51.15
 20
8.7
 10
51.15
 20
10.5
 10
50.849999999999994
 20
10.5
  0
LINE
  5
387
330
17
100
AcDbEntity
  8
A-GLAZ
100
AcDbLine
 10
50.97
 20
8.7
 30
0.0
 11
50.97
 21
10.5
 31
0.0
  0
LINE
  5
388
330
17
100
AcDbEntity
  8
A-GLAZ
100
AcDbLine
 10
51.03
 20
8.7
 30
0.0
 11
51.03
 21
10.5
 31
0.0
  0
LWPOLYLINE
  5
389
330
17
100
AcDbEntity
  8
A-GLAZ
100
AcDbPolyline
 90
4
 70
1
 10
50.849999999999994
 20
6.05
 10
51.15
 20
6.05
 10
51.15
 20
6.85
 10
50.849999999999994
 20
6.85
  0
LINE
  5
38A
330
17
100
AcDbEntity
  8
A-GLAZ
100
AcDbLine
 10
50.97
 20
6.05
 30
0.0
 11
50.97
 21
6.85
 31
0.0
  0
LINE
  5
38B
330
17
100
AcDbEntity
  8
A-GLAZ
100
AcDbLine
 10
51.03
 20
6.05
 30
0.0
 11
51.03
 21
6.85
 31
0.0
  0
LWPOLYLINE
  5
38C
330
17
100
AcDbEntity
  8
A-GLAZ
100
AcDbPolyline
 90
4
 70
1
 10
50.849999999999994
 20
1.8
 10
51.15
 20
1.8
 10
51.15
 20
3.8
 10
50.849999999999994
 20
3.8
  0
LINE
  5
38D
330
17
100
AcDbEntity
  8
A-GLAZ
100
AcDbLine
 10
50.97
 20
1.8
 30
0.0
 11
50.97
 21
3.8
 31
0.0
  0
LINE
  5
38E
330
17
100
AcDbEntity
  8
A-GLAZ
100
AcDbLine
 10
51.03
 20
1.8
 30
0.0
 11
51.03
 21
3.8
 31
0.0
  0
LWPOLYLINE
  5
38F
330
17
100
AcDbEntity
  8
A-GLAZ
100
AcDbPolyline
 90
4
 70
1
 10
47.349999999999994
 20
27.7
 10
49.349999999999994
 20
27.7
 10
49.349999999999994
 20
28.0
 10
47.349999999999994
 20
28.0
  0
LINE
  5
390
330
17
100
AcDbEntity
  8
A-GLAZ
100
AcDbLine
 10
47.349999999999994
 20
27.82
 30
0.0
 11
49.349999999999994
 21
27.82
 31
0.0
  0
LINE
  5
391
330
17
100
AcDbEntity
  8
A-GLAZ
100
AcDbLine
 10
47.349999999999994
 20
27.88
 30
0.0
 11
49.349999999999994
 21
27.88
 31
0.0
  0
LWPOLYLINE
  5
392
330
17
100
AcDbEntity
  8
A-GLAZ
100
AcDbPolyline
 90
4
 70
1
 10
42.7
 20
27.7
 10
44.7
 20
27.7
 10
44.7
 20
28.0
 10
42.7
 20
28.0
  0
LINE
  5
393
330
17
100
AcDbEntity
  8
A-GLAZ
100
AcDbLine
 10
42.7
 20
27.82
 30
0.0
 11
44.7
 21
27.82
 31
0.0
  0
LINE
  5
394
330
17
100
AcDbEntity
  8
A-GLAZ
100
AcDbLine
 10
42.7
 20
27.88
 30
0.0
 11
44.7
 21
27.88
 31
0.0
  0
LWPOLYLINE
  5
395
330
17
100
AcDbEntity
  8
A-GLAZ
100
AcDbPolyline
 90
4
 70
1
 10
47.349999999999994
 20
0.0
 10
49.349999999999994
 20
0.0
 10
49.349999999999994
 20
0.3
 10
47.349999999999994
 20
0.3
  0
LINE
  5
396
330
17
100
AcDbEntity
  8
A-GLAZ
100
AcDbLine
 10
47.349999999999994
 20
0.12
 30
0.0
 11
49.349999999999994
 21
0.12
 31
0.0
  0
LINE
  5
397
330
17
100
AcDbEntity
  8
A-GLAZ
100
AcDbLine
 10
47.349999999999994
 20
0.18
 30
0.0
 11
49.349999999999994
 21
0.18
 31
0.0
  0
LWPOLYLINE
  5
398
330
17
100
AcDbEntity
  8
A-GLAZ
100
AcDbPolyline
 90
4
 70
1
 10
40.575
 20
0.0
 10
42.575
 20
0.0
 10
42.575
 20
0.3
 10
40.575
 20
0.3
  0
LINE
  5
399
330
17
100
AcDbEntity
  8
A-GLAZ
100
AcDbLine
 10
40.575
 20
0.12
 30
0.0
 11
42.575
 21
0.12
 31
0.0
  0
LINE
  5
39A
330
17
100
AcDbEntity
  8
A-GLAZ
100
AcDbLine
 10
40.575
 20
0.18
 30
0.0
 11
42.575
 21
0.18
 31
0.0
  0
LWPOLYLINE
  5
39B
330
17
100
AcDbEntity
  8
A-FLOR-STRS
100
AcDbPolyline
 90
4
 70
1
 10
40.425
 20
5.5299999999999985
 10
41.525
 20
5.5299999999999985
 10
41.525
 20
8.049999999999999
 10
40.425
 20
8.049999999999999
  0
LINE
  5
39C
330
17
100
AcDbEntity
  8
A-FLOR-STRS
100
AcDbLine
 10
40.425
 20
5.5299999999999985
 30
0.0
 11
41.525
 21
5.5299999999999985
 31
0.0
  0
LINE
  5
39D
330
17
100
AcDbEntity
  8
A-FLOR-STRS
100
AcDbLine
 10
40.425
 20
5.809999999999999
 30
0.0
 11
41.525
 21
5.809999999999999
 31
0.0
  0
LINE
  5
39E
330
17
100
AcDbEntity
  8
A-FLOR-STRS
100
AcDbLine
 10
40.425
 20
6.089999999999998
 30
0.0
 11
41.525
 21
6.089999999999998
 31
0.0
  0
LINE
  5
39F
330
17
100
AcDbEntity
  8
A-FLOR-STRS
100
AcDbLine
 10
40.425
 20
6.369999999999998
 30
0.0
 11
41.525
 21
6.369999999999998
 31
0.0
  0
LINE
  5
3A0
330
17
100
AcDbEntity
  8
A-FLOR-STRS
100
AcDbLine
 10
40.425
 20
6.649999999999999
 30
0.0
 11
41.525
 21
6.649999999999999
 31
0.0
  0
LINE
  5
3A1
330
17
100
AcDbEntity
  8
A-FLOR-STRS
100
AcDbLine
 10
40.425
 20
6.929999999999999
 30
0.0
 11
41.525
 21
6.929999999999999
 31
0.0
  0
LINE
  5
3A2
330
17
100
AcDbEntity
  8
A-FLOR-STRS
100
AcDbLine
 10
40.425
 20
7.209999999999999
 30
0.0
 11
41.525
 21
7.209999999999999
 31
0.0
  0
LINE
  5
3A3
330
17
100
AcDbEntity
  8
A-FLOR-STRS
100
AcDbLine
 10
40.425
 20
7.489999999999998
 30
0.0
 11
41.525
 21
7.489999999999998
 31
0.0
  0
LINE
  5
3A4
330
17
100
AcDbEntity
  8
A-FLOR-STRS
100
AcDbLine
 10
40.425
 20
7.769999999999999
 30
0.0
 11
41.525
 21
7.769999999999999
 31
0.0
  0
LINE
  5
3A5
330
17
100
AcDbEntity
  8
A-FLOR-STRS
100
AcDbLine
 10
40.425
 20
8.049999999999999
 30
0.0
 11
41.525
 21
8.049999999999999
 31
0.0
  0
LWPOLYLINE
  5
3A6
330
17
100
AcDbEntity
  8
A-FLOR-STRS
100
AcDbPolyline
 90
4
 70
1
 10
41.625
 20
5.5299999999999985
 10
42.725
 20
5.5299999999999985
 10
42.725
 20
8.049999999999999
 10
41.625
 20
8.049999999999999
  0
LINE
  5
3A7
330
17
100
AcDbEntity
  8
A-FLOR-STRS
100
AcDbLine
 10
41.625
 20
5.5299999999999985
 30
0.0
 11
42.725
 21
5.5299999999999985
 31
0.0
  0
LINE
  5
3A8
330
17
100
AcDbEntity
  8
A-FLOR-STRS
100
AcDbLine
 10
41.625
 20
5.809999999999999
 30
0.0
 11
42.725
 21
5.809999999999999
 31
0.0
  0
LINE
  5
3A9
330
17
100
AcDbEntity
  8
A-FLOR-STRS
100
AcDbLine
 10
41.625
 20
6.089999999999998
 30
0.0
 11
42.725
 21
6.089999999999998
 31
0.0
  0
LINE
  5
3AA
330
17
100
AcDbEntity
  8
A-FLOR-STRS
100
AcDbLine
 10
41.625
 20
6.369999999999998
 30
0.0
 11
42.725
 21
6.369999999999998
 31
0.0
  0
LINE
  5
3AB
330
17
100
AcDbEntity
  8
A-FLOR-STRS
100
AcDbLine
 10
41.625
 20
6.649999999999999
 30
0.0
 11
42.725
 21
6.649999999999999
 31
0.0
  0
LINE
  5
3AC
330
17
100
AcDbEntity
  8
A-FLOR-STRS
100
AcDbLine
 10
41.625
 20
6.929999999999999
 30
0.0
 11
42.725
 21
6.929999999999999
 31
0.0
  0
LINE
  5
3AD
330
17
100
AcDbEntity
  8
A-FLOR-STRS
100
AcDbLine
 10
41.625
 20
7.209999999999999
 30
0.0
 11
42.725
 21
7.209999999999999
 31
0.0
  0
LINE
  5
3AE
330
17
100
AcDbEntity
  8
A-FLOR-STRS
100
AcDbLine
 10
41.625
 20
7.489999999999998
 30
0.0
 11
42.725
 21
7.489999999999998
 31
0.0
  0
LINE
  5
3AF
330
17
100
AcDbEntity
  8
A-FLOR-STRS
100
AcDbLine
 10
41.625
 20
7.769999999999999
 30
0.0
 11
42.725
 21
7.769999999999999
 31
0.0
  0
LINE
  5
3B0
330
17
100
AcDbEntity
  8
A-FLOR-STRS
100
AcDbLine
 10
41.625
 20
8.049999999999999
 30
0.0
 11
42.725
 21
8.049999999999999
 31
0.0
  0
LWPOLYLINE
  5
3B1
330
17
100
AcDbEntity
  8
A-FLOR-STRS
100
AcDbPolyline
 90
4
 70
1
 10
41.525
 20
5.5299999999999985
 10
41.625
 20
5.5299999999999985
 10
41.625
 20
8.049999999999999
 10
41.525
 20
8.049999999999999
  0
LINE
  5
3B2
330
17
100
AcDbEntity
  8
A-FLOR-STRS
100
AcDbLine
 10
40.425
 20
8.049999999999999
 30
0.0
 11
42.725
 21
8.049999999999999
 31
0.0
  0
LINE
  5
3B3
330
17
100
AcDbEntity
  8
A-FLOR-STRS
100
AcDbLine
 10
40.974999999999994
 20
5.679999999999999
 30
0.0
 11
40.974999999999994
 21
7.849999999999999
 31
0.0
  0
LWPOLYLINE
  5
3B4
330
17
100
AcDbEntity
  8
A-FLOR-STRS
100
AcDbPolyline
 90
3
 70
0
 10
40.855
 20
7.599999999999999
 10
40.974999999999994
 20
7.849999999999999
 10
41.095
 20
7.599999999999999
  0
TEXT
  5
3B5
330
17
100
AcDbEntity
  8
A-ANNO-TEXT
100
AcDbText
 10
40.974999999999994
 20
5.2799999999999985
 30
0.0
 40
0.18
  1
UP
  7
OpenSans
 72
1
 11
40.974999999999994
 21
5.2799999999999985
 31
0.0
100
AcDbText
 73
2
  0
LINE
  5
3B6
330
17
100
AcDbEntity
  8
A-FLOR-STRS
100
AcDbLine
 10
42.175
 20
5.679999999999999
 30
0.0
 11
42.175
 21
7.849999999999999
 31
0.0
  0
LWPOLYLINE
  5
3B7
330
17
100
AcDbEntity
  8
A-FLOR-STRS
100
AcDbPolyline
 90
3
 70
0
 10
42.055
 20
7.599999999999999
 10
42.175
 20
7.849999999999999
 10
42.295
 20
7.599999999999999
  0
TEXT
  5
3B8
330
17
100
AcDbEntity
  8
A-ANNO-TEXT
100
AcDbText
 10
42.175
 20
5.2799999999999985
 30
0.0
 40
0.18
  1
DN
  7
OpenSans
 72
1
 11
42.175
 21
5.2799999999999985
 31
0.0
100
AcDbText
 73
2
  0
LINE
  5
3B9
330
17
100
AcDbEntity
  8
A-FLOR-STRS
100
AcDbLine
 10
40.425
 20
7.0
 30
0.0
 11
42.725
 21
7.4
 31
0.0
  0
TEXT
  5
3BA
330
17
100
AcDbEntity
  8
A-ANNO-TEXT
100
AcDbText
 10
41.575
 20
8.7
 30
0.0
 40
0.16
  1
LANDING
  7
OpenSans
 72
1
 11
41.575
 21
8.7
 31
0.0
100
AcDbText
 73
2
  0
TEXT
  5
3BB
330
17
100
AcDbEntity
  8
A-ANNO-TEXT
100
AcDbText
 10
41.575
 20
3.2
 30
0.0
 40
0.22
  1
STAIR LOBBY
  7
OpenSans
 72
1
 11
41.575
 21
3.2
 31
0.0
100
AcDbText
 73
2
  0
TEXT
  5
3BC
330
17
100
AcDbEntity
  8
A-ANNO-TEXT
100
AcDbText
 10
34.8
 20
24.252
 30
0.0
 40
0.28
  1
MASTER BED R.
  7
OpenSans
 72
1
 11
34.8
 21
24.252
 31
0.0
100
AcDbText
 73
2
  0
TEXT
  5
3BD
330
17
100
AcDbEntity
  8
A-ANNO-TEXT
100
AcDbText
 10
34.8
 20
23.888
 30
0.0
 40
0.22400000000000003
  1
5.00 x 5.00
  7
OpenSans
 72
1
 11
34.8
 21
23.888
 31
0.0
100
AcDbText
 73
2
  0
TEXT
  5
3BE
330
17
100
AcDbEntity
  8
A-ANNO-TEXT
100
AcDbText
 10
48.349999999999994
 20
24.252
 30
0.0
 40
0.28
  1
MASTER BED R.
  7
OpenSans
 72
1
 11
48.349999999999994
 21
24.252
 31
0.0
100
AcDbText
 73
2
  0
TEXT
  5
3BF
330
17
100
AcDbEntity
  8
A-ANNO-TEXT
100
AcDbText
 10
48.349999999999994
 20
23.888
 30
0.0
 40
0.22400000000000003
  1
5.00 x 5.00
  7
OpenSans
 72
1
 11
48.349999999999994
 21
23.888
 31
0.0
100
AcDbText
 73
2
  0
TEXT
  5
3C0
330
17
100
AcDbEntity
  8
A-ANNO-TEXT
100
AcDbText
 10
33.55
 20
21.953
 30
0.0
 40
0.17
  1
MASTER BATH
  7
OpenSans
 72
1
 11
33.55
 21
21.953
 31
0.0
100
AcDbText
 73
2
  0
TEXT
  5
3C1
330
17
100
AcDbEntity
  8
A-ANNO-TEXT
100
AcDbText
 10
33.55
 20
21.732
 30
0.0
 40
0.136
  1
2.50 x 1.50
  7
OpenSans
 72
1
 11
33.55
 21
21.732
 31
0.0
100
AcDbText
 73
2
  0
TEXT
  5
3C2
330
17
100
AcDbEntity
  8
A-ANNO-TEXT
100
AcDbText
 10
49.599999999999994
 20
21.953
 30
0.0
 40
0.17
  1
MASTER BATH
  7
OpenSans
 72
1
 11
49.599999999999994
 21
21.953
 31
0.0
100
AcDbText
 73
2
  0
TEXT
  5
3C3
330
17
100
AcDbEntity
  8
A-ANNO-TEXT
100
AcDbText
 10
49.599999999999994
 20
21.732
 30
0.0
 40
0.136
  1
2.50 x 1.50
  7
OpenSans
 72
1
 11
49.599999999999994
 21
21.732
 31
0.0
100
AcDbText
 73
2
  0
TEXT
  5
3C4
330
17
100
AcDbEntity
  8
A-ANNO-TEXT
100
AcDbText
 10
36.125
 20
21.953
 30
0.0
 40
0.17
  1
LOBBY
  7
OpenSans
 72
1
 11
36.125
 21
21.953
 31
0.0
100
AcDbText
 73
2
  0
TEXT
  5
3C5
330
17
100
AcDbEntity
  8
A-ANNO-TEXT
100
AcDbText
 10
36.125
 20
21.732
 30
0.0
 40
0.136
  1
2.35 x 1.50
  7
OpenSans
 72
1
 11
36.125
 21
21.732
 31
0.0
100
AcDbText
 73
2
  0
TEXT
  5
3C6
330
17
100
AcDbEntity
  8
A-ANNO-TEXT
100
AcDbText
 10
47.025
 20
21.953
 30
0.0
 40
0.17
  1
LOBBY
  7
OpenSans
 72
1
 11
47.025
 21
21.953
 31
0.0
100
AcDbText
 73
2
  0
TEXT
  5
3C7
330
17
100
AcDbEntity
  8
A-ANNO-TEXT
100
AcDbText
 10
47.025
 20
21.732
 30
0.0
 40
0.136
  1
2.35 x 1.50
  7
OpenSans
 72
1
 11
47.025
 21
21.732
 31
0.0
100
AcDbText
 73
2
  0
TEXT
  5
3C8
330
17
100
AcDbEntity
  8
A-ANNO-TEXT
100
AcDbText
 10
35.2
 20
19.151999999999997
 30
0.0
 40
0.28
  1
BED R.
  7
OpenSans
 72
1
 11
35.2
 21
19.151999999999997
 31
0.0
100
AcDbText
 73
2
  0
TEXT
  5
3C9
330
17
100
AcDbEntity
  8
A-ANNO-TEXT
100
AcDbText
 10
35.2
 20
18.788
 30
0.0
 40
0.22400000000000003
  1
4.00 x 4.00
  7
OpenSans
 72
1
 11
35.2
 21
18.788
 31
0.0
100
AcDbText
 73
2
  0
TEXT
  5
3CA
330
17
100
AcDbEntity
  8
A-ANNO-TEXT
100
AcDbText
 10
47.95
 20
19.151999999999997
 30
0.0
 40
0.28
  1
BED R.
  7
OpenSans
 72
1
 11
47.95
 21
19.151999999999997
 31
0.0
100
AcDbText
 73
2
  0
TEXT
  5
3CB
330
17
100
AcDbEntity
  8
A-ANNO-TEXT
100
AcDbText
 10
47.95
 20
18.788
 30
0.0
 40
0.22400000000000003
  1
4.00 x 4.00
  7
OpenSans
 72
1
 11
47.95
 21
18.788
 31
0.0
100
AcDbText
 73
2
  0
TEXT
  5
3CC
330
17
100
AcDbEntity
  8
A-ANNO-TEXT
100
AcDbText
 10
39.45
 20
25.052
 30
0.0
 40
0.28
  1
BED R.
  7
OpenSans
 72
1
 11
39.45
 21
25.052
 31
0.0
100
AcDbText
 73
2
  0
TEXT
  5
3CD
330
17
100
AcDbEntity
  8
A-ANNO-TEXT
100
AcDbText
 10
39.45
 20
24.688000000000002
 30
0.0
 40
0.22400000000000003
  1
4.00 x 4.00
  7
OpenSans
 72
1
 11
39.45
 21
24.688000000000002
 31
0.0
100
AcDbText
 73
2
  0
TEXT
  5
3CE
330
17
100
AcDbEntity
  8
A-ANNO-TEXT
100
AcDbText
 10
43.7
 20
25.052
 30
0.0
 40
0.28
  1
BED R.
  7
OpenSans
 72
1
 11
43.7
 21
25.052
 31
0.0
100
AcDbText
 73
2
  0
TEXT
  5
3CF
330
17
100
AcDbEntity
  8
A-ANNO-TEXT
100
AcDbText
 10
43.7
 20
24.688000000000002
 30
0.0
 40
0.22400000000000003
  1
4.00 x 4.00
  7
OpenSans
 72
1
 11
43.7
 21
24.688000000000002
 31
0.0
100
AcDbText
 73
2
  0
TEXT
  5
3D0
330
17
100
AcDbEntity
  8
A-ANNO-TEXT
100
AcDbText
 10
38.325
 20
20.378
 30
0.0
 40
0.17
  1
CORRIDOR
  7
OpenSans
 72
1
 11
38.325
 21
20.378
 31
0.0
100
AcDbText
 73
2
  0
TEXT
  5
3D1
330
17
100
AcDbEntity
  8
A-ANNO-TEXT
100
AcDbText
 10
44.825
 20
20.378
 30
0.0
 40
0.17
  1
CORRIDOR
  7
OpenSans
 72
1
 11
44.825
 21
20.378
 31
0.0
100
AcDbText
 73
2
  0
TEXT
  5
3D2
330
17
100
AcDbEntity
  8
A-ANNO-TEXT
100
AcDbText
 10
40.45
 20
22.703
 30
0.0
 40
0.17
  1
BATH
  7
OpenSans
 72
1
 11
40.45
 21
22.703
 31
0.0
100
AcDbText
 73
2
  0
TEXT
  5
3D3
330
17
100
AcDbEntity
  8
A-ANNO-TEXT
100
AcDbText
 10
40.45
 20
22.482
 30
0.0
 40
0.136
  1
2.00 x 2.00
  7
OpenSans
 72
1
 11
40.45
 21
22.482
 31
0.0
100
AcDbText
 73
2
  0
TEXT
  5
3D4
330
17
100
AcDbEntity
  8
A-ANNO-TEXT
100
AcDbText
 10
42.7
 20
22.703
 30
0.0
 40
0.17
  1
BATH
  7
OpenSans
 72
1
 11
42.7
 21
22.703
 31
0.0
100
AcDbText
 73
2
  0
TEXT
  5
3D5
330
17
100
AcDbEntity
  8
A-ANNO-TEXT
100
AcDbText
 10
42.7
 20
22.482
 30
0.0
 40
0.136
  1
2.00 x 2.00
  7
OpenSans
 72
1
 11
42.7
 21
22.482
 31
0.0
100
AcDbText
 73
2
  0
TEXT
  5
3D6
330
17
100
AcDbEntity
  8
A-ANNO-TEXT
100
AcDbText
 10
40.45
 20
20.552999999999997
 30
0.0
 40
0.17
  1
MAID R.
  7
OpenSans
 72
1
 11
40.45
 21
20.552999999999997
 31
0.0
100
AcDbText
 73
2
  0
TEXT
  5
3D7
330
17
100
AcDbEntity
  8
A-ANNO-TEXT
100
AcDbText
 10
40.45
 20
20.331999999999997
 30
0.0
 40
0.136
  1
2.00 x 2.00
  7
OpenSans
 72
1
 11
40.45
 21
20.331999999999997
 31
0.0
100
AcDbText
 73
2
  0
TEXT
  5
3D8
330
17
100
AcDbEntity
  8
A-ANNO-TEXT
100
AcDbText
 10
42.7
 20
20.552999999999997
 30
0.0
 40
0.17
  1
MAID R.
  7
OpenSans
 72
1
 11
42.7
 21
20.552999999999997
 31
0.0
100
AcDbText
 73
2
  0
TEXT
  5
3D9
330
17
100
AcDbEntity
  8
A-ANNO-TEXT
100
AcDbText
 10
42.7
 20
20.331999999999997
 30
0.0
 40
0.136
  1
2.00 x 2.00
  7
OpenSans
 72
1
 11
42.7
 21
20.331999999999997
 31
0.0
100
AcDbText
 73
2
  0
TEXT
  5
3DA
330
17
100
AcDbEntity
  8
A-ANNO-TEXT
100
AcDbText
 10
33.05
 20
14.403
 30
0.0
 40
0.17
  1
BALCONY
  7
OpenSans
 72
1
 11
33.05
 21
14.403
 31
0.0
100
AcDbText
 73
2
  0
TEXT
  5
3DB
330
17
100
AcDbEntity
  8
A-ANNO-TEXT
100
AcDbText
 10
33.05
 20
14.182
 30
0.0
 40
0.136
  1
1.50 x 5.00
  7
OpenSans
 72
1
 11
33.05
 21
14.182
 31
0.0
100
AcDbText
 73
2
  0
TEXT
  5
3DC
330
17
100
AcDbEntity
  8
A-ANNO-TEXT
100
AcDbText
 10
50.099999999999994
 20
14.403
 30
0.0
 40
0.17
  1
BALCONY
  7
OpenSans
 72
1
 11
50.099999999999994
 21
14.403
 31
0.0
100
AcDbText
 73
2
  0
TEXT
  5
3DD
330
17
100
AcDbEntity
  8
A-ANNO-TEXT
100
AcDbText
 10
50.099999999999994
 20
14.182
 30
0.0
 40
0.136
  1
1.50 x 5.00
  7
OpenSans
 72
1
 11
50.099999999999994
 21
14.182
 31
0.0
100
AcDbText
 73
2
  0
TEXT
  5
3DE
330
17
100
AcDbEntity
  8
A-ANNO-TEXT
100
AcDbText
 10
37.2
 20
14.402000000000001
 30
0.0
 40
0.28
  1
LIVING ROOM
  7
OpenSans
 72
1
 11
37.2
 21
14.402000000000001
 31
0.0
100
AcDbText
 73
2
  0
TEXT
  5
3DF
330
17
100
AcDbEntity
  8
A-ANNO-TEXT
100
AcDbText
 10
37.2
 20
14.038
 30
0.0
 40
0.22400000000000003
  1
5.00 x 5.00
  7
OpenSans
 72
1
 11
37.2
 21
14.038
 31
0.0
100
AcDbText
 73
2
  0
TEXT
  5
3E0
330
17
100
AcDbEntity
  8
A-ANNO-TEXT
100
AcDbText
 10
45.95
 20
14.402000000000001
 30
0.0
 40
0.28
  1
LIVING ROOM
  7
OpenSans
 72
1
 11
45.95
 21
14.402000000000001
 31
0.0
100
AcDbText
 73
2
  0
TEXT
  5
3E1
330
17
100
AcDbEntity
  8
A-ANNO-TEXT
100
AcDbText
 10
45.95
 20
14.038
 30
0.0
 40
0.22400000000000003
  1
5.00 x 5.00
  7
OpenSans
 72
1
 11
45.95
 21
14.038
 31
0.0
100
AcDbText
 73
2
  0
TEXT
  5
3E2
330
17
100
AcDbEntity
  8
A-ANNO-TEXT
100
AcDbText
 10
40.35
 20
14.403
 30
0.0
 40
0.17
  1
DINING
  7
OpenSans
 72
1
 11
40.35
 21
14.403
 31
0.0
100
AcDbText
 73
2
  0
TEXT
  5
3E3
330
17
100
AcDbEntity
  8
A-ANNO-TEXT
100
AcDbText
 10
40.35
 20
14.182
 30
0.0
 40
0.136
  1
2.20 x 5.00
  7
OpenSans
 72
1
 11
40.35
 21
14.182
 31
0.0
100
AcDbText
 73
2
  0
TEXT
  5
3E4
330
17
100
AcDbEntity
  8
A-ANNO-TEXT
100
AcDbText
 10
42.8
 20
14.403
 30
0.0
 40
0.17
  1
DINING
  7
OpenSans
 72
1
 11
42.8
 21
14.403
 31
0.0
100
AcDbText
 73
2
  0
TEXT
  5
3E5
330
17
100
AcDbEntity
  8
A-ANNO-TEXT
100
AcDbText
 10
42.8
 20
14.182
 30
0.0
 40
0.136
  1
2.20 x 5.00
  7
OpenSans
 72
1
 11
42.8
 21
14.182
 31
0.0
100
AcDbText
 73
2
  0
TEXT
  5
3E6
330
17
100
AcDbEntity
  8
A-ANNO-TEXT
100
AcDbText
 10
34.6
 20
10.052
 30
0.0
 40
0.28
  1
KITCHEN
  7
OpenSans
 72
1
 11
34.6
 21
10.052
 31
0.0
100
AcDbText
 73
2
  0
TEXT
  5
3E7
330
17
100
AcDbEntity
  8
A-ANNO-TEXT
100
AcDbText
 10
34.6
 20
9.687999999999999
 30
0.0
 40
0.22400000000000003
  1
4.00 x 4.00
  7
OpenSans
 72
1
 11
34.6
 21
9.687999999999999
 31
0.0
100
AcDbText
 73
2
  0
TEXT
  5
3E8
330
17
100
AcDbEntity
  8
A-ANNO-TEXT
100
AcDbText
 10
48.55
 20
10.052
 30
0.0
 40
0.28
  1
KITCHEN
  7
OpenSans
 72
1
 11
48.55
 21
10.052
 31
0.0
100
AcDbText
 73
2
  0
TEXT
  5
3E9
330
17
100
AcDbEntity
  8
A-ANNO-TEXT
100
AcDbText
 10
48.55
 20
9.687999999999999
 30
0.0
 40
0.22400000000000003
  1
4.00 x 4.00
  7
OpenSans
 72
1
 11
48.55
 21
9.687999999999999
 31
0.0
100
AcDbText
 73
2
  0
TEXT
  5
3EA
330
17
100
AcDbEntity
  8
A-ANNO-TEXT
100
AcDbText
 10
37.825
 20
9.852
 30
0.0
 40
0.28
  1
HALL
  7
OpenSans
 72
1
 11
37.825
 21
9.852
 31
0.0
100
AcDbText
 73
2
  0
TEXT
  5
3EB
330
17
100
AcDbEntity
  8
A-ANNO-TEXT
100
AcDbText
 10
45.325
 20
9.852
 30
0.0
 40
0.28
  1
HALL
  7
OpenSans
 72
1
 11
45.325
 21
9.852
 31
0.0
100
AcDbText
 73
2
  0
TEXT
  5
3EC
330
17
100
AcDbEntity
  8
A-ANNO-TEXT
100
AcDbText
 10
40.45
 20
10.753
 30
0.0
 40
0.17
  1
BATH
  7
OpenSans
 72
1
 11
40.45
 21
10.753
 31
0.0
100
AcDbText
 73
2
  0
TEXT
  5
3ED
330
17
100
AcDbEntity
  8
A-ANNO-TEXT
100
AcDbText
 10
40.45
 20
10.532
 30
0.0
 40
0.136
  1
2.00 x 2.00
  7
OpenSans
 72
1
 11
40.45
 21
10.532
 31
0.0
100
AcDbText
 73
2
  0
TEXT
  5
3EE
330
17
100
AcDbEntity
  8
A-ANNO-TEXT
100
AcDbText
 10
42.7
 20
10.753
 30
0.0
 40
0.17
  1
BATH
  7
OpenSans
 72
1
 11
42.7
 21
10.753
 31
0.0
100
AcDbText
 73
2
  0
TEXT
  5
3EF
330
17
100
AcDbEntity
  8
A-ANNO-TEXT
100
AcDbText
 10
42.7
 20
10.532
 30
0.0
 40
0.136
  1
2.00 x 2.00
  7
OpenSans
 72
1
 11
42.7
 21
10.532
 31
0.0
100
AcDbText
 73
2
  0
TEXT
  5
3F0
330
17
100
AcDbEntity
  8
A-ANNO-TEXT
100
AcDbText
 10
33.3
 20
6.603
 30
0.0
 40
0.17
  1
BATH
  7
OpenSans
 72
1
 11
33.3
 21
6.603
 31
0.0
100
AcDbText
 73
2
  0
TEXT
  5
3F1
330
17
100
AcDbEntity
  8
A-ANNO-TEXT
100
AcDbText
 10
33.3
 20
6.382000000000001
 30
0.0
 40
0.136
  1
2.00 x 2.00
  7
OpenSans
 72
1
 11
33.3
 21
6.382000000000001
 31
0.0
100
AcDbText
 73
2
  0
TEXT
  5
3F2
330
17
100
AcDbEntity
  8
A-ANNO-TEXT
100
AcDbText
 10
49.849999999999994
 20
6.603
 30
0.0
 40
0.17
  1
BATH
  7
OpenSans
 72
1
 11
49.849999999999994
 21
6.603
 31
0.0
100
AcDbText
 73
2
  0
TEXT
  5
3F3
330
17
100
AcDbEntity
  8
A-ANNO-TEXT
100
AcDbText
 10
49.849999999999994
 20
6.382000000000001
 30
0.0
 40
0.136
  1
2.00 x 2.00
  7
OpenSans
 72
1
 11
49.849999999999994
 21
6.382000000000001
 31
0.0
100
AcDbText
 73
2
  0
TEXT
  5
3F4
330
17
100
AcDbEntity
  8
A-ANNO-TEXT
100
AcDbText
 10
36.825
 20
6.603
 30
0.0
 40
0.17
  1
ENTRANCE
  7
OpenSans
 72
1
 11
36.825
 21
6.603
 31
0.0
100
AcDbText
 73
2
  0
TEXT
  5
3F5
330
17
100
AcDbEntity
  8
A-ANNO-TEXT
100
AcDbText
 10
46.325
 20
6.603
 30
0.0
 40
0.17
  1
ENTRANCE
  7
OpenSans
 72
1
 11
46.325
 21
6.603
 31
0.0
100
AcDbText
 73
2
  0
TEXT
  5
3F6
330
17
100
AcDbEntity
  8
A-ANNO-TEXT
100
AcDbText
 10
35.75
 20
2.652
 30
0.0
 40
0.28
  1
GUEST ROOM
  7
OpenSans
 72
1
 11
35.75
 21
2.652
 31
0.0
100
AcDbText
 73
2
  0
TEXT
  5
3F7
330
17
100
AcDbEntity
  8
A-ANNO-TEXT
100
AcDbText
 10
35.75
 20
2.288
 30
0.0
 40
0.22400000000000003
  1
6.90 x 5.00
  7
OpenSans
 72
1
 11
35.75
 21
2.288
 31
0.0
100
AcDbText
 73
2
  0
TEXT
  5
3F8
330
17
100
AcDbEntity
  8
A-ANNO-TEXT
100
AcDbText
 10
47.4
 20
2.652
 30
0.0
 40
0.28
  1
GUEST ROOM
  7
OpenSans
 72
1
 11
47.4
 21
2.652
 31
0.0
100
AcDbText
 73
2
  0
TEXT
  5
3F9
330
17
100
AcDbEntity
  8
A-ANNO-TEXT
100
AcDbText
 10
47.4
 20
2.288
 30
0.0
 40
0.22400000000000003
  1
6.90 x 5.00
  7
OpenSans
 72
1
 11
47.4
 21
2.288
 31
0.0
100
AcDbText
 73
2
  0
LINE
  5
3FA
330
17
100
AcDbEntity
  8
A-ANNO-SYMB
  6
CENTER2
100
AcDbLine
 10
41.0
 20
-1.6
 30
0.0
 11
41.0
 21
29.6
 31
0.0
  0
LWPOLYLINE
  5
3FB
330
17
100
AcDbEntity
  8
A-ANNO-SYMB
100
AcDbPolyline
 90
2
 70
0
 10
41.0
 20
-1.6
 10
41.9
 20
-1.6
  0
LWPOLYLINE
  5
3FC
330
17
100
AcDbEntity
  8
A-ANNO-SYMB
100
AcDbPolyline
 90
3
 70
1
 10
41.9
 20
-1.6
 10
41.6
 20
-1.4500000000000002
 10
41.6
 20
-1.75
  0
TEXT
  5
3FD
330
17
100
AcDbEntity
  8
A-ANNO-SYMB
100
AcDbText
 10
40.65
 20
-1.6
 30
0.0
 40
0.35
  1
A
  7
OpenSans
 72
1
 11
40.65
 21
-1.6
 31
0.0
100
AcDbText
 73
2
  0
LWPOLYLINE
  5
3FE
330
17
100
AcDbEntity
  8
A-ANNO-SYMB
100
AcDbPolyline
 90
2
 70
0
 10
41.0
 20
29.6
 10
41.9
 20
29.6
  0
LWPOLYLINE
  5
3FF
330
17
100
AcDbEntity
  8
A-ANNO-SYMB
100
AcDbPolyline
 90
3
 70
1
 10
41.9
 20
29.6
 10
41.6
 20
29.75
 10
41.6
 20
29.450000000000003
  0
TEXT
  5
400
330
17
100
AcDbEntity
  8
A-ANNO-SYMB
100
AcDbText
 10
40.65
 20
29.6
 30
0.0
 40
0.35
  1
A
  7
OpenSans
 72
1
 11
40.65
 21
29.6
 31
0.0
100
AcDbText
 73
2
  0
DIMENSION
  5
401
330
17
100
AcDbEntity
  8
A-ANNO-DIMS
100
AcDbDimension
280
0
  2
*D25
  3
EZDXF
 10
32.0
 20
-2.2
 30
0.0
 11
32.15
 21
-1.6350000000000002
 31
0.0
 70
32
 71
5
  1
<>
100
AcDbAlignedDimension
 13
32.0
 23
0.0
 33
0.0
 14
32.3
 24
0.0
 34
0.0
 50
0.0
100
AcDbRotatedDimension
1001
ACAD
1000
DSTYLE
1002
{
1070
140
1040
0.18
1070
41
1040
0.12
1070
42
1040
0.08
1070
271
1070
2
1070
78
1070
0
1070
144
1040
1.0
1070
77
1070
1
1070
73
1070
0
1070
74
1070
0
1002
}
  0
DIMENSION
  5
410
330
17
100
AcDbEntity
  8
A-ANNO-DIMS
100
AcDbDimension
280
0
  2
*D26
  3
EZDXF
 10
32.3
 20
-2.2
 30
0.0
 11
35.75
 21
-2.0100000000000002
 31
0.0
 70
32
 71
5
  1
<>
100
AcDbAlignedDimension
 13
32.3
 23
0.0
 33
0.0
 14
39.2
 24
0.0
 34
0.0
 50
0.0
100
AcDbRotatedDimension
1001
ACAD
1000
DSTYLE
1002
{
1070
140
1040
0.18
1070
41
1040
0.12
1070
42
1040
0.08
1070
271
1070
2
1070
78
1070
0
1070
144
1040
1.0
1070
77
1070
1
1070
73
1070
0
1070
74
1070
0
1002
}
  0
DIMENSION
  5
41F
330
17
100
AcDbEntity
  8
A-ANNO-DIMS
100
AcDbDimension
280
0
  2
*D27
  3
EZDXF
 10
39.2
 20
-2.2
 30
0.0
 11
39.325
 21
-1.6350000000000002
 31
0.0
 70
32
 71
5
  1
<>
100
AcDbAlignedDimension
 13
39.2
 23
0.0
 33
0.0
 14
39.45
 24
0.0
 34
0.0
 50
0.0
100
AcDbRotatedDimension
1001
ACAD
1000
DSTYLE
1002
{
1070
140
1040
0.18
1070
41
1040
0.12
1070
42
1040
0.08
1070
271
1070
2
1070
78
1070
0
1070
144
1040
1.0
1070
77
1070
1
1070
73
1070
0
1070
74
1070
0
1002
}
  0
DIMENSION
  5
42E
330
17
100
AcDbEntity
  8
A-ANNO-DIMS
100
AcDbDimension
280
0
  2
*D28
  3
EZDXF
 10
39.45
 20
-2.2
 30
0.0
 11
41.575
 21
-2.0100000000000002
 31
0.0
 70
32
 71
5
  1
<>
100
AcDbAlignedDimension
 13
39.45
 23
0.0
 33
0.0
 14
43.7
 24
0.0
 34
0.0
 50
0.0
100
AcDbRotatedDimension
1001
ACAD
1000
DSTYLE
1002
{
1070
140
1040
0.18
1070
41
1040
0.12
1070
42
1040
0.08
1070
271
1070
2
1070
78
1070
0
1070
144
1040
1.0
1070
77
1070
1
1070
73
1070
0
1070
74
1070
0
1002
}
  0
DIMENSION
  5
43D
330
17
100
AcDbEntity
  8
A-ANNO-DIMS
100
AcDbDimension
280
0
  2
*D29
  3
EZDXF
 10
43.7
 20
-2.2
 30
0.0
 11
43.825
 21
-1.6350000000000002
 31
0.0
 70
32
 71
5
  1
<>
100
AcDbAlignedDimension
 13
43.7
 23
0.0
 33
0.0
 14
43.95
 24
0.0
 34
0.0
 50
0.0
100
AcDbRotatedDimension
1001
ACAD
1000
DSTYLE
1002
{
1070
140
1040
0.18
1070
41
1040
0.12
1070
42
1040
0.08
1070
271
1070
2
1070
78
1070
0
1070
144
1040
1.0
1070
77
1070
1
1070
73
1070
0
1070
74
1070
0
1002
}
  0
DIMENSION
  5
44C
330
17
100
AcDbEntity
  8
A-ANNO-DIMS
100
AcDbDimension
280
0
  2
*D30
  3
EZDXF
 10
43.95
 20
-2.2
 30
0.0
 11
47.4
 21
-2.0100000000000002
 31
0.0
 70
32
 71
5
  1
<>
100
AcDbAlignedDimension
 13
43.95
 23
0.0
 33
0.0
 14
50.849999999999994
 24
0.0
 34
0.0
 50
0.0
100
AcDbRotatedDimension
1001
ACAD
1000
DSTYLE
1002
{
1070
140
1040
0.18
1070
41
1040
0.12
1070
42
1040
0.08
1070
271
1070
2
1070
78
1070
0
1070
144
1040
1.0
1070
77
1070
1
1070
73
1070
0
1070
74
1070
0
1002
}
  0
DIMENSION
  5
45B
330
17
100
AcDbEntity
  8
A-ANNO-DIMS
100
AcDbDimension
280
0
  2
*D31
  3
EZDXF
 10
50.849999999999994
 20
-2.2
 30
0.0
 11
51.0
 21
-1.6350000000000002
 31
0.0
 70
32
 71
5
  1
<>
100
AcDbAlignedDimension
 13
50.849999999999994
 23
0.0
 33
0.0
 14
51.15
 24
0.0
 34
0.0
 50
0.0
100
AcDbRotatedDimension
1001
ACAD
1000
DSTYLE
1002
{
1070
140
1040
0.18
1070
41
1040
0.12
1070
42
1040
0.08
1070
271
1070
2
1070
78
1070
0
1070
144
1040
1.0
1070
77
1070
1
1070
73
1070
0
1070
74
1070
0
1002
}
  0
DIMENSION
  5
46A
330
17
100
AcDbEntity
  8
A-ANNO-DIMS
100
AcDbDimension
280
0
  2
*D32
  3
EZDXF
 10
32.0
 20
-3.0
 30
0.0
 11
41.575
 21
-2.81
 31
0.0
 70
32
 71
5
  1
<>
100
AcDbAlignedDimension
 13
32.0
 23
0.0
 33
0.0
 14
51.15
 24
0.0
 34
0.0
 50
0.0
100
AcDbRotatedDimension
1001
ACAD
1000
DSTYLE
1002
{
1070
140
1040
0.18
1070
41
1040
0.12
1070
42
1040
0.08
1070
271
1070
2
1070
78
1070
0
1070
144
1040
1.0
1070
77
1070
1
1070
73
1070
0
1070
74
1070
0
1002
}
  0
DIMENSION
  5
479
330
17
100
AcDbEntity
  8
A-ANNO-DIMS
100
AcDbDimension
280
0
  2
*D33
  3
EZDXF
 10
31.0
 20
0.0
 30
0.0
 11
30.435
 21
0.15
 31
0.0
 70
32
 71
5
  1
<>
100
AcDbAlignedDimension
 13
32.0
 23
0.0
 33
0.0
 14
32.0
 24
0.3
 34
0.0
 50
90.0
100
AcDbRotatedDimension
1001
ACAD
1000
DSTYLE
1002
{
1070
140
1040
0.18
1070
41
1040
0.12
1070
42
1040
0.08
1070
271
1070
2
1070
78
1070
0
1070
144
1040
1.0
1070
77
1070
1
1070
73
1070
0
1070
74
1070
0
1002
}
  0
DIMENSION
  5
488
330
17
100
AcDbEntity
  8
A-ANNO-DIMS
100
AcDbDimension
280
0
  2
*D34
  3
EZDXF
 10
31.0
 20
0.3
 30
0.0
 11
30.81
 21
2.8
 31
0.0
 70
32
 71
5
  1
<>
100
AcDbAlignedDimension
 13
32.0
 23
0.3
 33
0.0
 14
32.0
 24
5.3
 34
0.0
 50
90.0
100
AcDbRotatedDimension
1001
ACAD
1000
DSTYLE
1002
{
1070
140
1040
0.18
1070
41
1040
0.12
1070
42
1040
0.08
1070
271
1070
2
1070
78
1070
0
1070
144
1040
1.0
1070
77
1070
1
1070
73
1070
0
1070
74
1070
0
1002
}
  0
DIMENSION
  5
497
330
17
100
AcDbEntity
  8
A-ANNO-DIMS
100
AcDbDimension
280
0
  2
*D35
  3
EZDXF
 10
31.0
 20
5.3
 30
0.0
 11
30.435
 21
5.375
 31
0.0
 70
32
 71
5
  1
<>
100
AcDbAlignedDimension
 13
32.0
 23
5.3
 33
0.0
 14
32.0
 24
5.45
 34
0.0
 50
90.0
100
AcDbRotatedDimension
1001
ACAD
1000
DSTYLE
1002
{
1070
140
1040
0.18
1070
41
1040
0.12
1070
42
1040
0.08
1070
271
1070
2
1070
78
1070
0
1070
144
1040
1.0
1070
77
1070
1
1070
73
1070
0
1070
74
1070
0
1002
}
  0
DIMENSION
  5
4A6
330
17
100
AcDbEntity
  8
A-ANNO-DIMS
100
AcDbDimension
280
0
  2
*D36
  3
EZDXF
 10
31.0
 20
5.45
 30
0.0
 11
30.81
 21
6.45
 31
0.0
 70
32
 71
5
  1
<>
100
AcDbAlignedDimension
 13
32.0
 23
5.45
 33
0.0
 14
32.0
 24
7.45
 34
0.0
 50
90.0
100
AcDbRotatedDimension
1001
ACAD
1000
DSTYLE
1002
{
1070
140
1040
0.18
1070
41
1040
0.12
1070
42
1040
0.08
1070
271
1070
2
1070
78
1070
0
1070
144
1040
1.0
1070
77
1070
1
1070
73
1070
0
1070
74
1070
0
1002
}
  0
DIMENSION
  5
4B5
330
17
100
AcDbEntity
  8
A-ANNO-DIMS
100
AcDbDimension
280
0
  2
*D37
  3
EZDXF
 10
31.0
 20
7.45
 30
0.0
 11
30.435
 21
7.525
 31
0.0
 70
32
 71
5
  1
<>
100
AcDbAlignedDimension
 13
32.0
 23
7.45
 33
0.0
 14
32.0
 24
7.6
 34
0.0
 50
90.0
100
AcDbRotatedDimension
1001
ACAD
1000
DSTYLE
1002
{
1070
140
1040
0.18
1070
41
1040
0.12
1070
42
1040
0.08
1070
271
1070
2
1070
78
1070
0
1070
144
1040
1.0
1070
77
1070
1
1070
73
1070
0
1070
74
1070
0
1002
}
  0
DIMENSION
  5
4C4
330
17
100
AcDbEntity
  8
A-ANNO-DIMS
100
AcDbDimension
280
0
  2
*D38
  3
EZDXF
 10
31.0
 20
7.6
 30
0.0
 11
30.81
 21
9.6
 31
0.0
 70
32
 71
5
  1
<>
100
AcDbAlignedDimension
 13
32.0
 23
7.6
 33
0.0
 14
32.0
 24
11.6
 34
0.0
 50
90.0
100
AcDbRotatedDimension
1001
ACAD
1000
DSTYLE
1002
{
1070
140
1040
0.18
1070
41
1040
0.12
1070
42
1040
0.08
1070
271
1070
2
1070
78
1070
0
1070
144
1040
1.0
1070
77
1070
1
1070
73
1070
0
1070
74
1070
0
1002
}
  0
DIMENSION
  5
4D3
330
17
100
AcDbEntity
  8
A-ANNO-DIMS
100
AcDbDimension
280
0
  2
*D39
  3
EZDXF
 10
31.0
 20
11.6
 30
0.0
 11
30.435
 21
11.675
 31
0.0
 70
32
 71
5
  1
<>
100
AcDbAlignedDimension
 13
32.0
 23
11.6
 33
0.0
 14
32.0
 24
11.75
 34
0.0
 50
90.0
100
AcDbRotatedDimension
1001
ACAD
1000
DSTYLE
1002
{
1070
140
1040
0.18
1070
41
1040
0.12
1070
42
1040
0.08
1070
271
1070
2
1070
78
1070
0
1070
144
1040
1.0
1070
77
1070
1
1070
73
1070
0
1070
74
1070
0
1002
}
  0
DIMENSION
  5
4E2
330
17
100
AcDbEntity
  8
A-ANNO-DIMS
100
AcDbDimension
280
0
  2
*D40
  3
EZDXF
 10
31.0
 20
11.75
 30
0.0
 11
30.81
 21
14.25
 31
0.0
 70
32
 71
5
  1
<>
100
AcDbAlignedDimension
 13
32.0
 23
11.75
 33
0.0
 14
32.0
 24
16.75
 34
0.0
 50
90.0
100
AcDbRotatedDimension
1001
ACAD
1000
DSTYLE
1002
{
1070
140
1040
0.18
1070
41
1040
0.12
1070
42
1040
0.08
1070
271
1070
2
1070
78
1070
0
1070
144
1040
1.0
1070
77
1070
1
1070
73
1070
0
1070
74
1070
0
1002
}
  0
DIMENSION
  5
4F1
330
17
100
AcDbEntity
  8
A-ANNO-DIMS
100
AcDbDimension
280
0
  2
*D41
  3
EZDXF
 10
31.0
 20
16.75
 30
0.0
 11
30.435
 21
16.825
 31
0.0
 70
32
 71
5
  1
<>
100
AcDbAlignedDimension
 13
32.0
 23
16.75
 33
0.0
 14
32.0
 24
16.9
 34
0.0
 50
90.0
100
AcDbRotatedDimension
1001
ACAD
1000
DSTYLE
1002
{
1070
140
1040
0.18
1070
41
1040
0.12
1070
42
1040
0.08
1070
271
1070
2
1070
78
1070
0
1070
144
1040
1.0
1070
77
1070
1
1070
73
1070
0
1070
74
1070
0
1002
}
  0
DIMENSION
  5
500
330
17
100
AcDbEntity
  8
A-ANNO-DIMS
100
AcDbDimension
280
0
  2
*D42
  3
EZDXF
 10
31.0
 20
16.9
 30
0.0
 11
30.81
 21
18.9
 31
0.0
 70
32
 71
5
  1
<>
100
AcDbAlignedDimension
 13
32.0
 23
16.9
 33
0.0
 14
32.0
 24
20.9
 34
0.0
 50
90.0
100
AcDbRotatedDimension
1001
ACAD
1000
DSTYLE
1002
{
1070
140
1040
0.18
1070
41
1040
0.12
1070
42
1040
0.08
1070
271
1070
2
1070
78
1070
0
1070
144
1040
1.0
1070
77
1070
1
1070
73
1070
0
1070
74
1070
0
1002
}
  0
DIMENSION
  5
50F
330
17
100
AcDbEntity
  8
A-ANNO-DIMS
100
AcDbDimension
280
0
  2
*D43
  3
EZDXF
 10
31.0
 20
20.9
 30
0.0
 11
30.435
 21
20.975
 31
0.0
 70
32
 71
5
  1
<>
100
AcDbAlignedDimension
 13
32.0
 23
20.9
 33
0.0
 14
32.0
 24
21.05
 34
0.0
 50
90.0
100
AcDbRotatedDimension
1001
ACAD
1000
DSTYLE
1002
{
1070
140
1040
0.18
1070
41
1040
0.12
1070
42
1040
0.08
1070
271
1070
2
1070
78
1070
0
1070
144
1040
1.0
1070
77
1070
1
1070
73
1070
0
1070
74
1070
0
1002
}
  0
DIMENSION
  5
51E
330
17
100
AcDbEntity
  8
A-ANNO-DIMS
100
AcDbDimension
280
0
  2
*D44
  3
EZDXF
 10
31.0
 20
21.05
 30
0.0
 11
30.81
 21
21.8
 31
0.0
 70
32
 71
5
  1
<>
100
AcDbAlignedDimension
 13
32.0
 23
21.05
 33
0.0
 14
32.0
 24
22.55
 34
0.0
 50
90.0
100
AcDbRotatedDimension
1001
ACAD
1000
DSTYLE
1002
{
1070
140
1040
0.18
1070
41
1040
0.12
1070
42
1040
0.08
1070
271
1070
2
1070
78
1070
0
1070
144
1040
1.0
1070
77
1070
1
1070
73
1070
0
1070
74
1070
0
1002
}
  0
DIMENSION
  5
52D
330
17
100
AcDbEntity
  8
A-ANNO-DIMS
100
AcDbDimension
280
0
  2
*D45
  3
EZDXF
 10
31.0
 20
22.55
 30
0.0
 11
30.435
 21
22.625
 31
0.0
 70
32
 71
5
  1
<>
100
AcDbAlignedDimension
 13
32.0
 23
22.55
 33
0.0
 14
32.0
 24
22.7
 34
0.0
 50
90.0
100
AcDbRotatedDimension
1001
ACAD
1000
DSTYLE
1002
{
1070
140
1040
0.18
1070
41
1040
0.12
1070
42
1040
0.08
1070
271
1070
2
1070
78
1070
0
1070
144
1040
1.0
1070
77
1070
1
1070
73
1070
0
1070
74
1070
0
1002
}
  0
DIMENSION
  5
53C
330
17
100
AcDbEntity
  8
A-ANNO-DIMS
100
AcDbDimension
280
0
  2
*D46
  3
EZDXF
 10
31.0
 20
22.7
 30
0.0
 11
30.81
 21
25.2
 31
0.0
 70
32
 71
5
  1
<>
100
AcDbAlignedDimension
 13
32.0
 23
22.7
 33
0.0
 14
32.0
 24
27.7
 34
0.0
 50
90.0
100
AcDbRotatedDimension
1001
ACAD
1000
DSTYLE
1002
{
1070
140
1040
0.18
1070
41
1040
0.12
1070
42
1040
0.08
1070
271
1070
2
1070
78
1070
0
1070
144
1040
1.0
1070
77
1070
1
1070
73
1070
0
1070
74
1070
0
1002
}
  0
DIMENSION
  5
54B
330
17
100
AcDbEntity
  8
A-ANNO-DIMS
100
AcDbDimension
280
0
  2
*D47
  3
EZDXF
 10
31.0
 20
27.7
 30
0.0
 11
30.435
 21
27.85
 31
0.0
 70
32
 71
5
  1
<>
100
AcDbAlignedDimension
 13
32.0
 23
27.7
 33
0.0
 14
32.0
 24
28.0
 34
0.0
 50
90.0
100
AcDbRotatedDimension
1001
ACAD
1000
DSTYLE
1002
{
1070
140
1040
0.18
1070
41
1040
0.12
1070
42
1040
0.08
1070
271
1070
2
1070
78
1070
0
1070
144
1040
1.0
1070
77
1070
1
1070
73
1070
0
1070
74
1070
0
1002
}
  0
DIMENSION
  5
55A
330
17
100
AcDbEntity
  8
A-ANNO-DIMS
100
AcDbDimension
280
0
  2
*D48
  3
EZDXF
 10
30.0
 20
0.0
 30
0.0
 11
29.81
 21
14.0
 31
0.0
 70
32
 71
5
  1
<>
100
AcDbAlignedDimension
 13
32.0
 23
0.0
 33
0.0
 14
32.0
 24
28.0
 34
0.0
 50
90.0
100
AcDbRotatedDimension
1001
ACAD
1000
DSTYLE
1002
{
1070
140
1040
0.18
1070
41
1040
0.12
1070
42
1040
0.08
1070
271
1070
2
1070
78
1070
0
1070
144
1040
1.0
1070
77
1070
1
1070
73
1070
0
1070
74
1070
0
1002
}
  0
TEXT
  5
569
330
17
100
AcDbEntity
  8
A-ANNO-TEXT
100
AcDbText
 10
41.575
 20
-4.3
 30
0.0
 40
0.55
  1
FIRST FLOOR PLAN
  7
OpenSans
 72
1
 11
41.575
 21
-4.3
 31
0.0
100
AcDbText
 73
2
  0
TEXT
  5
56A
330
17
100
AcDbEntity
  8
A-ANNO-TEXT
100
AcDbText
 10
41.575
 20
-5.1
 30
0.0
 40
0.25
  1
FFL +3.40   |   Scale 1:100   |   2 apartments
  7
OpenSans
 72
1
 11
41.575
 21
-5.1
 31
0.0
100
AcDbText
 73
2
  0
LWPOLYLINE
  5
56B
330
17
100
AcDbEntity
  8
A-WALL
100
AcDbPolyline
 90
7
 70
1
 10
64.0
 20
1.8
 10
64.3
 20
1.8
 10
64.3
 20
0.3
 10
65.8
 20
0.3
 10
65.8
 20
0.0
 10
64.0
 20
0.0
 10
64.0
 20
1.8
  0
HATCH
  5
56C
330
17
100
AcDbEntity
  8
A-WALL-PATT
 62
8
100
AcDbHatch
 10
0.0
 20
0.0
 30
0.0
210
0.0
220
0.0
230
1.0
  2
SOLID
 70
1
 71
0
 91
1
 92
3
 72
0
 73
1
 93
7
 10
64.0
 20
1.8
 10
64.3
 20
1.8
 10
64.3
 20
0.3
 10
65.8
 20
0.3
 10
65.8
 20
0.0
 10
64.0
 20
0.0
 10
64.0
 20
1.8
 97
0
 75
0
 76
1
 98
0
  0
LWPOLYLINE
  5
56D
330
17
100
AcDbEntity
  8
A-WALL
100
AcDbPolyline
 90
13
 70
1
 10
64.0
 20
6.05
 10
64.3
 20
6.05
 10
64.3
 20
5.45
 10
66.3
 20
5.45
 10
66.3
 20
6.05
 10
66.45
 20
6.05
 10
66.45
 20
5.45
 10
67.7
 20
5.45
 10
67.7
 20
5.3
 10
64.3
 20
5.3
 10
64.3
 20
3.8
 10
64.0
 20
3.8
 10
64.0
 20
6.05
  0
HATCH
  5
56E
330
17
100
AcDbEntity
  8
A-WALL-PATT
 62
8
100
AcDbHatch
 10
0.0
 20
0.0
 30
0.0
210
0.0
220
0.0
230
1.0
  2
SOLID
 70
1
 71
0
 91
1
 92
3
 72
0
 73
1
 93
13
 10
64.0
 20
6.05
 10
64.3
 20
6.05
 10
64.3
 20
5.45
 10
66.3
 20
5.45
 10
66.3
 20
6.05
 10
66.45
 20
6.05
 10
66.45
 20
5.45
 10
67.7
 20
5.45
 10
67.7
 20
5.3
 10
64.3
 20
5.3
 10
64.3
 20
3.8
 10
64.0
 20
3.8
 10
64.0
 20
6.05
 97
0
 75
0
 76
1
 98
0
  0
LWPOLYLINE
  5
56F
330
17
100
AcDbEntity
  8
A-WALL
100
AcDbPolyline
 90
17
 70
1
 10
64.0
 20
8.7
 10
64.3
 20
8.7
 10
64.3
 20
7.6
 10
68.3
 20
7.6
 10
68.3
 20
8.3
 10
68.45
 20
8.3
 10
68.45
 20
7.65
 10
68.45
 20
7.6
 10
68.45
 20
7.45
 10
66.45
 20
7.45
 10
66.45
 20
6.75
 10
66.3
 20
6.75
 10
66.3
 20
7.45
 10
64.3
 20
7.45
 10
64.3
 20
6.85
 10
64.0
 20
6.85
 10
64.0
 20
8.7
  0
HATCH
  5
570
330
17
100
AcDbEntity
  8
A-WALL-PATT
 62
8
100
AcDbHatch
 10
0.0
 20
0.0
 30
0.0
210
0.0
220
0.0
230
1.0
  2
SOLID
 70
1
 71
0
 91
1
 92
3
 72
0
 73
1
 93
17
 10
64.0
 20
8.7
 10
64.3
 20
8.7
 10
64.3
 20
7.6
 10
68.3
 20
7.6
 10
68.3
 20
8.3
 10
68.45
 20
8.3
 10
68.45
 20
7.65
 10
68.45
 20
7.6
 10
68.45
 20
7.45
 10
66.45
 20
7.45
 10
66.45
 20
6.75
 10
66.3
 20
6.75
 10
66.3
 20
7.45
 10
64.3
 20
7.45
 10
64.3
 20
6.85
 10
64.0
 20
6.85
 10
64.0
 20
8.7
 97
0
 75
0
 76
1
 98
0
  0
LWPOLYLINE
  5
571
330
17
100
AcDbEntity
  8
A-WALL
100
AcDbPolyline
 90
17
 70
1
 10
64.0
 20
12.25
 10
64.3
 20
12.25
 10
64.3
 20
11.75
 10
65.8
 20
11.75
 10
65.8
 20
12.75
 10
66.1
 20
12.75
 10
66.1
 20
11.75
 10
68.45
 20
11.75
 10
68.45
 20
11.6
 10
68.45
 20
11.55
 10
68.45
 20
9.200000000000001
 10
68.3
 20
9.200000000000001
 10
68.3
 20
11.6
 10
64.3
 20
11.6
 10
64.3
 20
10.5
 10
64.0
 20
10.5
 10
64.0
 20
12.25
  0
HATCH
  5
572
330
17
100
AcDbEntity
  8
A-WALL-PATT
 62
8
100
AcDbHatch
 10
0.0
 20
0.0
 30
0.0
210
0.0
220
0.0
230
1.0
  2
SOLID
 70
1
 71
0
 91
1
 92
3
 72
0
 73
1
 93
17
 10
64.0
 20
12.25
 10
64.3
 20
12.25
 10
64.3
 20
11.75
 10
65.8
 20
11.75
 10
65.8
 20
12.75
 10
66.1
 20
12.75
 10
66.1
 20
11.75
 10
68.45
 20
11.75
 10
68.45
 20
11.6
 10
68.45
 20
11.55
 10
68.45
 20
9.200000000000001
 10
68.3
 20
9.200000000000001
 10
68.3
 20
11.6
 10
64.3
 20
11.6
 10
64.3
 20
10.5
 10
64.0
 20
10.5
 10
64.0
 20
12.25
 97
0
 75
0
 76
1
 98
0
  0
LWPOLYLINE
  5
573
330
17
100
AcDbEntity
  8
A-WALL
100
AcDbPolyline
 90
17
 70
1
 10
64.0
 20
18.0
 10
64.3
 20
18.0
 10
64.3
 20
16.9
 10
68.3
 20
16.9
 10
68.3
 20
19.9
 10
68.45
 20
19.9
 10
68.45
 20
16.95
 10
68.45
 20
16.9
 10
68.45
 20
16.75
 10
66.1
 20
16.75
 10
66.1
 20
15.75
 10
65.8
 20
15.75
 10
65.8
 20
16.75
 10
64.3
 20
16.75
 10
64.3
 20
16.25
 10
64.0
 20
16.25
 10
64.0
 20
18.0
  0
HATCH
  5
574
330
17
100
AcDbEntity
  8
A-WALL-PATT
 62
8
100
AcDbHatch
 10
0.0
 20
0.0
 30
0.0
210
0.0
220
0.0
230
1.0
  2
SOLID
 70
1
 71
0
 91
1
 92
3
 72
0
 73
1
 93
17
 10
64.0
 20
18.0
 10
64.3
 20
18.0
 10
64.3
 20
16.9
 10
68.3
 20
16.9
 10
68.3
 20
19.9
 10
68.45
 20
19.9
 10
68.45
 20
16.95
 10
68.45
 20
16.9
 10
68.45
 20
16.75
 10
66.1
 20
16.75
 10
66.1
 20
15.75
 10
65.8
 20
15.75
 10
65.8
 20
16.75
 10
64.3
 20
16.75
 10
64.3
 20
16.25
 10
64.0
 20
16.25
 10
64.0
 20
18.0
 97
0
 75
0
 76
1
 98
0
  0
LWPOLYLINE
  5
575
330
17
100
AcDbEntity
  8
A-WALL
100
AcDbPolyline
 90
19
 70
1
 10
64.0
 20
21.35
 10
64.3
 20
21.35
 10
64.3
 20
21.05
 10
66.8
 20
21.05
 10
66.8
 20
21.3
 10
66.95
 20
21.3
 10
66.95
 20
21.05
 10
69.3
 20
21.05
 10
69.3
 20
21.3
 10
69.45
 20
21.3
 10
69.45
 20
20.9
 10
68.45
 20
20.9
 10
68.45
 20
20.799999999999997
 10
68.3
 20
20.799999999999997
 10
68.3
 20
20.9
 10
64.3
 20
20.9
 10
64.3
 20
19.8
 10
64.0
 20
19.8
 10
64.0
 20
21.35
  0
HATCH
  5
576
330
17
100
AcDbEntity
  8
A-WALL-PATT
 62
8
100
AcDbHatch
 10
0.0
 20
0.0
 30
0.0
210
0.0
220
0.0
230
1.0
  2
SOLID
 70
1
 71
0
 91
1
 92
3
 72
0
 73
1
 93
19
 10
64.0
 20
21.35
 10
64.3
 20
21.35
 10
64.3
 20
21.05
 10
66.8
 20
21.05
 10
66.8
 20
21.3
 10
66.95
 20
21.3
 10
66.95
 20
21.05
 10
69.3
 20
21.05
 10
69.3
 20
21.3
 10
69.45
 20
21.3
 10
69.45
 20
20.9
 10
68.45
 20
20.9
 10
68.45
 20
20.799999999999997
 10
68.3
 20
20.799999999999997
 10
68.3
 20
20.9
 10
64.3
 20
20.9
 10
64.3
 20
19.8
 10
64.0
 20
19.8
 10
64.0
 20
21.35
 97
0
 75
0
 76
1
 98
0
  0
LWPOLYLINE
  5
577
330
17
100
AcDbEntity
  8
A-WALL
100
AcDbPolyline
 90
15
 70
1
 10
64.0
 20
28.0
 10
65.8
 20
28.0
 10
65.8
 20
27.7
 10
64.3
 20
27.7
 10
64.3
 20
22.7
 10
67.8
 20
22.7
 10
67.8
 20
22.55
 10
66.95
 20
22.55
 10
66.95
 20
22.0
 10
66.8
 20
22.0
 10
66.8
 20
22.55
 10
64.3
 20
22.55
 10
64.3
 20
22.25
 10
64.0
 20
22.25
 10
64.0
 20
28.0
  0
HATCH
  5
578
330
17
100
AcDbEntity
  8
A-WALL-PATT
 62
8
100
AcDbHatch
 10
0.0
 20
0.0
 30
0.0
210
0.0
220
0.0
230
1.0
  2
SOLID
 70
1
 71
0
 91
1
 92
3
 72
0
 73
1
 93
15
 10
64.0
 20
28.0
 10
65.8
 20
28.0
 10
65.8
 20
27.7
 10
64.3
 20
27.7
 10
64.3
 20
22.7
 10
67.8
 20
22.7
 10
67.8
 20
22.55
 10
66.95
 20
22.55
 10
66.95
 20
22.0
 10
66.8
 20
22.0
 10
66.8
 20
22.55
 10
64.3
 20
22.55
 10
64.3
 20
22.25
 10
64.0
 20
22.25
 10
64.0
 20
28.0
 97
0
 75
0
 76
1
 98
0
  0
LWPOLYLINE
  5
579
330
17
100
AcDbEntity
  8
A-WALL
100
AcDbPolyline
 90
17
 70
1
 10
70.45
 20
28.0
 10
70.45
 20
27.7
 10
69.45
 20
27.7
 10
69.45
 20
23.7
 10
69.65
 20
23.7
 10
69.65
 20
23.55
 10
69.45
 20
23.55
 10
69.45
 20
22.2
 10
69.3
 20
22.2
 10
69.3
 20
22.55
 10
68.7
 20
22.55
 10
68.7
 20
22.7
 10
69.3
 20
22.7
 10
69.3
 20
27.7
 10
67.8
 20
27.7
 10
67.8
 20
28.0
 10
70.45
 20
28.0
  0
HATCH
  5
57A
330
17
100
AcDbEntity
  8
A-WALL-PATT
 62
8
100
AcDbHatch
 10
0.0
 20
0.0
 30
0.0
210
0.0
220
0.0
230
1.0
  2
SOLID
 70
1
 71
0
 91
1
 92
3
 72
0
 73
1
 93
17
 10
70.45
 20
28.0
 10
70.45
 20
27.7
 10
69.45
 20
27.7
 10
69.45
 20
23.7
 10
69.65
 20
23.7
 10
69.65
 20
23.55
 10
69.45
 20
23.55
 10
69.45
 20
22.2
 10
69.3
 20
22.2
 10
69.3
 20
22.55
 10
68.7
 20
22.55
 10
68.7
 20
22.7
 10
69.3
 20
22.7
 10
69.3
 20
27.7
 10
67.8
 20
27.7
 10
67.8
 20
28.0
 10
70.45
 20
28.0
 97
0
 75
0
 76
1
 98
0
  0
LWPOLYLINE
  5
57B
330
17
100
AcDbEntity
  8
A-WALL
100
AcDbPolyline
 90
105
 70
1
 10
74.7
 20
28.0
 10
74.7
 20
27.7
 10
73.7
 20
27.7
 10
73.7
 20
23.7
 10
76.6
 20
23.7
 10
76.6
 20
23.55
 10
75.95
 20
23.55
 10
75.95
 20
22.95
 10
75.7
 20
22.95
 10
75.7
 20
23.55
 10
73.7
 20
23.55
 10
73.7
 20
21.55
 10
75.7
 20
21.55
 10
75.7
 20
22.15
 10
75.95
 20
22.15
 10
75.95
 20
20.7
 10
75.7
 20
20.7
 10
75.7
 20
21.4
 10
73.7
 20
21.4
 10
73.7
 20
19.4
 10
75.7
 20
19.4
 10
75.7
 20
19.9
 10
75.95
 20
19.9
 10
75.95
 20
19.25
 10
75.7
 20
19.25
 10
75.65
 20
19.25
 10
73.7
 20
19.25
 10
73.7
 20
16.95
 10
73.7
 20
16.9
 10
73.7
 20
16.75
 10
73.7
 20
16.7
 10
73.7
 20
11.75
 10
75.85
 20
11.75
 10
75.9
 20
11.75
 10
75.95
 20
11.75
 10
75.95
 20
11.6
 10
75.95
 20
11.55
 10
75.95
 20
11.0
 10
75.7
 20
11.0
 10
75.7
 20
11.6
 10
73.7
 20
11.6
 10
73.7
 20
9.6
 10
75.7
 20
9.6
 10
75.7
 20
10.2
 10
75.95
 20
10.2
 10
75.95
 20
7.65
 10
75.95
 20
7.6
 10
75.95
 20
7.45
 10
75.95
 20
7.4
 10
75.95
 20
6.6
 10
75.7
 20
6.6
 10
75.7
 20
9.35
 10
71.45
 20
9.35
 10
71.45
 20
6.6
 10
71.2
 20
6.6
 10
71.2
 20
7.4
 10
71.2
 20
7.45
 10
71.2
 20
7.6
 10
71.2
 20
7.65
 10
71.2
 20
10.2
 10
71.45
 20
10.2
 10
71.45
 20
9.6
 10
73.45
 20
9.6
 10
73.45
 20
11.6
 10
71.45
 20
11.6
 10
71.45
 20
11.0
 10
71.2
 20
11.0
 10
71.2
 20
11.55
 10
71.2
 20
11.6
 10
71.2
 20
11.75
 10
71.25
 20
11.75
 10
71.3
 20
11.75
 10
73.45
 20
11.75
 10
73.45
 20
16.7
 10
73.45
 20
16.75
 10
73.45
 20
16.9
 10
73.45
 20
16.95
 10
73.45
 20
19.25
 10
71.5
 20
19.25
 10
71.45
 20
19.25
 10
71.2
 20
19.25
 10
71.2
 20
19.9
 10
71.45
 20
19.9
 10
71.45
 20
19.4
 10
73.45
 20
19.4
 10
73.45
 20
21.4
 10
71.45
 20
21.4
 10
71.45
 20
20.7
 10
71.2
 20
20.7
 10
71.2
 20
22.15
 10
71.45
 20
22.15
 10
71.45
 20
21.55
 10
73.45
 20
21.55
 10
73.45
 20
23.55
 10
71.45
 20
23.55
 10
71.45
 20
22.95
 10
71.2
 20
22.95
 10
71.2
 20
23.55
 10
70.55
 20
23.55
 10
70.55
 20
23.7
 10
73.45
 20
23.7
 10
73.45
 20
27.7
 10
72.45
 20
27.7
 10
72.45
 20
28.0
 10
74.7
 20
28.0
  0
HATCH
  5
57C
330
17
100
AcDbEntity
  8
A-WALL-PATT
 62
8
100
AcDbHatch
 10
0.0
 20
0.0
 30
0.0
210
0.0
220
0.0
230
1.0
  2
SOLID
 70
1
 71
0
 91
1
 92
3
 72
0
 73
1
 93
105
 10
74.7
 20
28.0
 10
74.7
 20
27.7
 10
73.7
 20
27.7
 10
73.7
 20
23.7
 10
76.6
 20
23.7
 10
76.6
 20
23.55
 10
75.95
 20
23.55
 10
75.95
 20
22.95
 10
75.7
 20
22.95
 10
75.7
 20
23.55
 10
73.7
 20
23.55
 10
73.7
 20
21.55
 10
75.7
 20
21.55
 10
75.7
 20
22.15
 10
75.95
 20
22.15
 10
75.95
 20
20.7
 10
75.7
 20
20.7
 10
75.7
 20
21.4
 10
73.7
 20
21.4
 10
73.7
 20
19.4
 10
75.7
 20
19.4
 10
75.7
 20
19.9
 10
75.95
 20
19.9
 10
75.95
 20
19.25
 10
75.7
 20
19.25
 10
75.65
 20
19.25
 10
73.7
 20
19.25
 10
73.7
 20
16.95
 10
73.7
 20
16.9
 10
73.7
 20
16.75
 10
73.7
 20
16.7
 10
73.7
 20
11.75
 10
75.85
 20
11.75
 10
75.9
 20
11.75
 10
75.95
 20
11.75
 10
75.95
 20
11.6
 10
75.95
 20
11.55
 10
75.95
 20
11.0
 10
75.7
 20
11.0
 10
75.7
 20
11.6
 10
73.7
 20
11.6
 10
73.7
 20
9.6
 10
75.7
 20
9.6
 10
75.7
 20
10.2
 10
75.95
 20
10.2
 10
75.95
 20
7.65
 10
75.95
 20
7.6
 10
75.95
 20
7.45
 10
75.95
 20
7.4
 10
75.95
 20
6.6
 10
75.7
 20
6.6
 10
75.7
 20
9.35
 10
71.45
 20
9.35
 10
71.45
 20
6.6
 10
71.2
 20
6.6
 10
71.2
 20
7.4
 10
71.2
 20
7.45
 10
71.2
 20
7.6
 10
71.2
 20
7.65
 10
71.2
 20
10.2
 10
71.45
 20
10.2
 10
71.45
 20
9.6
 10
73.45
 20
9.6
 10
73.45
 20
11.6
 10
71.45
 20
11.6
 10
71.45
 20
11.0
 10
71.2
 20
11.0
 10
71.2
 20
11.55
 10
71.2
 20
11.6
 10
71.2
 20
11.75
 10
71.25
 20
11.75
 10
71.3
 20
11.75
 10
73.45
 20
11.75
 10
73.45
 20
16.7
 10
73.45
 20
16.75
 10
73.45
 20
16.9
 10
73.45
 20
16.95
 10
73.45
 20
19.25
 10
71.5
 20
19.25
 10
71.45
 20
19.25
 10
71.2
 20
19.25
 10
71.2
 20
19.9
 10
71.45
 20
19.9
 10
71.45
 20
19.4
 10
73.45
 20
19.4
 10
73.45
 20
21.4
 10
71.45
 20
21.4
 10
71.45
 20
20.7
 10
71.2
 20
20.7
 10
71.2
 20
22.15
 10
71.45
 20
22.15
 10
71.45
 20
21.55
 10
73.45
 20
21.55
 10
73.45
 20
23.55
 10
71.45
 20
23.55
 10
71.45
 20
22.95
 10
71.2
 20
22.95
 10
71.2
 20
23.55
 10
70.55
 20
23.55
 10
70.55
 20
23.7
 10
73.45
 20
23.7
 10
73.45
 20
27.7
 10
72.45
 20
27.7
 10
72.45
 20
28.0
 10
74.7
 20
28.0
 97
0
 75
0
 76
1
 98
0
  0
LWPOLYLINE
  5
57D
330
17
100
AcDbEntity
  8
A-WALL
100
AcDbPolyline
 90
17
 70
1
 10
79.35
 20
28.0
 10
79.35
 20
27.7
 10
77.85
 20
27.7
 10
77.85
 20
22.7
 10
78.45
 20
22.7
 10
78.45
 20
22.55
 10
77.85
 20
22.55
 10
77.85
 20
22.2
 10
77.7
 20
22.2
 10
77.7
 20
23.55
 10
77.5
 20
23.55
 10
77.5
 20
23.7
 10
77.7
 20
23.7
 10
77.7
 20
27.7
 10
76.7
 20
27.7
 10
76.7
 20
28.0
 10
79.35
 20
28.0
  0
HATCH
  5
57E
330
17
100
AcDbEntity
  8
A-WALL-PATT
 62
8
100
AcDbHatch
 10
0.0
 20
0.0
 30
0.0
210
0.0
220
0.0
230
1.0
  2
SOLID
 70
1
 71
0
 91
1
 92
3
 72
0
 73
1
 93
17
 10
79.35
 20
28.0
 10
79.35
 20
27.7
 10
77.85
 20
27.7
 10
77.85
 20
22.7
 10
78.45
 20
22.7
 10
78.45
 20
22.55
 10
77.85
 20
22.55
 10
77.85
 20
22.2
 10
77.7
 20
22.2
 10
77.7
 20
23.55
 10
77.5
 20
23.55
 10
77.5
 20
23.7
 10
77.7
 20
23.7
 10
77.7
 20
27.7
 10
76.7
 20
27.7
 10
76.7
 20
28.0
 10
79.35
 20
28.0
 97
0
 75
0
 76
1
 98
0
  0
LWPOLYLINE
  5
57F
330
17
100
AcDbEntity
  8
A-WALL
100
AcDbPolyline
 90
15
 70
1
 10
83.15
 20
28.0
 10
83.15
 20
22.25
 10
82.85
 20
22.25
 10
82.85
 20
22.55
 10
80.35
 20
22.55
 10
80.35
 20
22.0
 10
80.2
 20
22.0
 10
80.2
 20
22.55
 10
79.35
 20
22.55
 10
79.35
 20
22.7
 10
82.85
 20
22.7
 10
82.85
 20
27.7
 10
81.35
 20
27.7
 10
81.35
 20
28.0
 10
83.15
 20
28.0
  0
HATCH
  5
580
330
17
100
AcDbEntity
  8
A-WALL-PATT
 62
8
100
AcDbHatch
 10
0.0
 20
0.0
 30
0.0
210
0.0
220
0.0
230
1.0
  2
SOLID
 70
1
 71
0
 91
1
 92
3
 72
0
 73
1
 93
15
 10
83.15
 20
28.0
 10
83.15
 20
22.25
 10
82.85
 20
22.25
 10
82.85
 20
22.55
 10
80.35
 20
22.55
 10
80.35
 20
22.0
 10
80.2
 20
22.0
 10
80.2
 20
22.55
 10
79.35
 20
22.55
 10
79.35
 20
22.7
 10
82.85
 20
22.7
 10
82.85
 20
27.7
 10
81.35
 20
27.7
 10
81.35
 20
28.0
 10
83.15
 20
28.0
 97
0
 75
0
 76
1
 98
0
  0
LWPOLYLINE
  5
581
330
17
100
AcDbEntity
  8
A-WALL
100
AcDbPolyline
 90
19
 70
1
 10
83.15
 20
19.8
 10
82.85
 20
19.8
 10
82.85
 20
20.9
 10
78.85
 20
20.9
 10
78.85
 20
20.799999999999997
 10
78.7
 20
20.799999999999997
 10
78.7
 20
20.9
 10
77.7
 20
20.9
 10
77.7
 20
21.3
 10
77.85
 20
21.3
 10
77.85
 20
21.05
 10
80.2
 20
21.05
 10
80.2
 20
21.3
 10
80.35
 20
21.3
 10
80.35
 20
21.05
 10
82.85
 20
21.05
 10
82.85
 20
21.35
 10
83.15
 20
21.35
 10
83.15
 20
19.8
  0
HATCH
  5
582
330
17
100
AcDbEntity
  8
A-WALL-PATT
 62
8
100
AcDbHatch
 10
0.0
 20
0.0
 30
0.0
210
0.0
220
0.0
230
1.0
  2
SOLID
 70
1
 71
0
 91
1
 92
3
 72
0
 73
1
 93
19
 10
83.15
 20
19.8
 10
82.85
 20
19.8
 10
82.85
 20
20.9
 10
78.85
 20
20.9
 10
78.85
 20
20.799999999999997
 10
78.7
 20
20.799999999999997
 10
78.7
 20
20.9
 10
77.7
 20
20.9
 10
77.7
 20
21.3
 10
77.85
 20
21.3
 10
77.85
 20
21.05
 10
80.2
 20
21.05
 10
80.2
 20
21.3
 10
80.35
 20
21.3
 10
80.35
 20
21.05
 10
82.85
 20
21.05
 10
82.85
 20
21.35
 10
83.15
 20
21.35
 10
83.15
 20
19.8
 97
0
 75
0
 76
1
 98
0
  0
LWPOLYLINE
  5
583
330
17
100
AcDbEntity
  8
A-WALL
100
AcDbPolyline
 90
17
 70
1
 10
83.15
 20
16.25
 10
82.85
 20
16.25
 10
82.85
 20
16.75
 10
81.35
 20
16.75
 10
81.35
 20
15.75
 10
81.05
 20
15.75
 10
81.05
 20
16.75
 10
78.7
 20
16.75
 10
78.7
 20
16.9
 10
78.7
 20
16.95
 10
78.7
 20
19.9
 10
78.85
 20
19.9
 10
78.85
 20
16.9
 10
82.85
 20
16.9
 10
82.85
 20
18.0
 10
83.15
 20
18.0
 10
83.15
 20
16.25
  0
HATCH
  5
584
330
17
100
AcDbEntity
  8
A-WALL-PATT
 62
8
100
AcDbHatch
 10
0.0
 20
0.0
 30
0.0
210
0.0
220
0.0
230
1.0
  2
SOLID
 70
1
 71
0
 91
1
 92
3
 72
0
 73
1
 93
17
 10
83.15
 20
16.25
 10
82.85
 20
16.25
 10
82.85
 20
16.75
 10
81.35
 20
16.75
 10
81.35
 20
15.75
 10
81.05
 20
15.75
 10
81.05
 20
16.75
 10
78.7
 20
16.75
 10
78.7
 20
16.9
 10
78.7
 20
16.95
 10
78.7
 20
19.9
 10
78.85
 20
19.9
 10
78.85
 20
16.9
 10
82.85
 20
16.9
 10
82.85
 20
18.0
 10
83.15
 20
18.0
 10
83.15
 20
16.25
 97
0
 75
0
 76
1
 98
0
  0
LWPOLYLINE
  5
585
330
17
100
AcDbEntity
  8
A-WALL
100
AcDbPolyline
 90
17
 70
1
 10
83.15
 20
10.5
 10
82.85
 20
10.5
 10
82.85
 20
11.6
 10
78.85
 20
11.6
 10
78.85
 20
9.200000000000001
 10
78.7
 20
9.200000000000001
 10
78.7
 20
11.55
 10
78.7
 20
11.6
 10
78.7
 20
11.75
 10
81.05
 20
11.75
 10
81.05
 20
12.75
 10
81.35
 20
12.75
 10
81.35
 20
11.75
 10
82.85
 20
11.75
 10
82.85
 20
12.25
 10
83.15
 20
12.25
 10
83.15
 20
10.5
  0
HATCH
  5
586
330
17
100
AcDbEntity
  8
A-WALL-PATT
 62
8
100
AcDbHatch
 10
0.0
 20
0.0
 30
0.0
210
0.0
220
0.0
230
1.0
  2
SOLID
 70
1
 71
0
 91
1
 92
3
 72
0
 73
1
 93
17
 10
83.15
 20
10.5
 10
82.85
 20
10.5
 10
82.85
 20
11.6
 10
78.85
 20
11.6
 10
78.85
 20
9.200000000000001
 10
78.7
 20
9.200000000000001
 10
78.7
 20
11.55
 10
78.7
 20
11.6
 10
78.7
 20
11.75
 10
81.05
 20
11.75
 10
81.05
 20
12.75
 10
81.35
 20
12.75
 10
81.35
 20
11.75
 10
82.85
 20
11.75
 10
82.85
 20
12.25
 10
83.15
 20
12.25
 10
83.15
 20
10.5
 97
0
 75
0
 76
1
 98
0
  0
LWPOLYLINE
  5
587
330
17
100
AcDbEntity
  8
A-WALL
100
AcDbPolyline
 90
17
 70
1
 10
83.15
 20
6.85
 10
82.85
 20
6.85
 10
82.85
 20
7.45
 10
80.85
 20
7.45
 10
80.85
 20
6.75
 10
80.7
 20
6.75
 10
80.7
 20
7.45
 10
78.7
 20
7.45
 10
78.7
 20
7.6
 10
78.7
 20
7.65
 10
78.7
 20
8.3
 10
78.85
 20
8.3
 10
78.85
 20
7.6
 10
82.85
 20
7.6
 10
82.85
 20
8.7
 10
83.15
 20
8.7
 10
83.15
 20
6.85
  0
HATCH
  5
588
330
17
100
AcDbEntity
  8
A-WALL-PATT
 62
8
100
AcDbHatch
 10
0.0
 20
0.0
 30
0.0
210
0.0
220
0.0
230
1.0
  2
SOLID
 70
1
 71
0
 91
1
 92
3
 72
0
 73
1
 93
17
 10
83.15
 20
6.85
 10
82.85
 20
6.85
 10
82.85
 20
7.45
 10
80.85
 20
7.45
 10
80.85
 20
6.75
 10
80.7
 20
6.75
 10
80.7
 20
7.45
 10
78.7
 20
7.45
 10
78.7
 20
7.6
 10
78.7
 20
7.65
 10
78.7
 20
8.3
 10
78.85
 20
8.3
 10
78.85
 20
7.6
 10
82.85
 20
7.6
 10
82.85
 20
8.7
 10
83.15
 20
8.7
 10
83.15
 20
6.85
 97
0
 75
0
 76
1
 98
0
  0
LWPOLYLINE
  5
589
330
17
100
AcDbEntity
  8
A-WALL
100
AcDbPolyline
 90
13
 70
1
 10
83.15
 20
3.8
 10
82.85
 20
3.8
 10
82.85
 20
5.3
 10
79.45
 20
5.3
 10
79.45
 20
5.45
 10
80.7
 20
5.45
 10
80.7
 20
6.05
 10
80.85
 20
6.05
 10
80.85
 20
5.45
 10
82.85
 20
5.45
 10
82.85
 20
6.05
 10
83.15
 20
6.05
 10
83.15
 20
3.8
  0
HATCH
  5
58A
330
17
100
AcDbEntity
  8
A-WALL-PATT
 62
8
100
AcDbHatch
 10
0.0
 20
0.0
 30
0.0
210
0.0
220
0.0
230
1.0
  2
SOLID
 70
1
 71
0
 91
1
 92
3
 72
0
 73
1
 93
13
 10
83.15
 20
3.8
 10
82.85
 20
3.8
 10
82.85
 20
5.3
 10
79.45
 20
5.3
 10
79.45
 20
5.45
 10
80.7
 20
5.45
 10
80.7
 20
6.05
 10
80.85
 20
6.05
 10
80.85
 20
5.45
 10
82.85
 20
5.45
 10
82.85
 20
6.05
 10
83.15
 20
6.05
 10
83.15
 20
3.8
 97
0
 75
0
 76
1
 98
0
  0
LWPOLYLINE
  5
58B
330
17
100
AcDbEntity
  8
A-WALL
100
AcDbPolyline
 90
7
 70
1
 10
83.15
 20
0.0
 10
81.35
 20
0.0
 10
81.35
 20
0.3
 10
82.85
 20
0.3
 10
82.85
 20
1.8
 10
83.15
 20
1.8
 10
83.15
 20
0.0
  0
HATCH
  5
58C
330
17
100
AcDbEntity
  8
A-WALL-PATT
 62
8
100
AcDbHatch
 10
0.0
 20
0.0
 30
0.0
210
0.0
220
0.0
230
1.0
  2
SOLID
 70
1
 71
0
 91
1
 92
3
 72
0
 73
1
 93
7
 10
83.15
 20
0.0
 10
81.35
 20
0.0
 10
81.35
 20
0.3
 10
82.85
 20
0.3
 10
82.85
 20
1.8
 10
83.15
 20
1.8
 10
83.15
 20
0.0
 97
0
 75
0
 76
1
 98
0
  0
LWPOLYLINE
  5
58D
330
17
100
AcDbEntity
  8
A-WALL
100
AcDbPolyline
 90
13
 70
1
 10
74.575
 20
0.0
 10
74.575
 20
0.3
 10
75.7
 20
0.3
 10
75.7
 20
5.6
 10
75.95
 20
5.6
 10
75.95
 20
5.45
 10
78.55
 20
5.45
 10
78.55
 20
5.3
 10
75.95
 20
5.3
 10
75.95
 20
0.3
 10
79.35
 20
0.3
 10
79.35
 20
0.0
 10
74.575
 20
0.0
  0
HATCH
  5
58E
330
17
100
AcDbEntity
  8
A-WALL-PATT
 62
8
100
AcDbHatch
 10
0.0
 20
0.0
 30
0.0
210
0.0
220
0.0
230
1.0
  2
SOLID
 70
1
 71
0
 91
1
 92
3
 72
0
 73
1
 93
13
 10
74.575
 20
0.0
 10
74.575
 20
0.3
 10
75.7
 20
0.3
 10
75.7
 20
5.6
 10
75.95
 20
5.6
 10
75.95
 20
5.45
 10
78.55
 20
5.45
 10
78.55
 20
5.3
 10
75.95
 20
5.3
 10
75.95
 20
0.3
 10
79.35
 20
0.3
 10
79.35
 20
0.0
 10
74.575
 20
0.0
 97
0
 75
0
 76
1
 98
0
  0
LWPOLYLINE
  5
58F
330
17
100
AcDbEntity
  8
A-WALL
100
AcDbPolyline
 90
13
 70
1
 10
67.8
 20
0.0
 10
67.8
 20
0.3
 10
71.2
 20
0.3
 10
71.2
 20
5.3
 10
68.6
 20
5.3
 10
68.6
 20
5.45
 10
71.2
 20
5.45
 10
71.2
 20
5.6
 10
71.45
 20
5.6
 10
71.45
 20
0.3
 10
72.575
 20
0.3
 10
72.575
 20
0.0
 10
67.8
 20
0.0
  0
HATCH
  5
590
330
17
100
AcDbEntity
  8
A-WALL-PATT
 62
8
100
AcDbHatch
 10
0.0
 20
0.0
 30
0.0
210
0.0
220
0.0
230
1.0
  2
SOLID
 70
1
 71
0
 91
1
 92
3
 72
0
 73
1
 93
13
 10
67.8
 20
0.0
 10
67.8
 20
0.3
 10
71.2
 20
0.3
 10
71.2
 20
5.3
 10
68.6
 20
5.3
 10
68.6
 20
5.45
 10
71.2
 20
5.45
 10
71.2
 20
5.6
 10
71.45
 20
5.6
 10
71.45
 20
0.3
 10
72.575
 20
0.3
 10
72.575
 20
0.0
 10
67.8
 20
0.0
 97
0
 75
0
 76
1
 98
0
  0
LINE
  5
591
330
17
100
AcDbEntity
  8
A-DOOR
100
AcDbLine
 10
67.8
 20
22.625
 30
0.0
 11
67.8
 21
23.525
 31
0.0
  0
ARC
  5
592
330
17
100
AcDbEntity
  8
A-DOOR
100
AcDbCircle
 10
67.8
 20
22.625
 30
0.0
 40
0.8999999999999986
100
AcDbArc
 50
0.0
 51
90.0
  0
LINE
  5
593
330
17
100
AcDbEntity
  8
A-DOOR
100
AcDbLine
 10
79.35
 20
22.625
 30
0.0
 11
79.35
 21
23.525
 31
0.0
  0
ARC
  5
594
330
17
100
AcDbEntity
  8
A-DOOR
100
AcDbCircle
 10
79.35
 20
22.625
 30
0.0
 40
0.8999999999999986
100
AcDbArc
 50
90.0
 51
180.0
  0
LINE
  5
595
330
17
100
AcDbEntity
  8
A-DOOR
100
AcDbLine
 10
66.875
 20
21.3
 30
0.0
 11
66.175
 21
21.3
 31
0.0
  0
ARC
  5
596
330
17
100
AcDbEntity
  8
A-DOOR
100
AcDbCircle
 10
66.875
 20
21.3
 30
0.0
 40
0.7000000000000002
100
AcDbArc
 50
90.0
 51
180.0
  0
LINE
  5
597
330
17
100
AcDbEntity
  8
A-DOOR
100
AcDbLine
 10
80.275
 20
21.3
 30
0.0
 11
80.975
 21
21.3
 31
0.0
  0
ARC
  5
598
330
17
100
AcDbEntity
  8
A-DOOR
100
AcDbCircle
 10
80.275
 20
21.3
 30
0.0
 40
0.6999999999999993
100
AcDbArc
 50
0.0
 51
90.0
  0
LINE
  5
599
330
17
100
AcDbEntity
  8
A-DOOR
100
AcDbLine
 10
69.375
 20
21.3
 30
0.0
 11
68.475
 21
21.3
 31
0.0
  0
ARC
  5
59A
330
17
100
AcDbEntity
  8
A-DOOR
100
AcDbCircle
 10
69.375
 20
21.3
 30
0.0
 40
0.9000000000000004
100
AcDbArc
 50
90.0
 51
180.0
  0
LINE
  5
59B
330
17
100
AcDbEntity
  8
A-DOOR
100
AcDbLine
 10
77.775
 20
21.3
 30
0.0
 11
78.675
 21
21.3
 31
0.0
  0
ARC
  5
59C
330
17
100
AcDbEntity
  8
A-DOOR
100
AcDbCircle
 10
77.775
 20
21.3
 30
0.0
 40
0.9000000000000004
100
AcDbArc
 50
0.0
 51
90.0
  0
LINE
  5
59D
330
17
100
AcDbEntity
  8
A-DOOR
100
AcDbLine
 10
69.65
 20
23.625
 30
0.0
 11
69.65
 21
24.525
 31
0.0
  0
ARC
  5
59E
330
17
100
AcDbEntity
  8
A-DOOR
100
AcDbCircle
 10
69.65
 20
23.625
 30
0.0
 40
0.8999999999999986
100
AcDbArc
 50
0.0
 51
90.0
  0
LINE
  5
59F
330
17
100
AcDbEntity
  8
A-DOOR
100
AcDbLine
 10
77.5
 20
23.625
 30
0.0
 11
77.5
 21
24.525
 31
0.0
  0
ARC
  5
5A0
330
17
100
AcDbEntity
  8
A-DOOR
100
AcDbCircle
 10
77.5
 20
23.625
 30
0.0
 40
0.8999999999999986
100
AcDbArc
 50
90.0
 51
180.0
  0
LINE
  5
5A1
330
17
100
AcDbEntity
  8
A-DOOR
100
AcDbLine
 10
71.325
 20
22.15
 30
0.0
 11
72.125
 21
22.15
 31
0.0
  0
ARC
  5
5A2
330
17
100
AcDbEntity
  8
A-DOOR
100
AcDbCircle
 10
71.325
 20
22.15
 30
0.0
 40
0.7999999999999998
100
AcDbArc
 50
0.0
 51
90.0
  0
LINE
  5
5A3
330
17
100
AcDbEntity
  8
A-DOOR
100
AcDbLine
 10
75.825
 20
22.15
 30
0.0
 11
75.025
 21
22.15
 31
0.0
  0
ARC
  5
5A4
330
17
100
AcDbEntity
  8
A-DOOR
100
AcDbCircle
 10
75.825
 20
22.15
 30
0.0
 40
0.8000000000000007
100
AcDbArc
 50
90.0
 51
180.0
  0
LINE
  5
5A5
330
17
100
AcDbEntity
  8
A-DOOR
100
AcDbLine
 10
71.325
 20
19.9
 30
0.0
 11
72.125
 21
19.9
 31
0.0
  0
ARC
  5
5A6
330
17
100
AcDbEntity
  8
A-DOOR
100
AcDbCircle
 10
71.325
 20
19.9
 30
0.0
 40
0.7999999999999998
100
AcDbArc
 50
0.0
 51
90.0
  0
LINE
  5
5A7
330
17
100
AcDbEntity
  8
A-DOOR
100
AcDbLine
 10
75.825
 20
19.9
 30
0.0
 11
75.025
 21
19.9
 31
0.0
  0
ARC
  5
5A8
330
17
100
AcDbEntity
  8
A-DOOR
100
AcDbCircle
 10
75.825
 20
19.9
 30
0.0
 40
0.8000000000000007
100
AcDbArc
 50
90.0
 51
180.0
  0
LINE
  5
5A9
330
17
100
AcDbEntity
  8
A-DOOR
100
AcDbLine
 10
68.375
 20
19.9
 30
0.0
 11
67.475
 21
19.9
 31
0.0
  0
ARC
  5
5AA
330
17
100
AcDbEntity
  8
A-DOOR
100
AcDbCircle
 10
68.375
 20
19.9
 30
0.0
 40
0.8999999999999999
100
AcDbArc
 50
90.0
 51
180.0
  0
LINE
  5
5AB
330
17
100
AcDbEntity
  8
A-DOOR
100
AcDbLine
 10
78.775
 20
19.9
 30
0.0
 11
79.675
 21
19.9
 31
0.0
  0
ARC
  5
5AC
330
17
100
AcDbEntity
  8
A-DOOR
100
AcDbCircle
 10
78.775
 20
19.9
 30
0.0
 40
0.9000000000000004
100
AcDbArc
 50
0.0
 51
90.0
  0
LINE
  5
5AD
330
17
100
AcDbEntity
  8
A-DOOR
100
AcDbLine
 10
68.375
 20
8.3
 30
0.0
 11
67.475
 21
8.3
 31
0.0
  0
ARC
  5
5AE
330
17
100
AcDbEntity
  8
A-DOOR
100
AcDbCircle
 10
68.375
 20
8.3
 30
0.0
 40
0.8999999999999999
100
AcDbArc
 50
90.0
 51
180.0
  0
LINE
  5
5AF
330
17
100
AcDbEntity
  8
A-DOOR
100
AcDbLine
 10
78.775
 20
8.3
 30
0.0
 11
79.675
 21
8.3
 31
0.0
  0
ARC
  5
5B0
330
17
100
AcDbEntity
  8
A-DOOR
100
AcDbCircle
 10
78.775
 20
8.3
 30
0.0
 40
0.9000000000000004
100
AcDbArc
 50
0.0
 51
90.0
  0
LINE
  5
5B1
330
17
100
AcDbEntity
  8
A-DOOR
100
AcDbLine
 10
71.325
 20
10.2
 30
0.0
 11
72.125
 21
10.2
 31
0.0
  0
ARC
  5
5B2
330
17
100
AcDbEntity
  8
A-DOOR
100
AcDbCircle
 10
71.325
 20
10.2
 30
0.0
 40
0.7999999999999998
100
AcDbArc
 50
0.0
 51
90.0
  0
LINE
  5
5B3
330
17
100
AcDbEntity
  8
A-DOOR
100
AcDbLine
 10
75.825
 20
10.2
 30
0.0
 11
75.025
 21
10.2
 31
0.0
  0
ARC
  5
5B4
330
17
100
AcDbEntity
  8
A-DOOR
100
AcDbCircle
 10
75.825
 20
10.2
 30
0.0
 40
0.8000000000000007
100
AcDbArc
 50
90.0
 51
180.0
  0
LINE
  5
5B5
330
17
100
AcDbEntity
  8
A-DOOR
100
AcDbLine
 10
66.375
 20
6.05
 30
0.0
 11
65.675
 21
6.05
 31
0.0
  0
ARC
  5
5B6
330
17
100
AcDbEntity
  8
A-DOOR
100
AcDbCircle
 10
66.375
 20
6.05
 30
0.0
 40
0.7
100
AcDbArc
 50
90.0
 51
180.0
  0
LINE
  5
5B7
330
17
100
AcDbEntity
  8
A-DOOR
100
AcDbLine
 10
80.775
 20
6.05
 30
0.0
 11
81.475
 21
6.05
 31
0.0
  0
ARC
  5
5B8
330
17
100
AcDbEntity
  8
A-DOOR
100
AcDbCircle
 10
80.775
 20
6.05
 30
0.0
 40
0.6999999999999993
100
AcDbArc
 50
0.0
 51
90.0
  0
LINE
  5
5B9
330
17
100
AcDbEntity
  8
A-DOOR
100
AcDbLine
 10
67.7
 20
5.375
 30
0.0
 11
67.7
 21
4.475
 31
0.0
  0
ARC
  5
5BA
330
17
100
AcDbEntity
  8
A-DOOR
100
AcDbCircle
 10
67.7
 20
5.375
 30
0.0
 40
0.9000000000000004
100
AcDbArc
 50
270.0
 51
0.0
  0
LINE
  5
5BB
330
17
100
AcDbEntity
  8
A-DOOR
100
AcDbLine
 10
79.45
 20
5.375
 30
0.0
 11
79.45
 21
4.475
 31
0.0
  0
ARC
  5
5BC
330
17
100
AcDbEntity
  8
A-DOOR
100
AcDbCircle
 10
79.45
 20
5.375
 30
0.0
 40
0.9000000000000004
100
AcDbArc
 50
180.0
 51
270.0
  0
LINE
  5
5BD
330
17
100
AcDbEntity
  8
A-DOOR
100
AcDbLine
 10
71.325
 20
5.6
 30
0.0
 11
70.325
 21
5.6
 31
0.0
  0
ARC
  5
5BE
330
17
100
AcDbEntity
  8
A-DOOR
100
AcDbCircle
 10
71.325
 20
5.6
 30
0.0
 40
1.0
100
AcDbArc
 50
90.0
 51
180.0
  0
LINE
  5
5BF
330
17
100
AcDbEntity
  8
A-DOOR
100
AcDbLine
 10
75.825
 20
5.6
 30
0.0
 11
76.825
 21
5.6
 31
0.0
  0
ARC
  5
5C0
330
17
100
AcDbEntity
  8
A-DOOR
100
AcDbCircle
 10
75.825
 20
5.6
 30
0.0
 40
1.0
100
AcDbArc
 50
0.0
 51
90.0
  0
LINE
  5
5C1
330
17
100
AcDbEntity
  8
A-DOOR
100
AcDbLine
 10
65.91
 20
12.75
 30
0.0
 11
65.91
 21
14.35
 31
0.0
  0
LINE
  5
5C2
330
17
100
AcDbEntity
  8
A-DOOR
100
AcDbLine
 10
65.99
 20
14.15
 30
0.0
 11
65.99
 21
15.75
 31
0.0
  0
LINE
  5
5C3
330
17
100
AcDbEntity
  8
A-DOOR
100
AcDbLine
 10
81.16
 20
12.75
 30
0.0
 11
81.16
 21
14.35
 31
0.0
  0
LINE
  5
5C4
330
17
100
AcDbEntity
  8
A-DOOR
100
AcDbLine
 10
81.24
 20
14.15
 30
0.0
 11
81.24
 21
15.75
 31
0.0
  0
LWPOLYLINE
  5
5C5
330
17
100
AcDbEntity
  8
A-GLAZ
100
AcDbPolyline
 90
4
 70
1
 10
64.0
 20
21.35
 10
64.3
 20
21.35
 10
64.3
 20
22.25
 10
64.0
 20
22.25
  0
LINE
  5
5C6
330
17
100
AcDbEntity
  8
A-GLAZ
100
AcDbLine
 10
64.12
 20
21.35
 30
0.0
 11
64.12
 21
22.25
 31
0.0
  0
LINE
  5
5C7
330
17
100
AcDbEntity
  8
A-GLAZ
100
AcDbLine
 10
64.18
 20
21.35
 30
0.0
 11
64.18
 21
22.25
 31
0.0
  0
LWPOLYLINE
  5
5C8
330
17
100
AcDbEntity
  8
A-GLAZ
100
AcDbPolyline
 90
4
 70
1
 10
64.0
 20
18.0
 10
64.3
 20
18.0
 10
64.3
 20
19.8
 10
64.0
 20
19.8
  0
LINE
  5
5C9
330
17
100
AcDbEntity
  8
A-GLAZ
100
AcDbLine
 10
64.12
 20
18.0
 30
0.0
 11
64.12
 21
19.8
 31
0.0
  0
LINE
  5
5CA
330
17
100
AcDbEntity
  8
A-GLAZ
100
AcDbLine
 10
64.18
 20
18.0
 30
0.0
 11
64.18
 21
19.8
 31
0.0
  0
LWPOLYLINE
  5
5CB
330
17
100
AcDbEntity
  8
A-GLAZ
100
AcDbPolyline
 90
4
 70
1
 10
64.0
 20
12.25
 10
64.3
 20
12.25
 10
64.3
 20
16.25
 10
64.0
 20
16.25
  0
LINE
  5
5CC
330
17
100
AcDbEntity
  8
A-GLAZ
100
AcDbLine
 10
64.12
 20
12.25
 30
0.0
 11
64.12
 21
16.25
 31
0.0
  0
LINE
  5
5CD
330
17
100
AcDbEntity
  8
A-GLAZ
100
AcDbLine
 10
64.18
 20
12.25
 30
0.0
 11
64.18
 21
16.25
 31
0.0
  0
LWPOLYLINE
  5
5CE
330
17
100
AcDbEntity
  8
A-GLAZ
100
AcDbPolyline
 90
4
 70
1
 10
64.0
 20
8.7
 10
64.3
 20
8.7
 10
64.3
 20
10.5
 10
64.0
 20
10.5
  0
LINE
  5
5CF
330
17
100
AcDbEntity
  8
A-GLAZ
100
AcDbLine
 10
64.12
 20
8.7
 30
0.0
 11
64.12
 21
10.5
 31
0.0
  0
LINE
  5
5D0
330
17
100
AcDbEntity
  8
A-GLAZ
100
AcDbLine
 10
64.18
 20
8.7
 30
0.0
 11
64.18
 21
10.5
 31
0.0
  0
LWPOLYLINE
  5
5D1
330
17
100
AcDbEntity
  8
A-GLAZ
100
AcDbPolyline
 90
4
 70
1
 10
64.0
 20
6.05
 10
64.3
 20
6.05
 10
64.3
 20
6.85
 10
64.0
 20
6.85
  0
LINE
  5
5D2
330
17
100
AcDbEntity
  8
A-GLAZ
100
AcDbLine
 10
64.12
 20
6.05
 30
0.0
 11
64.12
 21
6.85
 31
0.0
  0
LINE
  5
5D3
330
17
100
AcDbEntity
  8
A-GLAZ
100
AcDbLine
 10
64.18
 20
6.05
 30
0.0
 11
64.18
 21
6.85
 31
0.0
  0
LWPOLYLINE
  5
5D4
330
17
100
AcDbEntity
  8
A-GLAZ
100
AcDbPolyline
 90
4
 70
1
 10
64.0
 20
1.8
 10
64.3
 20
1.8
 10
64.3
 20
3.8
 10
64.0
 20
3.8
  0
LINE
  5
5D5
330
17
100
AcDbEntity
  8
A-GLAZ
100
AcDbLine
 10
64.12
 20
1.8
 30
0.0
 11
64.12
 21
3.8
 31
0.0
  0
LINE
  5
5D6
330
17
100
AcDbEntity
  8
A-GLAZ
100
AcDbLine
 10
64.18
 20
1.8
 30
0.0
 11
64.18
 21
3.8
 31
0.0
  0
LWPOLYLINE
  5
5D7
330
17
100
AcDbEntity
  8
A-GLAZ
100
AcDbPolyline
 90
4
 70
1
 10
65.8
 20
27.7
 10
67.8
 20
27.7
 10
67.8
 20
28.0
 10
65.8
 20
28.0
  0
LINE
  5
5D8
330
17
100
AcDbEntity
  8
A-GLAZ
100
AcDbLine
 10
65.8
 20
27.82
 30
0.0
 11
67.8
 21
27.82
 31
0.0
  0
LINE
  5
5D9
330
17
100
AcDbEntity
  8
A-GLAZ
100
AcDbLine
 10
65.8
 20
27.88
 30
0.0
 11
67.8
 21
27.88
 31
0.0
  0
LWPOLYLINE
  5
5DA
330
17
100
AcDbEntity
  8
A-GLAZ
100
AcDbPolyline
 90
4
 70
1
 10
70.45
 20
27.7
 10
72.45
 20
27.7
 10
72.45
 20
28.0
 10
70.45
 20
28.0
  0
LINE
  5
5DB
330
17
100
AcDbEntity
  8
A-GLAZ
100
AcDbLine
 10
70.45
 20
27.82
 30
0.0
 11
72.45
 21
27.82
 31
0.0
  0
LINE
  5
5DC
330
17
100
AcDbEntity
  8
A-GLAZ
100
AcDbLine
 10
70.45
 20
27.88
 30
0.0
 11
72.45
 21
27.88
 31
0.0
  0
LWPOLYLINE
  5
5DD
330
17
100
AcDbEntity
  8
A-GLAZ
100
AcDbPolyline
 90
4
 70
1
 10
65.8
 20
0.0
 10
67.8
 20
0.0
 10
67.8
 20
0.3
 10
65.8
 20
0.3
  0
LINE
  5
5DE
330
17
100
AcDbEntity
  8
A-GLAZ
100
AcDbLine
 10
65.8
 20
0.12
 30
0.0
 11
67.8
 21
0.12
 31
0.0
  0
LINE
  5
5DF
330
17
100
AcDbEntity
  8
A-GLAZ
100
AcDbLine
 10
65.8
 20
0.18
 30
0.0
 11
67.8
 21
0.18
 31
0.0
  0
LWPOLYLINE
  5
5E0
330
17
100
AcDbEntity
  8
A-GLAZ
100
AcDbPolyline
 90
4
 70
1
 10
82.85
 20
21.35
 10
83.15
 20
21.35
 10
83.15
 20
22.25
 10
82.85
 20
22.25
  0
LINE
  5
5E1
330
17
100
AcDbEntity
  8
A-GLAZ
100
AcDbLine
 10
82.97
 20
21.35
 30
0.0
 11
82.97
 21
22.25
 31
0.0
  0
LINE
  5
5E2
330
17
100
AcDbEntity
  8
A-GLAZ
100
AcDbLine
 10
83.03
 20
21.35
 30
0.0
 11
83.03
 21
22.25
 31
0.0
  0
LWPOLYLINE
  5
5E3
330
17
100
AcDbEntity
  8
A-GLAZ
100
AcDbPolyline
 90
4
 70
1
 10
82.85
 20
18.0
 10
83.15
 20
18.0
 10
83.15
 20
19.8
 10
82.85
 20
19.8
  0
LINE
  5
5E4
330
17
100
AcDbEntity
  8
A-GLAZ
100
AcDbLine
 10
82.97
 20
18.0
 30
0.0
 11
82.97
 21
19.8
 31
0.0
  0
LINE
  5
5E5
330
17
100
AcDbEntity
  8
A-GLAZ
100
AcDbLine
 10
83.03
 20
18.0
 30
0.0
 11
83.03
 21
19.8
 31
0.0
  0
LWPOLYLINE
  5
5E6
330
17
100
AcDbEntity
  8
A-GLAZ
100
AcDbPolyline
 90
4
 70
1
 10
82.85
 20
12.25
 10
83.15
 20
12.25
 10
83.15
 20
16.25
 10
82.85
 20
16.25
  0
LINE
  5
5E7
330
17
100
AcDbEntity
  8
A-GLAZ
100
AcDbLine
 10
82.97
 20
12.25
 30
0.0
 11
82.97
 21
16.25
 31
0.0
  0
LINE
  5
5E8
330
17
100
AcDbEntity
  8
A-GLAZ
100
AcDbLine
 10
83.03
 20
12.25
 30
0.0
 11
83.03
 21
16.25
 31
0.0
  0
LWPOLYLINE
  5
5E9
330
17
100
AcDbEntity
  8
A-GLAZ
100
AcDbPolyline
 90
4
 70
1
 10
82.85
 20
8.7
 10
83.15
 20
8.7
 10
83.15
 20
10.5
 10
82.85
 20
10.5
  0
LINE
  5
5EA
330
17
100
AcDbEntity
  8
A-GLAZ
100
AcDbLine
 10
82.97
 20
8.7
 30
0.0
 11
82.97
 21
10.5
 31
0.0
  0
LINE
  5
5EB
330
17
100
AcDbEntity
  8
A-GLAZ
100
AcDbLine
 10
83.03
 20
8.7
 30
0.0
 11
83.03
 21
10.5
 31
0.0
  0
LWPOLYLINE
  5
5EC
330
17
100
AcDbEntity
  8
A-GLAZ
100
AcDbPolyline
 90
4
 70
1
 10
82.85
 20
6.05
 10
83.15
 20
6.05
 10
83.15
 20
6.85
 10
82.85
 20
6.85
  0
LINE
  5
5ED
330
17
100
AcDbEntity
  8
A-GLAZ
100
AcDbLine
 10
82.97
 20
6.05
 30
0.0
 11
82.97
 21
6.85
 31
0.0
  0
LINE
  5
5EE
330
17
100
AcDbEntity
  8
A-GLAZ
100
AcDbLine
 10
83.03
 20
6.05
 30
0.0
 11
83.03
 21
6.85
 31
0.0
  0
LWPOLYLINE
  5
5EF
330
17
100
AcDbEntity
  8
A-GLAZ
100
AcDbPolyline
 90
4
 70
1
 10
82.85
 20
1.8
 10
83.15
 20
1.8
 10
83.15
 20
3.8
 10
82.85
 20
3.8
  0
LINE
  5
5F0
330
17
100
AcDbEntity
  8
A-GLAZ
100
AcDbLine
 10
82.97
 20
1.8
 30
0.0
 11
82.97
 21
3.8
 31
0.0
  0
LINE
  5
5F1
330
17
100
AcDbEntity
  8
A-GLAZ
100
AcDbLine
 10
83.03
 20
1.8
 30
0.0
 11
83.03
 21
3.8
 31
0.0
  0
LWPOLYLINE
  5
5F2
330
17
100
AcDbEntity
  8
A-GLAZ
100
AcDbPolyline
 90
4
 70
1
 10
79.35
 20
27.7
 10
81.35
 20
27.7
 10
81.35
 20
28.0
 10
79.35
 20
28.0
  0
LINE
  5
5F3
330
17
100
AcDbEntity
  8
A-GLAZ
100
AcDbLine
 10
79.35
 20
27.82
 30
0.0
 11
81.35
 21
27.82
 31
0.0
  0
LINE
  5
5F4
330
17
100
AcDbEntity
  8
A-GLAZ
100
AcDbLine
 10
79.35
 20
27.88
 30
0.0
 11
81.35
 21
27.88
 31
0.0
  0
LWPOLYLINE
  5
5F5
330
17
100
AcDbEntity
  8
A-GLAZ
100
AcDbPolyline
 90
4
 70
1
 10
74.7
 20
27.7
 10
76.7
 20
27.7
 10
76.7
 20
28.0
 10
74.7
 20
28.0
  0
LINE
  5
5F6
330
17
100
AcDbEntity
  8
A-GLAZ
100
AcDbLine
 10
74.7
 20
27.82
 30
0.0
 11
76.7
 21
27.82
 31
0.0
  0
LINE
  5
5F7
330
17
100
AcDbEntity
  8
A-GLAZ
100
AcDbLine
 10
74.7
 20
27.88
 30
0.0
 11
76.7
 21
27.88
 31
0.0
  0
LWPOLYLINE
  5
5F8
330
17
100
AcDbEntity
  8
A-GLAZ
100
AcDbPolyline
 90
4
 70
1
 10
79.35
 20
0.0
 10
81.35
 20
0.0
 10
81.35
 20
0.3
 10
79.35
 20
0.3
  0
LINE
  5
5F9
330
17
100
AcDbEntity
  8
A-GLAZ
100
AcDbLine
 10
79.35
 20
0.12
 30
0.0
 11
81.35
 21
0.12
 31
0.0
  0
LINE
  5
5FA
330
17
100
AcDbEntity
  8
A-GLAZ
100
AcDbLine
 10
79.35
 20
0.18
 30
0.0
 11
81.35
 21
0.18
 31
0.0
  0
LWPOLYLINE
  5
5FB
330
17
100
AcDbEntity
  8
A-GLAZ
100
AcDbPolyline
 90
4
 70
1
 10
72.575
 20
0.0
 10
74.575
 20
0.0
 10
74.575
 20
0.3
 10
72.575
 20
0.3
  0
LINE
  5
5FC
330
17
100
AcDbEntity
  8
A-GLAZ
100
AcDbLine
 10
72.575
 20
0.12
 30
0.0
 11
74.575
 21
0.12
 31
0.0
  0
LINE
  5
5FD
330
17
100
AcDbEntity
  8
A-GLAZ
100
AcDbLine
 10
72.575
 20
0.18
 30
0.0
 11
74.575
 21
0.18
 31
0.0
  0
LWPOLYLINE
  5
5FE
330
17
100
AcDbEntity
  8
A-FLOR-STRS
100
AcDbPolyline
 90
4
 70
1
 10
72.425
 20
5.5299999999999985
 10
73.525
 20
5.5299999999999985
 10
73.525
 20
8.049999999999999
 10
72.425
 20
8.049999999999999
  0
LINE
  5
5FF
330
17
100
AcDbEntity
  8
A-FLOR-STRS
100
AcDbLine
 10
72.425
 20
5.5299999999999985
 30
0.0
 11
73.525
 21
5.5299999999999985
 31
0.0
  0
LINE
  5
600
330
17
100
AcDbEntity
  8
A-FLOR-STRS
100
AcDbLine
 10
72.425
 20
5.809999999999999
 30
0.0
 11
73.525
 21
5.809999999999999
 31
0.0
  0
LINE
  5
601
330
17
100
AcDbEntity
  8
A-FLOR-STRS
100
AcDbLine
 10
72.425
 20
6.089999999999998
 30
0.0
 11
73.525
 21
6.089999999999998
 31
0.0
  0
LINE
  5
602
330
17
100
AcDbEntity
  8
A-FLOR-STRS
100
AcDbLine
 10
72.425
 20
6.369999999999998
 30
0.0
 11
73.525
 21
6.369999999999998
 31
0.0
  0
LINE
  5
603
330
17
100
AcDbEntity
  8
A-FLOR-STRS
100
AcDbLine
 10
72.425
 20
6.649999999999999
 30
0.0
 11
73.525
 21
6.649999999999999
 31
0.0
  0
LINE
  5
604
330
17
100
AcDbEntity
  8
A-FLOR-STRS
100
AcDbLine
 10
72.425
 20
6.929999999999999
 30
0.0
 11
73.525
 21
6.929999999999999
 31
0.0
  0
LINE
  5
605
330
17
100
AcDbEntity
  8
A-FLOR-STRS
100
AcDbLine
 10
72.425
 20
7.209999999999999
 30
0.0
 11
73.525
 21
7.209999999999999
 31
0.0
  0
LINE
  5
606
330
17
100
AcDbEntity
  8
A-FLOR-STRS
100
AcDbLine
 10
72.425
 20
7.489999999999998
 30
0.0
 11
73.525
 21
7.489999999999998
 31
0.0
  0
LINE
  5
607
330
17
100
AcDbEntity
  8
A-FLOR-STRS
100
AcDbLine
 10
72.425
 20
7.769999999999999
 30
0.0
 11
73.525
 21
7.769999999999999
 31
0.0
  0
LINE
  5
608
330
17
100
AcDbEntity
  8
A-FLOR-STRS
100
AcDbLine
 10
72.425
 20
8.049999999999999
 30
0.0
 11
73.525
 21
8.049999999999999
 31
0.0
  0
LWPOLYLINE
  5
609
330
17
100
AcDbEntity
  8
A-FLOR-STRS
100
AcDbPolyline
 90
4
 70
1
 10
73.625
 20
5.5299999999999985
 10
74.725
 20
5.5299999999999985
 10
74.725
 20
8.049999999999999
 10
73.625
 20
8.049999999999999
  0
LINE
  5
60A
330
17
100
AcDbEntity
  8
A-FLOR-STRS
100
AcDbLine
 10
73.625
 20
5.5299999999999985
 30
0.0
 11
74.725
 21
5.5299999999999985
 31
0.0
  0
LINE
  5
60B
330
17
100
AcDbEntity
  8
A-FLOR-STRS
100
AcDbLine
 10
73.625
 20
5.809999999999999
 30
0.0
 11
74.725
 21
5.809999999999999
 31
0.0
  0
LINE
  5
60C
330
17
100
AcDbEntity
  8
A-FLOR-STRS
100
AcDbLine
 10
73.625
 20
6.089999999999998
 30
0.0
 11
74.725
 21
6.089999999999998
 31
0.0
  0
LINE
  5
60D
330
17
100
AcDbEntity
  8
A-FLOR-STRS
100
AcDbLine
 10
73.625
 20
6.369999999999998
 30
0.0
 11
74.725
 21
6.369999999999998
 31
0.0
  0
LINE
  5
60E
330
17
100
AcDbEntity
  8
A-FLOR-STRS
100
AcDbLine
 10
73.625
 20
6.649999999999999
 30
0.0
 11
74.725
 21
6.649999999999999
 31
0.0
  0
LINE
  5
60F
330
17
100
AcDbEntity
  8
A-FLOR-STRS
100
AcDbLine
 10
73.625
 20
6.929999999999999
 30
0.0
 11
74.725
 21
6.929999999999999
 31
0.0
  0
LINE
  5
610
330
17
100
AcDbEntity
  8
A-FLOR-STRS
100
AcDbLine
 10
73.625
 20
7.209999999999999
 30
0.0
 11
74.725
 21
7.209999999999999
 31
0.0
  0
LINE
  5
611
330
17
100
AcDbEntity
  8
A-FLOR-STRS
100
AcDbLine
 10
73.625
 20
7.489999999999998
 30
0.0
 11
74.725
 21
7.489999999999998
 31
0.0
  0
LINE
  5
612
330
17
100
AcDbEntity
  8
A-FLOR-STRS
100
AcDbLine
 10
73.625
 20
7.769999999999999
 30
0.0
 11
74.725
 21
7.769999999999999
 31
0.0
  0
LINE
  5
613
330
17
100
AcDbEntity
  8
A-FLOR-STRS
100
AcDbLine
 10
73.625
 20
8.049999999999999
 30
0.0
 11
74.725
 21
8.049999999999999
 31
0.0
  0
LWPOLYLINE
  5
614
330
17
100
AcDbEntity
  8
A-FLOR-STRS
100
AcDbPolyline
 90
4
 70
1
 10
73.525
 20
5.5299999999999985
 10
73.625
 20
5.5299999999999985
 10
73.625
 20
8.049999999999999
 10
73.525
 20
8.049999999999999
  0
LINE
  5
615
330
17
100
AcDbEntity
  8
A-FLOR-STRS
100
AcDbLine
 10
72.425
 20
8.049999999999999
 30
0.0
 11
74.725
 21
8.049999999999999
 31
0.0
  0
LINE
  5
616
330
17
100
AcDbEntity
  8
A-FLOR-STRS
100
AcDbLine
 10
72.975
 20
5.679999999999999
 30
0.0
 11
72.975
 21
7.849999999999999
 31
0.0
  0
LWPOLYLINE
  5
617
330
17
100
AcDbEntity
  8
A-FLOR-STRS
100
AcDbPolyline
 90
3
 70
0
 10
72.855
 20
7.599999999999999
 10
72.975
 20
7.849999999999999
 10
73.095
 20
7.599999999999999
  0
TEXT
  5
618
330
17
100
AcDbEntity
  8
A-ANNO-TEXT
100
AcDbText
 10
72.975
 20
5.2799999999999985
 30
0.0
 40
0.18
  1
UP
  7
OpenSans
 72
1
 11
72.975
 21
5.2799999999999985
 31
0.0
100
AcDbText
 73
2
  0
LINE
  5
619
330
17
100
AcDbEntity
  8
A-FLOR-STRS
100
AcDbLine
 10
74.175
 20
5.679999999999999
 30
0.0
 11
74.175
 21
7.849999999999999
 31
0.0
  0
LWPOLYLINE
  5
61A
330
17
100
AcDbEntity
  8
A-FLOR-STRS
100
AcDbPolyline
 90
3
 70
0
 10
74.055
 20
7.599999999999999
 10
74.175
 20
7.849999999999999
 10
74.295
 20
7.599999999999999
  0
TEXT
  5
61B
330
17
100
AcDbEntity
  8
A-ANNO-TEXT
100
AcDbText
 10
74.175
 20
5.2799999999999985
 30
0.0
 40
0.18
  1
DN
  7
OpenSans
 72
1
 11
74.175
 21
5.2799999999999985
 31
0.0
100
AcDbText
 73
2
  0
LINE
  5
61C
330
17
100
AcDbEntity
  8
A-FLOR-STRS
100
AcDbLine
 10
72.425
 20
7.0
 30
0.0
 11
74.725
 21
7.4
 31
0.0
  0
TEXT
  5
61D
330
17
100
AcDbEntity
  8
A-ANNO-TEXT
100
AcDbText
 10
73.575
 20
8.7
 30
0.0
 40
0.16
  1
LANDING
  7
OpenSans
 72
1
 11
73.575
 21
8.7
 31
0.0
100
AcDbText
 73
2
  0
TEXT
  5
61E
330
17
100
AcDbEntity
  8
A-ANNO-TEXT
100
AcDbText
 10
73.575
 20
3.2
 30
0.0
 40
0.22
  1
STAIR LOBBY
  7
OpenSans
 72
1
 11
73.575
 21
3.2
 31
0.0
100
AcDbText
 73
2
  0
TEXT
  5
61F
330
17
100
AcDbEntity
  8
A-ANNO-TEXT
100
AcDbText
 10
66.8
 20
24.252
 30
0.0
 40
0.28
  1
MASTER BED R.
  7
OpenSans
 72
1
 11
66.8
 21
24.252
 31
0.0
100
AcDbText
 73
2
  0
TEXT
  5
620
330
17
100
AcDbEntity
  8
A-ANNO-TEXT
100
AcDbText
 10
66.8
 20
23.888
 30
0.0
 40
0.22400000000000003
  1
5.00 x 5.00
  7
OpenSans
 72
1
 11
66.8
 21
23.888
 31
0.0
100
AcDbText
 73
2
  0
TEXT
  5
621
330
17
100
AcDbEntity
  8
A-ANNO-TEXT
100
AcDbText
 10
80.35
 20
24.252
 30
0.0
 40
0.28
  1
MASTER BED R.
  7
OpenSans
 72
1
 11
80.35
 21
24.252
 31
0.0
100
AcDbText
 73
2
  0
TEXT
  5
622
330
17
100
AcDbEntity
  8
A-ANNO-TEXT
100
AcDbText
 10
80.35
 20
23.888
 30
0.0
 40
0.22400000000000003
  1
5.00 x 5.00
  7
OpenSans
 72
1
 11
80.35
 21
23.888
 31
0.0
100
AcDbText
 73
2
  0
TEXT
  5
623
330
17
100
AcDbEntity
  8
A-ANNO-TEXT
100
AcDbText
 10
65.55
 20
21.953
 30
0.0
 40
0.17
  1
MASTER BATH
  7
OpenSans
 72
1
 11
65.55
 21
21.953
 31
0.0
100
AcDbText
 73
2
  0
TEXT
  5
624
330
17
100
AcDbEntity
  8
A-ANNO-TEXT
100
AcDbText
 10
65.55
 20
21.732
 30
0.0
 40
0.136
  1
2.50 x 1.50
  7
OpenSans
 72
1
 11
65.55
 21
21.732
 31
0.0
100
AcDbText
 73
2
  0
TEXT
  5
625
330
17
100
AcDbEntity
  8
A-ANNO-TEXT
100
AcDbText
 10
81.6
 20
21.953
 30
0.0
 40
0.17
  1
MASTER BATH
  7
OpenSans
 72
1
 11
81.6
 21
21.953
 31
0.0
100
AcDbText
 73
2
  0
TEXT
  5
626
330
17
100
AcDbEntity
  8
A-ANNO-TEXT
100
AcDbText
 10
81.6
 20
21.732
 30
0.0
 40
0.136
  1
2.50 x 1.50
  7
OpenSans
 72
1
 11
81.6
 21
21.732
 31
0.0
100
AcDbText
 73
2
  0
TEXT
  5
627
330
17
100
AcDbEntity
  8
A-ANNO-TEXT
100
AcDbText
 10
68.125
 20
21.953
 30
0.0
 40
0.17
  1
LOBBY
  7
OpenSans
 72
1
 11
68.125
 21
21.953
 31
0.0
100
AcDbText
 73
2
  0
TEXT
  5
628
330
17
100
AcDbEntity
  8
A-ANNO-TEXT
100
AcDbText
 10
68.125
 20
21.732
 30
0.0
 40
0.136
  1
2.35 x 1.50
  7
OpenSans
 72
1
 11
68.125
 21
21.732
 31
0.0
100
AcDbText
 73
2
  0
TEXT
  5
629
330
17
100
AcDbEntity
  8
A-ANNO-TEXT
100
AcDbText
 10
79.025
 20
21.953
 30
0.0
 40
0.17
  1
LOBBY
  7
OpenSans
 72
1
 11
79.025
 21
21.953
 31
0.0
100
AcDbText
 73
2
  0
TEXT
  5
62A
330
17
100
AcDbEntity
  8
A-ANNO-TEXT
100
AcDbText
 10
79.025
 20
21.732
 30
0.0
 40
0.136
  1
2.35 x 1.50
  7
OpenSans
 72
1
 11
79.025
 21
21.732
 31
0.0
100
AcDbText
 73
2
  0
TEXT
  5
62B
330
17
100
AcDbEntity
  8
A-ANNO-TEXT
100
AcDbText
 10
67.2
 20
19.151999999999997
 30
0.0
 40
0.28
  1
BED R.
  7
OpenSans
 72
1
 11
67.2
 21
19.151999999999997
 31
0.0
100
AcDbText
 73
2
  0
TEXT
  5
62C
330
17
100
AcDbEntity
  8
A-ANNO-TEXT
100
AcDbText
 10
67.2
 20
18.788
 30
0.0
 40
0.22400000000000003
  1
4.00 x 4.00
  7
OpenSans
 72
1
 11
67.2
 21
18.788
 31
0.0
100
AcDbText
 73
2
  0
TEXT
  5
62D
330
17
100
AcDbEntity
  8
A-ANNO-TEXT
100
AcDbText
 10
79.95
 20
19.151999999999997
 30
0.0
 40
0.28
  1
BED R.
  7
OpenSans
 72
1
 11
79.95
 21
19.151999999999997
 31
0.0
100
AcDbText
 73
2
  0
TEXT
  5
62E
330
17
100
AcDbEntity
  8
A-ANNO-TEXT
100
AcDbText
 10
79.95
 20
18.788
 30
0.0
 40
0.22400000000000003
  1
4.00 x 4.00
  7
OpenSans
 72
1
 11
79.95
 21
18.788
 31
0.0
100
AcDbText
 73
2
  0
TEXT
  5
62F
330
17
100
AcDbEntity
  8
A-ANNO-TEXT
100
AcDbText
 10
71.45
 20
25.052
 30
0.0
 40
0.28
  1
BED R.
  7
OpenSans
 72
1
 11
71.45
 21
25.052
 31
0.0
100
AcDbText
 73
2
  0
TEXT
  5
630
330
17
100
AcDbEntity
  8
A-ANNO-TEXT
100
AcDbText
 10
71.45
 20
24.688000000000002
 30
0.0
 40
0.22400000000000003
  1
4.00 x 4.00
  7
OpenSans
 72
1
 11
71.45
 21
24.688000000000002
 31
0.0
100
AcDbText
 73
2
  0
TEXT
  5
631
330
17
100
AcDbEntity
  8
A-ANNO-TEXT
100
AcDbText
 10
75.7
 20
25.052
 30
0.0
 40
0.28
  1
BED R.
  7
OpenSans
 72
1
 11
75.7
 21
25.052
 31
0.0
100
AcDbText
 73
2
  0
TEXT
  5
632
330
17
100
AcDbEntity
  8
A-ANNO-TEXT
100
AcDbText
 10
75.7
 20
24.688000000000002
 30
0.0
 40
0.22400000000000003
  1
4.00 x 4.00
  7
OpenSans
 72
1
 11
75.7
 21
24.688000000000002
 31
0.0
100
AcDbText
 73
2
  0
TEXT
  5
633
330
17
100
AcDbEntity
  8
A-ANNO-TEXT
100
AcDbText
 10
70.325
 20
20.378
 30
0.0
 40
0.17
  1
CORRIDOR
  7
OpenSans
 72
1
 11
70.325
 21
20.378
 31
0.0
100
AcDbText
 73
2
  0
TEXT
  5
634
330
17
100
AcDbEntity
  8
A-ANNO-TEXT
100
AcDbText
 10
76.825
 20
20.378
 30
0.0
 40
0.17
  1
CORRIDOR
  7
OpenSans
 72
1
 11
76.825
 21
20.378
 31
0.0
100
AcDbText
 73
2
  0
TEXT
  5
635
330
17
100
AcDbEntity
  8
A-ANNO-TEXT
100
AcDbText
 10
72.45
 20
22.703
 30
0.0
 40
0.17
  1
BATH
  7
OpenSans
 72
1
 11
72.45
 21
22.703
 31
0.0
100
AcDbText
 73
2
  0
TEXT
  5
636
330
17
100
AcDbEntity
  8
A-ANNO-TEXT
100
AcDbText
 10
72.45
 20
22.482
 30
0.0
 40
0.136
  1
2.00 x 2.00
  7
OpenSans
 72
1
 11
72.45
 21
22.482
 31
0.0
100
AcDbText
 73
2
  0
TEXT
  5
637
330
17
100
AcDbEntity
  8
A-ANNO-TEXT
100
AcDbText
 10
74.7
 20
22.703
 30
0.0
 40
0.17
  1
BATH
  7
OpenSans
 72
1
 11
74.7
 21
22.703
 31
0.0
100
AcDbText
 73
2
  0
TEXT
  5
638
330
17
100
AcDbEntity
  8
A-ANNO-TEXT
100
AcDbText
 10
74.7
 20
22.482
 30
0.0
 40
0.136
  1
2.00 x 2.00
  7
OpenSans
 72
1
 11
74.7
 21
22.482
 31
0.0
100
AcDbText
 73
2
  0
TEXT
  5
639
330
17
100
AcDbEntity
  8
A-ANNO-TEXT
100
AcDbText
 10
72.45
 20
20.552999999999997
 30
0.0
 40
0.17
  1
MAID R.
  7
OpenSans
 72
1
 11
72.45
 21
20.552999999999997
 31
0.0
100
AcDbText
 73
2
  0
TEXT
  5
63A
330
17
100
AcDbEntity
  8
A-ANNO-TEXT
100
AcDbText
 10
72.45
 20
20.331999999999997
 30
0.0
 40
0.136
  1
2.00 x 2.00
  7
OpenSans
 72
1
 11
72.45
 21
20.331999999999997
 31
0.0
100
AcDbText
 73
2
  0
TEXT
  5
63B
330
17
100
AcDbEntity
  8
A-ANNO-TEXT
100
AcDbText
 10
74.7
 20
20.552999999999997
 30
0.0
 40
0.17
  1
MAID R.
  7
OpenSans
 72
1
 11
74.7
 21
20.552999999999997
 31
0.0
100
AcDbText
 73
2
  0
TEXT
  5
63C
330
17
100
AcDbEntity
  8
A-ANNO-TEXT
100
AcDbText
 10
74.7
 20
20.331999999999997
 30
0.0
 40
0.136
  1
2.00 x 2.00
  7
OpenSans
 72
1
 11
74.7
 21
20.331999999999997
 31
0.0
100
AcDbText
 73
2
  0
TEXT
  5
63D
330
17
100
AcDbEntity
  8
A-ANNO-TEXT
100
AcDbText
 10
65.05
 20
14.403
 30
0.0
 40
0.17
  1
BALCONY
  7
OpenSans
 72
1
 11
65.05
 21
14.403
 31
0.0
100
AcDbText
 73
2
  0
TEXT
  5
63E
330
17
100
AcDbEntity
  8
A-ANNO-TEXT
100
AcDbText
 10
65.05
 20
14.182
 30
0.0
 40
0.136
  1
1.50 x 5.00
  7
OpenSans
 72
1
 11
65.05
 21
14.182
 31
0.0
100
AcDbText
 73
2
  0
TEXT
  5
63F
330
17
100
AcDbEntity
  8
A-ANNO-TEXT
100
AcDbText
 10
82.1
 20
14.403
 30
0.0
 40
0.17
  1
BALCONY
  7
OpenSans
 72
1
 11
82.1
 21
14.403
 31
0.0
100
AcDbText
 73
2
  0
TEXT
  5
640
330
17
100
AcDbEntity
  8
A-ANNO-TEXT
100
AcDbText
 10
82.1
 20
14.182
 30
0.0
 40
0.136
  1
1.50 x 5.00
  7
OpenSans
 72
1
 11
82.1
 21
14.182
 31
0.0
100
AcDbText
 73
2
  0
TEXT
  5
641
330
17
100
AcDbEntity
  8
A-ANNO-TEXT
100
AcDbText
 10
69.2
 20
14.402000000000001
 30
0.0
 40
0.28
  1
LIVING ROOM
  7
OpenSans
 72
1
 11
69.2
 21
14.402000000000001
 31
0.0
100
AcDbText
 73
2
  0
TEXT
  5
642
330
17
100
AcDbEntity
  8
A-ANNO-TEXT
100
AcDbText
 10
69.2
 20
14.038
 30
0.0
 40
0.22400000000000003
  1
5.00 x 5.00
  7
OpenSans
 72
1
 11
69.2
 21
14.038
 31
0.0
100
AcDbText
 73
2
  0
TEXT
  5
643
330
17
100
AcDbEntity
  8
A-ANNO-TEXT
100
AcDbText
 10
77.95
 20
14.402000000000001
 30
0.0
 40
0.28
  1
LIVING ROOM
  7
OpenSans
 72
1
 11
77.95
 21
14.402000000000001
 31
0.0
100
AcDbText
 73
2
  0
TEXT
  5
644
330
17
100
AcDbEntity
  8
A-ANNO-TEXT
100
AcDbText
 10
77.95
 20
14.038
 30
0.0
 40
0.22400000000000003
  1
5.00 x 5.00
  7
OpenSans
 72
1
 11
77.95
 21
14.038
 31
0.0
100
AcDbText
 73
2
  0
TEXT
  5
645
330
17
100
AcDbEntity
  8
A-ANNO-TEXT
100
AcDbText
 10
72.35
 20
14.403
 30
0.0
 40
0.17
  1
DINING
  7
OpenSans
 72
1
 11
72.35
 21
14.403
 31
0.0
100
AcDbText
 73
2
  0
TEXT
  5
646
330
17
100
AcDbEntity
  8
A-ANNO-TEXT
100
AcDbText
 10
72.35
 20
14.182
 30
0.0
 40
0.136
  1
2.20 x 5.00
  7
OpenSans
 72
1
 11
72.35
 21
14.182
 31
0.0
100
AcDbText
 73
2
  0
TEXT
  5
647
330
17
100
AcDbEntity
  8
A-ANNO-TEXT
100
AcDbText
 10
74.8
 20
14.403
 30
0.0
 40
0.17
  1
DINING
  7
OpenSans
 72
1
 11
74.8
 21
14.403
 31
0.0
100
AcDbText
 73
2
  0
TEXT
  5
648
330
17
100
AcDbEntity
  8
A-ANNO-TEXT
100
AcDbText
 10
74.8
 20
14.182
 30
0.0
 40
0.136
  1
2.20 x 5.00
  7
OpenSans
 72
1
 11
74.8
 21
14.182
 31
0.0
100
AcDbText
 73
2
  0
TEXT
  5
649
330
17
100
AcDbEntity
  8
A-ANNO-TEXT
100
AcDbText
 10
66.6
 20
10.052
 30
0.0
 40
0.28
  1
KITCHEN
  7
OpenSans
 72
1
 11
66.6
 21
10.052
 31
0.0
100
AcDbText
 73
2
  0
TEXT
  5
64A
330
17
100
AcDbEntity
  8
A-ANNO-TEXT
100
AcDbText
 10
66.6
 20
9.687999999999999
 30
0.0
 40
0.22400000000000003
  1
4.00 x 4.00
  7
OpenSans
 72
1
 11
66.6
 21
9.687999999999999
 31
0.0
100
AcDbText
 73
2
  0
TEXT
  5
64B
330
17
100
AcDbEntity
  8
A-ANNO-TEXT
100
AcDbText
 10
80.55
 20
10.052
 30
0.0
 40
0.28
  1
KITCHEN
  7
OpenSans
 72
1
 11
80.55
 21
10.052
 31
0.0
100
AcDbText
 73
2
  0
TEXT
  5
64C
330
17
100
AcDbEntity
  8
A-ANNO-TEXT
100
AcDbText
 10
80.55
 20
9.687999999999999
 30
0.0
 40
0.22400000000000003
  1
4.00 x 4.00
  7
OpenSans
 72
1
 11
80.55
 21
9.687999999999999
 31
0.0
100
AcDbText
 73
2
  0
TEXT
  5
64D
330
17
100
AcDbEntity
  8
A-ANNO-TEXT
100
AcDbText
 10
69.825
 20
9.852
 30
0.0
 40
0.28
  1
HALL
  7
OpenSans
 72
1
 11
69.825
 21
9.852
 31
0.0
100
AcDbText
 73
2
  0
TEXT
  5
64E
330
17
100
AcDbEntity
  8
A-ANNO-TEXT
100
AcDbText
 10
77.325
 20
9.852
 30
0.0
 40
0.28
  1
HALL
  7
OpenSans
 72
1
 11
77.325
 21
9.852
 31
0.0
100
AcDbText
 73
2
  0
TEXT
  5
64F
330
17
100
AcDbEntity
  8
A-ANNO-TEXT
100
AcDbText
 10
72.45
 20
10.753
 30
0.0
 40
0.17
  1
BATH
  7
OpenSans
 72
1
 11
72.45
 21
10.753
 31
0.0
100
AcDbText
 73
2
  0
TEXT
  5
650
330
17
100
AcDbEntity
  8
A-ANNO-TEXT
100
AcDbText
 10
72.45
 20
10.532
 30
0.0
 40
0.136
  1
2.00 x 2.00
  7
OpenSans
 72
1
 11
72.45
 21
10.532
 31
0.0
100
AcDbText
 73
2
  0
TEXT
  5
651
330
17
100
AcDbEntity
  8
A-ANNO-TEXT
100
AcDbText
 10
74.7
 20
10.753
 30
0.0
 40
0.17
  1
BATH
  7
OpenSans
 72
1
 11
74.7
 21
10.753
 31
0.0
100
AcDbText
 73
2
  0
TEXT
  5
652
330
17
100
AcDbEntity
  8
A-ANNO-TEXT
100
AcDbText
 10
74.7
 20
10.532
 30
0.0
 40
0.136
  1
2.00 x 2.00
  7
OpenSans
 72
1
 11
74.7
 21
10.532
 31
0.0
100
AcDbText
 73
2
  0
TEXT
  5
653
330
17
100
AcDbEntity
  8
A-ANNO-TEXT
100
AcDbText
 10
65.3
 20
6.603
 30
0.0
 40
0.17
  1
BATH
  7
OpenSans
 72
1
 11
65.3
 21
6.603
 31
0.0
100
AcDbText
 73
2
  0
TEXT
  5
654
330
17
100
AcDbEntity
  8
A-ANNO-TEXT
100
AcDbText
 10
65.3
 20
6.382000000000001
 30
0.0
 40
0.136
  1
2.00 x 2.00
  7
OpenSans
 72
1
 11
65.3
 21
6.382000000000001
 31
0.0
100
AcDbText
 73
2
  0
TEXT
  5
655
330
17
100
AcDbEntity
  8
A-ANNO-TEXT
100
AcDbText
 10
81.85
 20
6.603
 30
0.0
 40
0.17
  1
BATH
  7
OpenSans
 72
1
 11
81.85
 21
6.603
 31
0.0
100
AcDbText
 73
2
  0
TEXT
  5
656
330
17
100
AcDbEntity
  8
A-ANNO-TEXT
100
AcDbText
 10
81.85
 20
6.382000000000001
 30
0.0
 40
0.136
  1
2.00 x 2.00
  7
OpenSans
 72
1
 11
81.85
 21
6.382000000000001
 31
0.0
100
AcDbText
 73
2
  0
TEXT
  5
657
330
17
100
AcDbEntity
  8
A-ANNO-TEXT
100
AcDbText
 10
68.825
 20
6.603
 30
0.0
 40
0.17
  1
ENTRANCE
  7
OpenSans
 72
1
 11
68.825
 21
6.603
 31
0.0
100
AcDbText
 73
2
  0
TEXT
  5
658
330
17
100
AcDbEntity
  8
A-ANNO-TEXT
100
AcDbText
 10
78.325
 20
6.603
 30
0.0
 40
0.17
  1
ENTRANCE
  7
OpenSans
 72
1
 11
78.325
 21
6.603
 31
0.0
100
AcDbText
 73
2
  0
TEXT
  5
659
330
17
100
AcDbEntity
  8
A-ANNO-TEXT
100
AcDbText
 10
67.75
 20
2.652
 30
0.0
 40
0.28
  1
GUEST ROOM
  7
OpenSans
 72
1
 11
67.75
 21
2.652
 31
0.0
100
AcDbText
 73
2
  0
TEXT
  5
65A
330
17
100
AcDbEntity
  8
A-ANNO-TEXT
100
AcDbText
 10
67.75
 20
2.288
 30
0.0
 40
0.22400000000000003
  1
6.90 x 5.00
  7
OpenSans
 72
1
 11
67.75
 21
2.288
 31
0.0
100
AcDbText
 73
2
  0
TEXT
  5
65B
330
17
100
AcDbEntity
  8
A-ANNO-TEXT
100
AcDbText
 10
79.4
 20
2.652
 30
0.0
 40
0.28
  1
GUEST ROOM
  7
OpenSans
 72
1
 11
79.4
 21
2.652
 31
0.0
100
AcDbText
 73
2
  0
TEXT
  5
65C
330
17
100
AcDbEntity
  8
A-ANNO-TEXT
100
AcDbText
 10
79.4
 20
2.288
 30
0.0
 40
0.22400000000000003
  1
6.90 x 5.00
  7
OpenSans
 72
1
 11
79.4
 21
2.288
 31
0.0
100
AcDbText
 73
2
  0
LINE
  5
65D
330
17
100
AcDbEntity
  8
A-ANNO-SYMB
  6
CENTER2
100
AcDbLine
 10
73.0
 20
-1.6
 30
0.0
 11
73.0
 21
29.6
 31
0.0
  0
LWPOLYLINE
  5
65E
330
17
100
AcDbEntity
  8
A-ANNO-SYMB
100
AcDbPolyline
 90
2
 70
0
 10
73.0
 20
-1.6
 10
73.9
 20
-1.6
  0
LWPOLYLINE
  5
65F
330
17
100
AcDbEntity
  8
A-ANNO-SYMB
100
AcDbPolyline
 90
3
 70
1
 10
73.9
 20
-1.6
 10
73.6
 20
-1.4500000000000002
 10
73.6
 20
-1.75
  0
TEXT
  5
660
330
17
100
AcDbEntity
  8
A-ANNO-SYMB
100
AcDbText
 10
72.65
 20
-1.6
 30
0.0
 40
0.35
  1
A
  7
OpenSans
 72
1
 11
72.65
 21
-1.6
 31
0.0
100
AcDbText
 73
2
  0
LWPOLYLINE
  5
661
330
17
100
AcDbEntity
  8
A-ANNO-SYMB
100
AcDbPolyline
 90
2
 70
0
 10
73.0
 20
29.6
 10
73.9
 20
29.6
  0
LWPOLYLINE
  5
662
330
17
100
AcDbEntity
  8
A-ANNO-SYMB
100
AcDbPolyline
 90
3
 70
1
 10
73.9
 20
29.6
 10
73.6
 20
29.75
 10
73.6
 20
29.450000000000003
  0
TEXT
  5
663
330
17
100
AcDbEntity
  8
A-ANNO-SYMB
100
AcDbText
 10
72.65
 20
29.6
 30
0.0
 40
0.35
  1
A
  7
OpenSans
 72
1
 11
72.65
 21
29.6
 31
0.0
100
AcDbText
 73
2
  0
DIMENSION
  5
664
330
17
100
AcDbEntity
  8
A-ANNO-DIMS
100
AcDbDimension
280
0
  2
*D49
  3
EZDXF
 10
64.0
 20
-2.2
 30
0.0
 11
64.15
 21
-1.6350000000000002
 31
0.0
 70
32
 71
5
  1
<>
100
AcDbAlignedDimension
 13
64.0
 23
0.0
 33
0.0
 14
64.3
 24
0.0
 34
0.0
 50
0.0
100
AcDbRotatedDimension
1001
ACAD
1000
DSTYLE
1002
{
1070
140
1040
0.18
1070
41
1040
0.12
1070
42
1040
0.08
1070
271
1070
2
1070
78
1070
0
1070
144
1040
1.0
1070
77
1070
1
1070
73
1070
0
1070
74
1070
0
1002
}
  0
DIMENSION
  5
673
330
17
100
AcDbEntity
  8
A-ANNO-DIMS
100
AcDbDimension
280
0
  2
*D50
  3
EZDXF
 10
64.3
 20
-2.2
 30
0.0
 11
67.75
 21
-2.0100000000000002
 31
0.0
 70
32
 71
5
  1
<>
100
AcDbAlignedDimension
 13
64.3
 23
0.0
 33
0.0
 14
71.2
 24
0.0
 34
0.0
 50
0.0
100
AcDbRotatedDimension
1001
ACAD
1000
DSTYLE
1002
{
1070
140
1040
0.18
1070
41
1040
0.12
1070
42
1040
0.08
1070
271
1070
2
1070
78
1070
0
1070
144
1040
1.0
1070
77
1070
1
1070
73
1070
0
1070
74
1070
0
1002
}
  0
DIMENSION
  5
682
330
17
100
AcDbEntity
  8
A-ANNO-DIMS
100
AcDbDimension
280
0
  2
*D51
  3
EZDXF
 10
71.2
 20
-2.2
 30
0.0
 11
71.325
 21
-1.6350000000000002
 31
0.0
 70
32
 71
5
  1
<>
100
AcDbAlignedDimension
 13
71.2
 23
0.0
 33
0.0
 14
71.45
 24
0.0
 34
0.0
 50
0.0
100
AcDbRotatedDimension
1001
ACAD
1000
DSTYLE
1002
{
1070
140
1040
0.18
1070
41
1040
0.12
1070
42
1040
0.08
1070
271
1070
2
1070
78
1070
0
1070
144
1040
1.0
1070
77
1070
1
1070
73
1070
0
1070
74
1070
0
1002
}
  0
DIMENSION
  5
691
330
17
100
AcDbEntity
  8
A-ANNO-DIMS
100
AcDbDimension
280
0
  2
*D52
  3
EZDXF
 10
71.45
 20
-2.2
 30
0.0
 11
73.575
 21
-2.0100000000000002
 31
0.0
 70
32
 71
5
  1
<>
100
AcDbAlignedDimension
 13
71.45
 23
0.0
 33
0.0
 14
75.7
 24
0.0
 34
0.0
 50
0.0
100
AcDbRotatedDimension
1001
ACAD
1000
DSTYLE
1002
{
1070
140
1040
0.18
1070
41
1040
0.12
1070
42
1040
0.08
1070
271
1070
2
1070
78
1070
0
1070
144
1040
1.0
1070
77
1070
1
1070
73
1070
0
1070
74
1070
0
1002
}
  0
DIMENSION
  5
6A0
330
17
100
AcDbEntity
  8
A-ANNO-DIMS
100
AcDbDimension
280
0
  2
*D53
  3
EZDXF
 10
75.7
 20
-2.2
 30
0.0
 11
75.825
 21
-1.6350000000000002
 31
0.0
 70
32
 71
5
  1
<>
100
AcDbAlignedDimension
 13
75.7
 23
0.0
 33
0.0
 14
75.95
 24
0.0
 34
0.0
 50
0.0
100
AcDbRotatedDimension
1001
ACAD
1000
DSTYLE
1002
{
1070
140
1040
0.18
1070
41
1040
0.12
1070
42
1040
0.08
1070
271
1070
2
1070
78
1070
0
1070
144
1040
1.0
1070
77
1070
1
1070
73
1070
0
1070
74
1070
0
1002
}
  0
DIMENSION
  5
6AF
330
17
100
AcDbEntity
  8
A-ANNO-DIMS
100
AcDbDimension
280
0
  2
*D54
  3
EZDXF
 10
75.95
 20
-2.2
 30
0.0
 11
79.4
 21
-2.0100000000000002
 31
0.0
 70
32
 71
5
  1
<>
100
AcDbAlignedDimension
 13
75.95
 23
0.0
 33
0.0
 14
82.85
 24
0.0
 34
0.0
 50
0.0
100
AcDbRotatedDimension
1001
ACAD
1000
DSTYLE
1002
{
1070
140
1040
0.18
1070
41
1040
0.12
1070
42
1040
0.08
1070
271
1070
2
1070
78
1070
0
1070
144
1040
1.0
1070
77
1070
1
1070
73
1070
0
1070
74
1070
0
1002
}
  0
DIMENSION
  5
6BE
330
17
100
AcDbEntity
  8
A-ANNO-DIMS
100
AcDbDimension
280
0
  2
*D55
  3
EZDXF
 10
82.85
 20
-2.2
 30
0.0
 11
83.0
 21
-1.6350000000000002
 31
0.0
 70
32
 71
5
  1
<>
100
AcDbAlignedDimension
 13
82.85
 23
0.0
 33
0.0
 14
83.15
 24
0.0
 34
0.0
 50
0.0
100
AcDbRotatedDimension
1001
ACAD
1000
DSTYLE
1002
{
1070
140
1040
0.18
1070
41
1040
0.12
1070
42
1040
0.08
1070
271
1070
2
1070
78
1070
0
1070
144
1040
1.0
1070
77
1070
1
1070
73
1070
0
1070
74
1070
0
1002
}
  0
DIMENSION
  5
6CD
330
17
100
AcDbEntity
  8
A-ANNO-DIMS
100
AcDbDimension
280
0
  2
*D56
  3
EZDXF
 10
64.0
 20
-3.0
 30
0.0
 11
73.575
 21
-2.81
 31
0.0
 70
32
 71
5
  1
<>
100
AcDbAlignedDimension
 13
64.0
 23
0.0
 33
0.0
 14
83.15
 24
0.0
 34
0.0
 50
0.0
100
AcDbRotatedDimension
1001
ACAD
1000
DSTYLE
1002
{
1070
140
1040
0.18
1070
41
1040
0.12
1070
42
1040
0.08
1070
271
1070
2
1070
78
1070
0
1070
144
1040
1.0
1070
77
1070
1
1070
73
1070
0
1070
74
1070
0
1002
}
  0
DIMENSION
  5
6DC
330
17
100
AcDbEntity
  8
A-ANNO-DIMS
100
AcDbDimension
280
0
  2
*D57
  3
EZDXF
 10
63.0
 20
0.0
 30
0.0
 11
62.435
 21
0.15
 31
0.0
 70
32
 71
5
  1
<>
100
AcDbAlignedDimension
 13
64.0
 23
0.0
 33
0.0
 14
64.0
 24
0.3
 34
0.0
 50
90.0
100
AcDbRotatedDimension
1001
ACAD
1000
DSTYLE
1002
{
1070
140
1040
0.18
1070
41
1040
0.12
1070
42
1040
0.08
1070
271
1070
2
1070
78
1070
0
1070
144
1040
1.0
1070
77
1070
1
1070
73
1070
0
1070
74
1070
0
1002
}
  0
DIMENSION
  5
6EB
330
17
100
AcDbEntity
  8
A-ANNO-DIMS
100
AcDbDimension
280
0
  2
*D58
  3
EZDXF
 10
63.0
 20
0.3
 30
0.0
 11
62.81
 21
2.8
 31
0.0
 70
32
 71
5
  1
<>
100
AcDbAlignedDimension
 13
64.0
 23
0.3
 33
0.0
 14
64.0
 24
5.3
 34
0.0
 50
90.0
100
AcDbRotatedDimension
1001
ACAD
1000
DSTYLE
1002
{
1070
140
1040
0.18
1070
41
1040
0.12
1070
42
1040
0.08
1070
271
1070
2
1070
78
1070
0
1070
144
1040
1.0
1070
77
1070
1
1070
73
1070
0
1070
74
1070
0
1002
}
  0
DIMENSION
  5
6FA
330
17
100
AcDbEntity
  8
A-ANNO-DIMS
100
AcDbDimension
280
0
  2
*D59
  3
EZDXF
 10
63.0
 20
5.3
 30
0.0
 11
62.435
 21
5.375
 31
0.0
 70
32
 71
5
  1
<>
100
AcDbAlignedDimension
 13
64.0
 23
5.3
 33
0.0
 14
64.0
 24
5.45
 34
0.0
 50
90.0
100
AcDbRotatedDimension
1001
ACAD
1000
DSTYLE
1002
{
1070
140
1040
0.18
1070
41
1040
0.12
1070
42
1040
0.08
1070
271
1070
2
1070
78
1070
0
1070
144
1040
1.0
1070
77
1070
1
1070
73
1070
0
1070
74
1070
0
1002
}
  0
DIMENSION
  5
709
330
17
100
AcDbEntity
  8
A-ANNO-DIMS
100
AcDbDimension
280
0
  2
*D60
  3
EZDXF
 10
63.0
 20
5.45
 30
0.0
 11
62.81
 21
6.45
 31
0.0
 70
32
 71
5
  1
<>
100
AcDbAlignedDimension
 13
64.0
 23
5.45
 33
0.0
 14
64.0
 24
7.45
 34
0.0
 50
90.0
100
AcDbRotatedDimension
1001
ACAD
1000
DSTYLE
1002
{
1070
140
1040
0.18
1070
41
1040
0.12
1070
42
1040
0.08
1070
271
1070
2
1070
78
1070
0
1070
144
1040
1.0
1070
77
1070
1
1070
73
1070
0
1070
74
1070
0
1002
}
  0
DIMENSION
  5
718
330
17
100
AcDbEntity
  8
A-ANNO-DIMS
100
AcDbDimension
280
0
  2
*D61
  3
EZDXF
 10
63.0
 20
7.45
 30
0.0
 11
62.435
 21
7.525
 31
0.0
 70
32
 71
5
  1
<>
100
AcDbAlignedDimension
 13
64.0
 23
7.45
 33
0.0
 14
64.0
 24
7.6
 34
0.0
 50
90.0
100
AcDbRotatedDimension
1001
ACAD
1000
DSTYLE
1002
{
1070
140
1040
0.18
1070
41
1040
0.12
1070
42
1040
0.08
1070
271
1070
2
1070
78
1070
0
1070
144
1040
1.0
1070
77
1070
1
1070
73
1070
0
1070
74
1070
0
1002
}
  0
DIMENSION
  5
727
330
17
100
AcDbEntity
  8
A-ANNO-DIMS
100
AcDbDimension
280
0
  2
*D62
  3
EZDXF
 10
63.0
 20
7.6
 30
0.0
 11
62.81
 21
9.6
 31
0.0
 70
32
 71
5
  1
<>
100
AcDbAlignedDimension
 13
64.0
 23
7.6
 33
0.0
 14
64.0
 24
11.6
 34
0.0
 50
90.0
100
AcDbRotatedDimension
1001
ACAD
1000
DSTYLE
1002
{
1070
140
1040
0.18
1070
41
1040
0.12
1070
42
1040
0.08
1070
271
1070
2
1070
78
1070
0
1070
144
1040
1.0
1070
77
1070
1
1070
73
1070
0
1070
74
1070
0
1002
}
  0
DIMENSION
  5
736
330
17
100
AcDbEntity
  8
A-ANNO-DIMS
100
AcDbDimension
280
0
  2
*D63
  3
EZDXF
 10
63.0
 20
11.6
 30
0.0
 11
62.435
 21
11.675
 31
0.0
 70
32
 71
5
  1
<>
100
AcDbAlignedDimension
 13
64.0
 23
11.6
 33
0.0
 14
64.0
 24
11.75
 34
0.0
 50
90.0
100
AcDbRotatedDimension
1001
ACAD
1000
DSTYLE
1002
{
1070
140
1040
0.18
1070
41
1040
0.12
1070
42
1040
0.08
1070
271
1070
2
1070
78
1070
0
1070
144
1040
1.0
1070
77
1070
1
1070
73
1070
0
1070
74
1070
0
1002
}
  0
DIMENSION
  5
745
330
17
100
AcDbEntity
  8
A-ANNO-DIMS
100
AcDbDimension
280
0
  2
*D64
  3
EZDXF
 10
63.0
 20
11.75
 30
0.0
 11
62.81
 21
14.25
 31
0.0
 70
32
 71
5
  1
<>
100
AcDbAlignedDimension
 13
64.0
 23
11.75
 33
0.0
 14
64.0
 24
16.75
 34
0.0
 50
90.0
100
AcDbRotatedDimension
1001
ACAD
1000
DSTYLE
1002
{
1070
140
1040
0.18
1070
41
1040
0.12
1070
42
1040
0.08
1070
271
1070
2
1070
78
1070
0
1070
144
1040
1.0
1070
77
1070
1
1070
73
1070
0
1070
74
1070
0
1002
}
  0
DIMENSION
  5
754
330
17
100
AcDbEntity
  8
A-ANNO-DIMS
100
AcDbDimension
280
0
  2
*D65
  3
EZDXF
 10
63.0
 20
16.75
 30
0.0
 11
62.435
 21
16.825
 31
0.0
 70
32
 71
5
  1
<>
100
AcDbAlignedDimension
 13
64.0
 23
16.75
 33
0.0
 14
64.0
 24
16.9
 34
0.0
 50
90.0
100
AcDbRotatedDimension
1001
ACAD
1000
DSTYLE
1002
{
1070
140
1040
0.18
1070
41
1040
0.12
1070
42
1040
0.08
1070
271
1070
2
1070
78
1070
0
1070
144
1040
1.0
1070
77
1070
1
1070
73
1070
0
1070
74
1070
0
1002
}
  0
DIMENSION
  5
763
330
17
100
AcDbEntity
  8
A-ANNO-DIMS
100
AcDbDimension
280
0
  2
*D66
  3
EZDXF
 10
63.0
 20
16.9
 30
0.0
 11
62.81
 21
18.9
 31
0.0
 70
32
 71
5
  1
<>
100
AcDbAlignedDimension
 13
64.0
 23
16.9
 33
0.0
 14
64.0
 24
20.9
 34
0.0
 50
90.0
100
AcDbRotatedDimension
1001
ACAD
1000
DSTYLE
1002
{
1070
140
1040
0.18
1070
41
1040
0.12
1070
42
1040
0.08
1070
271
1070
2
1070
78
1070
0
1070
144
1040
1.0
1070
77
1070
1
1070
73
1070
0
1070
74
1070
0
1002
}
  0
DIMENSION
  5
772
330
17
100
AcDbEntity
  8
A-ANNO-DIMS
100
AcDbDimension
280
0
  2
*D67
  3
EZDXF
 10
63.0
 20
20.9
 30
0.0
 11
62.435
 21
20.975
 31
0.0
 70
32
 71
5
  1
<>
100
AcDbAlignedDimension
 13
64.0
 23
20.9
 33
0.0
 14
64.0
 24
21.05
 34
0.0
 50
90.0
100
AcDbRotatedDimension
1001
ACAD
1000
DSTYLE
1002
{
1070
140
1040
0.18
1070
41
1040
0.12
1070
42
1040
0.08
1070
271
1070
2
1070
78
1070
0
1070
144
1040
1.0
1070
77
1070
1
1070
73
1070
0
1070
74
1070
0
1002
}
  0
DIMENSION
  5
781
330
17
100
AcDbEntity
  8
A-ANNO-DIMS
100
AcDbDimension
280
0
  2
*D68
  3
EZDXF
 10
63.0
 20
21.05
 30
0.0
 11
62.81
 21
21.8
 31
0.0
 70
32
 71
5
  1
<>
100
AcDbAlignedDimension
 13
64.0
 23
21.05
 33
0.0
 14
64.0
 24
22.55
 34
0.0
 50
90.0
100
AcDbRotatedDimension
1001
ACAD
1000
DSTYLE
1002
{
1070
140
1040
0.18
1070
41
1040
0.12
1070
42
1040
0.08
1070
271
1070
2
1070
78
1070
0
1070
144
1040
1.0
1070
77
1070
1
1070
73
1070
0
1070
74
1070
0
1002
}
  0
DIMENSION
  5
790
330
17
100
AcDbEntity
  8
A-ANNO-DIMS
100
AcDbDimension
280
0
  2
*D69
  3
EZDXF
 10
63.0
 20
22.55
 30
0.0
 11
62.435
 21
22.625
 31
0.0
 70
32
 71
5
  1
<>
100
AcDbAlignedDimension
 13
64.0
 23
22.55
 33
0.0
 14
64.0
 24
22.7
 34
0.0
 50
90.0
100
AcDbRotatedDimension
1001
ACAD
1000
DSTYLE
1002
{
1070
140
1040
0.18
1070
41
1040
0.12
1070
42
1040
0.08
1070
271
1070
2
1070
78
1070
0
1070
144
1040
1.0
1070
77
1070
1
1070
73
1070
0
1070
74
1070
0
1002
}
  0
DIMENSION
  5
79F
330
17
100
AcDbEntity
  8
A-ANNO-DIMS
100
AcDbDimension
280
0
  2
*D70
  3
EZDXF
 10
63.0
 20
22.7
 30
0.0
 11
62.81
 21
25.2
 31
0.0
 70
32
 71
5
  1
<>
100
AcDbAlignedDimension
 13
64.0
 23
22.7
 33
0.0
 14
64.0
 24
27.7
 34
0.0
 50
90.0
100
AcDbRotatedDimension
1001
ACAD
1000
DSTYLE
1002
{
1070
140
1040
0.18
1070
41
1040
0.12
1070
42
1040
0.08
1070
271
1070
2
1070
78
1070
0
1070
144
1040
1.0
1070
77
1070
1
1070
73
1070
0
1070
74
1070
0
1002
}
  0
DIMENSION
  5
7AE
330
17
100
AcDbEntity
  8
A-ANNO-DIMS
100
AcDbDimension
280
0
  2
*D71
  3
EZDXF
 10
63.0
 20
27.7
 30
0.0
 11
62.435
 21
27.85
 31
0.0
 70
32
 71
5
  1
<>
100
AcDbAlignedDimension
 13
64.0
 23
27.7
 33
0.0
 14
64.0
 24
28.0
 34
0.0
 50
90.0
100
AcDbRotatedDimension
1001
ACAD
1000
DSTYLE
1002
{
1070
140
1040
0.18
1070
41
1040
0.12
1070
42
1040
0.08
1070
271
1070
2
1070
78
1070
0
1070
144
1040
1.0
1070
77
1070
1
1070
73
1070
0
1070
74
1070
0
1002
}
  0
DIMENSION
  5
7BD
330
17
100
AcDbEntity
  8
A-ANNO-DIMS
100
AcDbDimension
280
0
  2
*D72
  3
EZDXF
 10
62.0
 20
0.0
 30
0.0
 11
61.81
 21
14.0
 31
0.0
 70
32
 71
5
  1
<>
100
AcDbAlignedDimension
 13
64.0
 23
0.0
 33
0.0
 14
64.0
 24
28.0
 34
0.0
 50
90.0
100
AcDbRotatedDimension
1001
ACAD
1000
DSTYLE
1002
{
1070
140
1040
0.18
1070
41
1040
0.12
1070
42
1040
0.08
1070
271
1070
2
1070
78
1070
0
1070
144
1040
1.0
1070
77
1070
1
1070
73
1070
0
1070
74
1070
0
1002
}
  0
TEXT
  5
7CC
330
17
100
AcDbEntity
  8
A-ANNO-TEXT
100
AcDbText
 10
73.575
 20
-4.3
 30
0.0
 40
0.55
  1
SECOND FLOOR PLAN
  7
OpenSans
 72
1
 11
73.575
 21
-4.3
 31
0.0
100
AcDbText
 73
2
  0
TEXT
  5
7CD
330
17
100
AcDbEntity
  8
A-ANNO-TEXT
100
AcDbText
 10
73.575
 20
-5.1
 30
0.0
 40
0.25
  1
FFL +6.80   |   Scale 1:100   |   2 apartments
  7
OpenSans
 72
1
 11
73.575
 21
-5.1
 31
0.0
100
AcDbText
 73
2
  0
LWPOLYLINE
  5
7CE
330
17
100
AcDbEntity
  8
A-WALL
100
AcDbPolyline
 90
7
 70
1
 10
96.0
 20
1.8
 10
96.3
 20
1.8
 10
96.3
 20
0.3
 10
97.8
 20
0.3
 10
97.8
 20
0.0
 10
96.0
 20
0.0
 10
96.0
 20
1.8
  0
HATCH
  5
7CF
330
17
100
AcDbEntity
  8
A-WALL-PATT
 62
8
100
AcDbHatch
 10
0.0
 20
0.0
 30
0.0
210
0.0
220
0.0
230
1.0
  2
SOLID
 70
1
 71
0
 91
1
 92
3
 72
0
 73
1
 93
7
 10
96.0
 20
1.8
 10
96.3
 20
1.8
 10
96.3
 20
0.3
 10
97.8
 20
0.3
 10
97.8
 20
0.0
 10
96.0
 20
0.0
 10
96.0
 20
1.8
 97
0
 75
0
 76
1
 98
0
  0
LWPOLYLINE
  5
7D0
330
17
100
AcDbEntity
  8
A-WALL
100
AcDbPolyline
 90
13
 70
1
 10
96.0
 20
6.05
 10
96.3
 20
6.05
 10
96.3
 20
5.45
 10
98.3
 20
5.45
 10
98.3
 20
6.05
 10
98.45
 20
6.05
 10
98.45
 20
5.45
 10
99.7
 20
5.45
 10
99.7
 20
5.3
 10
96.3
 20
5.3
 10
96.3
 20
3.8
 10
96.0
 20
3.8
 10
96.0
 20
6.05
  0
HATCH
  5
7D1
330
17
100
AcDbEntity
  8
A-WALL-PATT
 62
8
100
AcDbHatch
 10
0.0
 20
0.0
 30
0.0
210
0.0
220
0.0
230
1.0
  2
SOLID
 70
1
 71
0
 91
1
 92
3
 72
0
 73
1
 93
13
 10
96.0
 20
6.05
 10
96.3
 20
6.05
 10
96.3
 20
5.45
 10
98.3
 20
5.45
 10
98.3
 20
6.05
 10
98.45
 20
6.05
 10
98.45
 20
5.45
 10
99.7
 20
5.45
 10
99.7
 20
5.3
 10
96.3
 20
5.3
 10
96.3
 20
3.8
 10
96.0
 20
3.8
 10
96.0
 20
6.05
 97
0
 75
0
 76
1
 98
0
  0
LWPOLYLINE
  5
7D2
330
17
100
AcDbEntity
  8
A-WALL
100
AcDbPolyline
 90
17
 70
1
 10
96.0
 20
8.7
 10
96.3
 20
8.7
 10
96.3
 20
7.6
 10
100.3
 20
7.6
 10
100.3
 20
8.3
 10
100.45
 20
8.3
 10
100.45
 20
7.65
 10
100.45
 20
7.6
 10
100.45
 20
7.45
 10
98.45
 20
7.45
 10
98.45
 20
6.75
 10
98.3
 20
6.75
 10
98.3
 20
7.45
 10
96.3
 20
7.45
 10
96.3
 20
6.85
 10
96.0
 20
6.85
 10
96.0
 20
8.7
  0
HATCH
  5
7D3
330
17
100
AcDbEntity
  8
A-WALL-PATT
 62
8
100
AcDbHatch
 10
0.0
 20
0.0
 30
0.0
210
0.0
220
0.0
230
1.0
  2
SOLID
 70
1
 71
0
 91
1
 92
3
 72
0
 73
1
 93
17
 10
96.0
 20
8.7
 10
96.3
 20
8.7
 10
96.3
 20
7.6
 10
100.3
 20
7.6
 10
100.3
 20
8.3
 10
100.45
 20
8.3
 10
100.45
 20
7.65
 10
100.45
 20
7.6
 10
100.45
 20
7.45
 10
98.45
 20
7.45
 10
98.45
 20
6.75
 10
98.3
 20
6.75
 10
98.3
 20
7.45
 10
96.3
 20
7.45
 10
96.3
 20
6.85
 10
96.0
 20
6.85
 10
96.0
 20
8.7
 97
0
 75
0
 76
1
 98
0
  0
LWPOLYLINE
  5
7D4
330
17
100
AcDbEntity
  8
A-WALL
100
AcDbPolyline
 90
17
 70
1
 10
96.0
 20
12.25
 10
96.3
 20
12.25
 10
96.3
 20
11.75
 10
97.8
 20
11.75
 10
97.8
 20
12.75
 10
98.1
 20
12.75
 10
98.1
 20
11.75
 10
100.45
 20
11.75
 10
100.45
 20
11.6
 10
100.45
 20
11.55
 10
100.45
 20
9.200000000000001
 10
100.3
 20
9.200000000000001
 10
100.3
 20
11.6
 10
96.3
 20
11.6
 10
96.3
 20
10.5
 10
96.0
 20
10.5
 10
96.0
 20
12.25
  0
HATCH
  5
7D5
330
17
100
AcDbEntity
  8
A-WALL-PATT
 62
8
100
AcDbHatch
 10
0.0
 20
0.0
 30
0.0
210
0.0
220
0.0
230
1.0
  2
SOLID
 70
1
 71
0
 91
1
 92
3
 72
0
 73
1
 93
17
 10
96.0
 20
12.25
 10
96.3
 20
12.25
 10
96.3
 20
11.75
 10
97.8
 20
11.75
 10
97.8
 20
12.75
 10
98.1
 20
12.75
 10
98.1
 20
11.75
 10
100.45
 20
11.75
 10
100.45
 20
11.6
 10
100.45
 20
11.55
 10
100.45
 20
9.200000000000001
 10
100.3
 20
9.200000000000001
 10
100.3
 20
11.6
 10
96.3
 20
11.6
 10
96.3
 20
10.5
 10
96.0
 20
10.5
 10
96.0
 20
12.25
 97
0
 75
0
 76
1
 98
0
  0
LWPOLYLINE
  5
7D6
330
17
100
AcDbEntity
  8
A-WALL
100
AcDbPolyline
 90
17
 70
1
 10
96.0
 20
18.0
 10
96.3
 20
18.0
 10
96.3
 20
16.9
 10
100.3
 20
16.9
 10
100.3
 20
19.9
 10
100.45
 20
19.9
 10
100.45
 20
16.95
 10
100.45
 20
16.9
 10
100.45
 20
16.75
 10
98.1
 20
16.75
 10
98.1
 20
15.75
 10
97.8
 20
15.75
 10
97.8
 20
16.75
 10
96.3
 20
16.75
 10
96.3
 20
16.25
 10
96.0
 20
16.25
 10
96.0
 20
18.0
  0
HATCH
  5
7D7
330
17
100
AcDbEntity
  8
A-WALL-PATT
 62
8
100
AcDbHatch
 10
0.0
 20
0.0
 30
0.0
210
0.0
220
0.0
230
1.0
  2
SOLID
 70
1
 71
0
 91
1
 92
3
 72
0
 73
1
 93
17
 10
96.0
 20
18.0
 10
96.3
 20
18.0
 10
96.3
 20
16.9
 10
100.3
 20
16.9
 10
100.3
 20
19.9
 10
100.45
 20
19.9
 10
100.45
 20
16.95
 10
100.45
 20
16.9
 10
100.45
 20
16.75
 10
98.1
 20
16.75
 10
98.1
 20
15.75
 10
97.8
 20
15.75
 10
97.8
 20
16.75
 10
96.3
 20
16.75
 10
96.3
 20
16.25
 10
96.0
 20
16.25
 10
96.0
 20
18.0
 97
0
 75
0
 76
1
 98
0
  0
LWPOLYLINE
  5
7D8
330
17
100
AcDbEntity
  8
A-WALL
100
AcDbPolyline
 90
19
 70
1
 10
96.0
 20
21.35
 10
96.3
 20
21.35
 10
96.3
 20
21.05
 10
98.8
 20
21.05
 10
98.8
 20
21.3
 10
98.95
 20
21.3
 10
98.95
 20
21.05
 10
101.3
 20
21.05
 10
101.3
 20
21.3
 10
101.45
 20
21.3
 10
101.45
 20
20.9
 10
100.45
 20
20.9
 10
100.45
 20
20.799999999999997
 10
100.3
 20
20.799999999999997
 10
100.3
 20
20.9
 10
96.3
 20
20.9
 10
96.3
 20
19.8
 10
96.0
 20
19.8
 10
96.0
 20
21.35
  0
HATCH
  5
7D9
330
17
100
AcDbEntity
  8
A-WALL-PATT
 62
8
100
AcDbHatch
 10
0.0
 20
0.0
 30
0.0
210
0.0
220
0.0
230
1.0
  2
SOLID
 70
1
 71
0
 91
1
 92
3
 72
0
 73
1
 93
19
 10
96.0
 20
21.35
 10
96.3
 20
21.35
 10
96.3
 20
21.05
 10
98.8
 20
21.05
 10
98.8
 20
21.3
 10
98.95
 20
21.3
 10
98.95
 20
21.05
 10
101.3
 20
21.05
 10
101.3
 20
21.3
 10
101.45
 20
21.3
 10
101.45
 20
20.9
 10
100.45
 20
20.9
 10
100.45
 20
20.799999999999997
 10
100.3
 20
20.799999999999997
 10
100.3
 20
20.9
 10
96.3
 20
20.9
 10
96.3
 20
19.8
 10
96.0
 20
19.8
 10
96.0
 20
21.35
 97
0
 75
0
 76
1
 98
0
  0
LWPOLYLINE
  5
7DA
330
17
100
AcDbEntity
  8
A-WALL
100
AcDbPolyline
 90
15
 70
1
 10
96.0
 20
28.0
 10
97.8
 20
28.0
 10
97.8
 20
27.7
 10
96.3
 20
27.7
 10
96.3
 20
22.7
 10
99.8
 20
22.7
 10
99.8
 20
22.55
 10
98.95
 20
22.55
 10
98.95
 20
22.0
 10
98.8
 20
22.0
 10
98.8
 20
22.55
 10
96.3
 20
22.55
 10
96.3
 20
22.25
 10
96.0
 20
22.25
 10
96.0
 20
28.0
  0
HATCH
  5
7DB
330
17
100
AcDbEntity
  8
A-WALL-PATT
 62
8
100
AcDbHatch
 10
0.0
 20
0.0
 30
0.0
210
0.0
220
0.0
230
1.0
  2
SOLID
 70
1
 71
0
 91
1
 92
3
 72
0
 73
1
 93
15
 10
96.0
 20
28.0
 10
97.8
 20
28.0
 10
97.8
 20
27.7
 10
96.3
 20
27.7
 10
96.3
 20
22.7
 10
99.8
 20
22.7
 10
99.8
 20
22.55
 10
98.95
 20
22.55
 10
98.95
 20
22.0
 10
98.8
 20
22.0
 10
98.8
 20
22.55
 10
96.3
 20
22.55
 10
96.3
 20
22.25
 10
96.0
 20
22.25
 10
96.0
 20
28.0
 97
0
 75
0
 76
1
 98
0
  0
LWPOLYLINE
  5
7DC
330
17
100
AcDbEntity
  8
A-WALL
100
AcDbPolyline
 90
17
 70
1
 10
102.45
 20
28.0
 10
102.45
 20
27.7
 10
101.45
 20
27.7
 10
101.45
 20
23.7
 10
101.65
 20
23.7
 10
101.65
 20
23.55
 10
101.45
 20
23.55
 10
101.45
 20
22.2
 10
101.3
 20
22.2
 10
101.3
 20
22.55
 10
100.7
 20
22.55
 10
100.7
 20
22.7
 10
101.3
 20
22.7
 10
101.3
 20
27.7
 10
99.8
 20
27.7
 10
99.8
 20
28.0
 10
102.45
 20
28.0
  0
HATCH
  5
7DD
330
17
100
AcDbEntity
  8
A-WALL-PATT
 62
8
100
AcDbHatch
 10
0.0
 20
0.0
 30
0.0
210
0.0
220
0.0
230
1.0
  2
SOLID
 70
1
 71
0
 91
1
 92
3
 72
0
 73
1
 93
17
 10
102.45
 20
28.0
 10
102.45
 20
27.7
 10
101.45
 20
27.7
 10
101.45
 20
23.7
 10
101.65
 20
23.7
 10
101.65
 20
23.55
 10
101.45
 20
23.55
 10
101.45
 20
22.2
 10
101.3
 20
22.2
 10
101.3
 20
22.55
 10
100.7
 20
22.55
 10
100.7
 20
22.7
 10
101.3
 20
22.7
 10
101.3
 20
27.7
 10
99.8
 20
27.7
 10
99.8
 20
28.0
 10
102.45
 20
28.0
 97
0
 75
0
 76
1
 98
0
  0
LWPOLYLINE
  5
7DE
330
17
100
AcDbEntity
  8
A-WALL
100
AcDbPolyline
 90
105
 70
1
 10
106.7
 20
28.0
 10
106.7
 20
27.7
 10
105.7
 20
27.7
 10
105.7
 20
23.7
 10
108.6
 20
23.7
 10
108.6
 20
23.55
 10
107.95
 20
23.55
 10
107.95
 20
22.95
 10
107.7
 20
22.95
 10
107.7
 20
23.55
 10
105.7
 20
23.55
 10
105.7
 20
21.55
 10
107.7
 20
21.55
 10
107.7
 20
22.15
 10
107.95
 20
22.15
 10
107.95
 20
20.7
 10
107.7
 20
20.7
 10
107.7
 20
21.4
 10
105.7
 20
21.4
 10
105.7
 20
19.4
 10
107.7
 20
19.4
 10
107.7
 20
19.9
 10
107.95
 20
19.9
 10
107.95
 20
19.25
 10
107.7
 20
19.25
 10
107.65
 20
19.25
 10
105.7
 20
19.25
 10
105.7
 20
16.95
 10
105.7
 20
16.9
 10
105.7
 20
16.75
 10
105.7
 20
16.7
 10
105.7
 20
11.75
 10
107.85
 20
11.75
 10
107.9
 20
11.75
 10
107.95
 20
11.75
 10
107.95
 20
11.6
 10
107.95
 20
11.55
 10
107.95
 20
11.0
 10
107.7
 20
11.0
 10
107.7
 20
11.6
 10
105.7
 20
11.6
 10
105.7
 20
9.6
 10
107.7
 20
9.6
 10
107.7
 20
10.2
 10
107.95
 20
10.2
 10
107.95
 20
7.65
 10
107.95
 20
7.6
 10
107.95
 20
7.45
 10
107.95
 20
7.4
 10
107.95
 20
6.6
 10
107.7
 20
6.6
 10
107.7
 20
9.35
 10
103.45
 20
9.35
 10
103.45
 20
6.6
 10
103.2
 20
6.6
 10
103.2
 20
7.4
 10
103.2
 20
7.45
 10
103.2
 20
7.6
 10
103.2
 20
7.65
 10
103.2
 20
10.2
 10
103.45
 20
10.2
 10
103.45
 20
9.6
 10
105.45
 20
9.6
 10
105.45
 20
11.6
 10
103.45
 20
11.6
 10
103.45
 20
11.0
 10
103.2
 20
11.0
 10
103.2
 20
11.55
 10
103.2
 20
11.6
 10
103.2
 20
11.75
 10
103.25
 20
11.75
 10
103.3
 20
11.75
 10
105.45
 20
11.75
 10
105.45
 20
16.7
 10
105.45
 20
16.75
 10
105.45
 20
16.9
 10
105.45
 20
16.95
 10
105.45
 20
19.25
 10
103.5
 20
19.25
 10
103.45
 20
19.25
 10
103.2
 20
19.25
 10
103.2
 20
19.9
 10
103.45
 20
19.9
 10
103.45
 20
19.4
 10
105.45
 20
19.4
 10
105.45
 20
21.4
 10
103.45
 20
21.4
 10
103.45
 20
20.7
 10
103.2
 20
20.7
 10
103.2
 20
22.15
 10
103.45
 20
22.15
 10
103.45
 20
21.55
 10
105.45
 20
21.55
 10
105.45
 20
23.55
 10
103.45
 20
23.55
 10
103.45
 20
22.95
 10
103.2
 20
22.95
 10
103.2
 20
23.55
 10
102.55
 20
23.55
 10
102.55
 20
23.7
 10
105.45
 20
23.7
 10
105.45
 20
27.7
 10
104.45
 20
27.7
 10
104.45
 20
28.0
 10
106.7
 20
28.0
  0
HATCH
  5
7DF
330
17
100
AcDbEntity
  8
A-WALL-PATT
 62
8
100
AcDbHatch
 10
0.0
 20
0.0
 30
0.0
210
0.0
220
0.0
230
1.0
  2
SOLID
 70
1
 71
0
 91
1
 92
3
 72
0
 73
1
 93
105
 10
106.7
 20
28.0
 10
106.7
 20
27.7
 10
105.7
 20
27.7
 10
105.7
 20
23.7
 10
108.6
 20
23.7
 10
108.6
 20
23.55
 10
107.95
 20
23.55
 10
107.95
 20
22.95
 10
107.7
 20
22.95
 10
107.7
 20
23.55
 10
105.7
 20
23.55
 10
105.7
 20
21.55
 10
107.7
 20
21.55
 10
107.7
 20
22.15
 10
107.95
 20
22.15
 10
107.95
 20
20.7
 10
107.7
 20
20.7
 10
107.7
 20
21.4
 10
105.7
 20
21.4
 10
105.7
 20
19.4
 10
107.7
 20
19.4
 10
107.7
 20
19.9
 10
107.95
 20
19.9
 10
107.95
 20
19.25
 10
107.7
 20
19.25
 10
107.65
 20
19.25
 10
105.7
 20
19.25
 10
105.7
 20
16.95
 10
105.7
 20
16.9
 10
105.7
 20
16.75
 10
105.7
 20
16.7
 10
105.7
 20
11.75
 10
107.85
 20
11.75
 10
107.9
 20
11.75
 10
107.95
 20
11.75
 10
107.95
 20
11.6
 10
107.95
 20
11.55
 10
107.95
 20
11.0
 10
107.7
 20
11.0
 10
107.7
 20
11.6
 10
105.7
 20
11.6
 10
105.7
 20
9.6
 10
107.7
 20
9.6
 10
107.7
 20
10.2
 10
107.95
 20
10.2
 10
107.95
 20
7.65
 10
107.95
 20
7.6
 10
107.95
 20
7.45
 10
107.95
 20
7.4
 10
107.95
 20
6.6
 10
107.7
 20
6.6
 10
107.7
 20
9.35
 10
103.45
 20
9.35
 10
103.45
 20
6.6
 10
103.2
 20
6.6
 10
103.2
 20
7.4
 10
103.2
 20
7.45
 10
103.2
 20
7.6
 10
103.2
 20
7.65
 10
103.2
 20
10.2
 10
103.45
 20
10.2
 10
103.45
 20
9.6
 10
105.45
 20
9.6
 10
105.45
 20
11.6
 10
103.45
 20
11.6
 10
103.45
 20
11.0
 10
103.2
 20
11.0
 10
103.2
 20
11.55
 10
103.2
 20
11.6
 10
103.2
 20
11.75
 10
103.25
 20
11.75
 10
103.3
 20
11.75
 10
105.45
 20
11.75
 10
105.45
 20
16.7
 10
105.45
 20
16.75
 10
105.45
 20
16.9
 10
105.45
 20
16.95
 10
105.45
 20
19.25
 10
103.5
 20
19.25
 10
103.45
 20
19.25
 10
103.2
 20
19.25
 10
103.2
 20
19.9
 10
103.45
 20
19.9
 10
103.45
 20
19.4
 10
105.45
 20
19.4
 10
105.45
 20
21.4
 10
103.45
 20
21.4
 10
103.45
 20
20.7
 10
103.2
 20
20.7
 10
103.2
 20
22.15
 10
103.45
 20
22.15
 10
103.45
 20
21.55
 10
105.45
 20
21.55
 10
105.45
 20
23.55
 10
103.45
 20
23.55
 10
103.45
 20
22.95
 10
103.2
 20
22.95
 10
103.2
 20
23.55
 10
102.55
 20
23.55
 10
102.55
 20
23.7
 10
105.45
 20
23.7
 10
105.45
 20
27.7
 10
104.45
 20
27.7
 10
104.45
 20
28.0
 10
106.7
 20
28.0
 97
0
 75
0
 76
1
 98
0
  0
LWPOLYLINE
  5
7E0
330
17
100
AcDbEntity
  8
A-WALL
100
AcDbPolyline
 90
17
 70
1
 10
111.35
 20
28.0
 10
111.35
 20
27.7
 10
109.85
 20
27.7
 10
109.85
 20
22.7
 10
110.45
 20
22.7
 10
110.45
 20
22.55
 10
109.85
 20
22.55
 10
109.85
 20
22.2
 10
109.7
 20
22.2
 10
109.7
 20
23.55
 10
109.5
 20
23.55
 10
109.5
 20
23.7
 10
109.7
 20
23.7
 10
109.7
 20
27.7
 10
108.7
 20
27.7
 10
108.7
 20
28.0
 10
111.35
 20
28.0
  0
HATCH
  5
7E1
330
17
100
AcDbEntity
  8
A-WALL-PATT
 62
8
100
AcDbHatch
 10
0.0
 20
0.0
 30
0.0
210
0.0
220
0.0
230
1.0
  2
SOLID
 70
1
 71
0
 91
1
 92
3
 72
0
 73
1
 93
17
 10
111.35
 20
28.0
 10
111.35
 20
27.7
 10
109.85
 20
27.7
 10
109.85
 20
22.7
 10
110.45
 20
22.7
 10
110.45
 20
22.55
 10
109.85
 20
22.55
 10
109.85
 20
22.2
 10
109.7
 20
22.2
 10
109.7
 20
23.55
 10
109.5
 20
23.55
 10
109.5
 20
23.7
 10
109.7
 20
23.7
 10
109.7
 20
27.7
 10
108.7
 20
27.7
 10
108.7
 20
28.0
 10
111.35
 20
28.0
 97
0
 75
0
 76
1
 98
0
  0
LWPOLYLINE
  5
7E2
330
17
100
AcDbEntity
  8
A-WALL
100
AcDbPolyline
 90
15
 70
1
 10
115.15
 20
28.0
 10
115.15
 20
22.25
 10
114.85
 20
22.25
 10
114.85
 20
22.55
 10
112.35
 20
22.55
 10
112.35
 20
22.0
 10
112.2
 20
22.0
 10
112.2
 20
22.55
 10
111.35
 20
22.55
 10
111.35
 20
22.7
 10
114.85
 20
22.7
 10
114.85
 20
27.7
 10
113.35
 20
27.7
 10
113.35
 20
28.0
 10
115.15
 20
28.0
  0
HATCH
  5
7E3
330
17
100
AcDbEntity
  8
A-WALL-PATT
 62
8
100
AcDbHatch
 10
0.0
 20
0.0
 30
0.0
210
0.0
220
0.0
230
1.0
  2
SOLID
 70
1
 71
0
 91
1
 92
3
 72
0
 73
1
 93
15
 10
115.15
 20
28.0
 10
115.15
 20
22.25
 10
114.85
 20
22.25
 10
114.85
 20
22.55
 10
112.35
 20
22.55
 10
112.35
 20
22.0
 10
112.2
 20
22.0
 10
112.2
 20
22.55
 10
111.35
 20
22.55
 10
111.35
 20
22.7
 10
114.85
 20
22.7
 10
114.85
 20
27.7
 10
113.35
 20
27.7
 10
113.35
 20
28.0
 10
115.15
 20
28.0
 97
0
 75
0
 76
1
 98
0
  0
LWPOLYLINE
  5
7E4
330
17
100
AcDbEntity
  8
A-WALL
100
AcDbPolyline
 90
19
 70
1
 10
115.15
 20
19.8
 10
114.85
 20
19.8
 10
114.85
 20
20.9
 10
110.85
 20
20.9
 10
110.85
 20
20.799999999999997
 10
110.7
 20
20.799999999999997
 10
110.7
 20
20.9
 10
109.7
 20
20.9
 10
109.7
 20
21.3
 10
109.85
 20
21.3
 10
109.85
 20
21.05
 10
112.2
 20
21.05
 10
112.2
 20
21.3
 10
112.35
 20
21.3
 10
112.35
 20
21.05
 10
114.85
 20
21.05
 10
114.85
 20
21.35
 10
115.15
 20
21.35
 10
115.15
 20
19.8
  0
HATCH
  5
7E5
330
17
100
AcDbEntity
  8
A-WALL-PATT
 62
8
100
AcDbHatch
 10
0.0
 20
0.0
 30
0.0
210
0.0
220
0.0
230
1.0
  2
SOLID
 70
1
 71
0
 91
1
 92
3
 72
0
 73
1
 93
19
 10
115.15
 20
19.8
 10
114.85
 20
19.8
 10
114.85
 20
20.9
 10
110.85
 20
20.9
 10
110.85
 20
20.799999999999997
 10
110.7
 20
20.799999999999997
 10
110.7
 20
20.9
 10
109.7
 20
20.9
 10
109.7
 20
21.3
 10
109.85
 20
21.3
 10
109.85
 20
21.05
 10
112.2
 20
21.05
 10
112.2
 20
21.3
 10
112.35
 20
21.3
 10
112.35
 20
21.05
 10
114.85
 20
21.05
 10
114.85
 20
21.35
 10
115.15
 20
21.35
 10
115.15
 20
19.8
 97
0
 75
0
 76
1
 98
0
  0
LWPOLYLINE
  5
7E6
330
17
100
AcDbEntity
  8
A-WALL
100
AcDbPolyline
 90
17
 70
1
 10
115.15
 20
16.25
 10
114.85
 20
16.25
 10
114.85
 20
16.75
 10
113.35
 20
16.75
 10
113.35
 20
15.75
 10
113.05
 20
15.75
 10
113.05
 20
16.75
 10
110.7
 20
16.75
 10
110.7
 20
16.9
 10
110.7
 20
16.95
 10
110.7
 20
19.9
 10
110.85
 20
19.9
 10
110.85
 20
16.9
 10
114.85
 20
16.9
 10
114.85
 20
18.0
 10
115.15
 20
18.0
 10
115.15
 20
16.25
  0
HATCH
  5
7E7
330
17
100
AcDbEntity
  8
A-WALL-PATT
 62
8
100
AcDbHatch
 10
0.0
 20
0.0
 30
0.0
210
0.0
220
0.0
230
1.0
  2
SOLID
 70
1
 71
0
 91
1
 92
3
 72
0
 73
1
 93
17
 10
115.15
 20
16.25
 10
114.85
 20
16.25
 10
114.85
 20
16.75
 10
113.35
 20
16.75
 10
113.35
 20
15.75
 10
113.05
 20
15.75
 10
113.05
 20
16.75
 10
110.7
 20
16.75
 10
110.7
 20
16.9
 10
110.7
 20
16.95
 10
110.7
 20
19.9
 10
110.85
 20
19.9
 10
110.85
 20
16.9
 10
114.85
 20
16.9
 10
114.85
 20
18.0
 10
115.15
 20
18.0
 10
115.15
 20
16.25
 97
0
 75
0
 76
1
 98
0
  0
LWPOLYLINE
  5
7E8
330
17
100
AcDbEntity
  8
A-WALL
100
AcDbPolyline
 90
17
 70
1
 10
115.15
 20
10.5
 10
114.85
 20
10.5
 10
114.85
 20
11.6
 10
110.85
 20
11.6
 10
110.85
 20
9.200000000000001
 10
110.7
 20
9.200000000000001
 10
110.7
 20
11.55
 10
110.7
 20
11.6
 10
110.7
 20
11.75
 10
113.05
 20
11.75
 10
113.05
 20
12.75
 10
113.35
 20
12.75
 10
113.35
 20
11.75
 10
114.85
 20
11.75
 10
114.85
 20
12.25
 10
115.15
 20
12.25
 10
115.15
 20
10.5
  0
HATCH
  5
7E9
330
17
100
AcDbEntity
  8
A-WALL-PATT
 62
8
100
AcDbHatch
 10
0.0
 20
0.0
 30
0.0
210
0.0
220
0.0
230
1.0
  2
SOLID
 70
1
 71
0
 91
1
 92
3
 72
0
 73
1
 93
17
 10
115.15
 20
10.5
 10
114.85
 20
10.5
 10
114.85
 20
11.6
 10
110.85
 20
11.6
 10
110.85
 20
9.200000000000001
 10
110.7
 20
9.200000000000001
 10
110.7
 20
11.55
 10
110.7
 20
11.6
 10
110.7
 20
11.75
 10
113.05
 20
11.75
 10
113.05
 20
12.75
 10
113.35
 20
12.75
 10
113.35
 20
11.75
 10
114.85
 20
11.75
 10
114.85
 20
12.25
 10
115.15
 20
12.25
 10
115.15
 20
10.5
 97
0
 75
0
 76
1
 98
0
  0
LWPOLYLINE
  5
7EA
330
17
100
AcDbEntity
  8
A-WALL
100
AcDbPolyline
 90
17
 70
1
 10
115.15
 20
6.85
 10
114.85
 20
6.85
 10
114.85
 20
7.45
 10
112.85
 20
7.45
 10
112.85
 20
6.75
 10
112.7
 20
6.75
 10
112.7
 20
7.45
 10
110.7
 20
7.45
 10
110.7
 20
7.6
 10
110.7
 20
7.65
 10
110.7
 20
8.3
 10
110.85
 20
8.3
 10
110.85
 20
7.6
 10
114.85
 20
7.6
 10
114.85
 20
8.7
 10
115.15
 20
8.7
 10
115.15
 20
6.85
  0
HATCH
  5
7EB
330
17
100
AcDbEntity
  8
A-WALL-PATT
 62
8
100
AcDbHatch
 10
0.0
 20
0.0
 30
0.0
210
0.0
220
0.0
230
1.0
  2
SOLID
 70
1
 71
0
 91
1
 92
3
 72
0
 73
1
 93
17
 10
115.15
 20
6.85
 10
114.85
 20
6.85
 10
114.85
 20
7.45
 10
112.85
 20
7.45
 10
112.85
 20
6.75
 10
112.7
 20
6.75
 10
112.7
 20
7.45
 10
110.7
 20
7.45
 10
110.7
 20
7.6
 10
110.7
 20
7.65
 10
110.7
 20
8.3
 10
110.85
 20
8.3
 10
110.85
 20
7.6
 10
114.85
 20
7.6
 10
114.85
 20
8.7
 10
115.15
 20
8.7
 10
115.15
 20
6.85
 97
0
 75
0
 76
1
 98
0
  0
LWPOLYLINE
  5
7EC
330
17
100
AcDbEntity
  8
A-WALL
100
AcDbPolyline
 90
13
 70
1
 10
115.15
 20
3.8
 10
114.85
 20
3.8
 10
114.85
 20
5.3
 10
111.45
 20
5.3
 10
111.45
 20
5.45
 10
112.7
 20
5.45
 10
112.7
 20
6.05
 10
112.85
 20
6.05
 10
112.85
 20
5.45
 10
114.85
 20
5.45
 10
114.85
 20
6.05
 10
115.15
 20
6.05
 10
115.15
 20
3.8
  0
HATCH
  5
7ED
330
17
100
AcDbEntity
  8
A-WALL-PATT
 62
8
100
AcDbHatch
 10
0.0
 20
0.0
 30
0.0
210
0.0
220
0.0
230
1.0
  2
SOLID
 70
1
 71
0
 91
1
 92
3
 72
0
 73
1
 93
13
 10
115.15
 20
3.8
 10
114.85
 20
3.8
 10
114.85
 20
5.3
 10
111.45
 20
5.3
 10
111.45
 20
5.45
 10
112.7
 20
5.45
 10
112.7
 20
6.05
 10
112.85
 20
6.05
 10
112.85
 20
5.45
 10
114.85
 20
5.45
 10
114.85
 20
6.05
 10
115.15
 20
6.05
 10
115.15
 20
3.8
 97
0
 75
0
 76
1
 98
0
  0
LWPOLYLINE
  5
7EE
330
17
100
AcDbEntity
  8
A-WALL
100
AcDbPolyline
 90
7
 70
1
 10
115.15
 20
0.0
 10
113.35
 20
0.0
 10
113.35
 20
0.3
 10
114.85
 20
0.3
 10
114.85
 20
1.8
 10
115.15
 20
1.8
 10
115.15
 20
0.0
  0
HATCH
  5
7EF
330
17
100
AcDbEntity
  8
A-WALL-PATT
 62
8
100
AcDbHatch
 10
0.0
 20
0.0
 30
0.0
210
0.0
220
0.0
230
1.0
  2
SOLID
 70
1
 71
0
 91
1
 92
3
 72
0
 73
1
 93
7
 10
115.15
 20
0.0
 10
113.35
 20
0.0
 10
113.35
 20
0.3
 10
114.85
 20
0.3
 10
114.85
 20
1.8
 10
115.15
 20
1.8
 10
115.15
 20
0.0
 97
0
 75
0
 76
1
 98
0
  0
LWPOLYLINE
  5
7F0
330
17
100
AcDbEntity
  8
A-WALL
100
AcDbPolyline
 90
13
 70
1
 10
106.575
 20
0.0
 10
106.575
 20
0.3
 10
107.7
 20
0.3
 10
107.7
 20
5.6
 10
107.95
 20
5.6
 10
107.95
 20
5.45
 10
110.55
 20
5.45
 10
110.55
 20
5.3
 10
107.95
 20
5.3
 10
107.95
 20
0.3
 10
111.35
 20
0.3
 10
111.35
 20
0.0
 10
106.575
 20
0.0
  0
HATCH
  5
7F1
330
17
100
AcDbEntity
  8
A-WALL-PATT
 62
8
100
AcDbHatch
 10
0.0
 20
0.0
 30
0.0
210
0.0
220
0.0
230
1.0
  2
SOLID
 70
1
 71
0
 91
1
 92
3
 72
0
 73
1
 93
13
 10
106.575
 20
0.0
 10
106.575
 20
0.3
 10
107.7
 20
0.3
 10
107.7
 20
5.6
 10
107.95
 20
5.6
 10
107.95
 20
5.45
 10
110.55
 20
5.45
 10
110.55
 20
5.3
 10
107.95
 20
5.3
 10
107.95
 20
0.3
 10
111.35
 20
0.3
 10
111.35
 20
0.0
 10
106.575
 20
0.0
 97
0
 75
0
 76
1
 98
0
  0
LWPOLYLINE
  5
7F2
330
17
100
AcDbEntity
  8
A-WALL
100
AcDbPolyline
 90
13
 70
1
 10
99.8
 20
0.0
 10
99.8
 20
0.3
 10
103.2
 20
0.3
 10
103.2
 20
5.3
 10
100.6
 20
5.3
 10
100.6
 20
5.45
 10
103.2
 20
5.45
 10
103.2
 20
5.6
 10
103.45
 20
5.6
 10
103.45
 20
0.3
 10
104.575
 20
0.3
 10
104.575
 20
0.0
 10
99.8
 20
0.0
  0
HATCH
  5
7F3
330
17
100
AcDbEntity
  8
A-WALL-PATT
 62
8
100
AcDbHatch
 10
0.0
 20
0.0
 30
0.0
210
0.0
220
0.0
230
1.0
  2
SOLID
 70
1
 71
0
 91
1
 92
3
 72
0
 73
1
 93
13
 10
99.8
 20
0.0
 10
99.8
 20
0.3
 10
103.2
 20
0.3
 10
103.2
 20
5.3
 10
100.6
 20
5.3
 10
100.6
 20
5.45
 10
103.2
 20
5.45
 10
103.2
 20
5.6
 10
103.45
 20
5.6
 10
103.45
 20
0.3
 10
104.575
 20
0.3
 10
104.575
 20
0.0
 10
99.8
 20
0.0
 97
0
 75
0
 76
1
 98
0
  0
LINE
  5
7F4
330
17
100
AcDbEntity
  8
A-DOOR
100
AcDbLine
 10
99.8
 20
22.625
 30
0.0
 11
99.8
 21
23.525
 31
0.0
  0
ARC
  5
7F5
330
17
100
AcDbEntity
  8
A-DOOR
100
AcDbCircle
 10
99.8
 20
22.625
 30
0.0
 40
0.8999999999999986
100
AcDbArc
 50
0.0
 51
90.0
  0
LINE
  5
7F6
330
17
100
AcDbEntity
  8
A-DOOR
100
AcDbLine
 10
111.35
 20
22.625
 30
0.0
 11
111.35
 21
23.525
 31
0.0
  0
ARC
  5
7F7
330
17
100
AcDbEntity
  8
A-DOOR
100
AcDbCircle
 10
111.35
 20
22.625
 30
0.0
 40
0.8999999999999986
100
AcDbArc
 50
90.0
 51
180.0
  0
LINE
  5
7F8
330
17
100
AcDbEntity
  8
A-DOOR
100
AcDbLine
 10
98.875
 20
21.3
 30
0.0
 11
98.175
 21
21.3
 31
0.0
  0
ARC
  5
7F9
330
17
100
AcDbEntity
  8
A-DOOR
100
AcDbCircle
 10
98.875
 20
21.3
 30
0.0
 40
0.7000000000000002
100
AcDbArc
 50
90.0
 51
180.0
  0
LINE
  5
7FA
330
17
100
AcDbEntity
  8
A-DOOR
100
AcDbLine
 10
112.275
 20
21.3
 30
0.0
 11
112.975
 21
21.3
 31
0.0
  0
ARC
  5
7FB
330
17
100
AcDbEntity
  8
A-DOOR
100
AcDbCircle
 10
112.275
 20
21.3
 30
0.0
 40
0.6999999999999993
100
AcDbArc
 50
0.0
 51
90.0
  0
LINE
  5
7FC
330
17
100
AcDbEntity
  8
A-DOOR
100
AcDbLine
 10
101.375
 20
21.3
 30
0.0
 11
100.475
 21
21.3
 31
0.0
  0
ARC
  5
7FD
330
17
100
AcDbEntity
  8
A-DOOR
100
AcDbCircle
 10
101.375
 20
21.3
 30
0.0
 40
0.9000000000000004
100
AcDbArc
 50
90.0
 51
180.0
  0
LINE
  5
7FE
330
17
100
AcDbEntity
  8
A-DOOR
100
AcDbLine
 10
109.775
 20
21.3
 30
0.0
 11
110.675
 21
21.3
 31
0.0
  0
ARC
  5
7FF
330
17
100
AcDbEntity
  8
A-DOOR
100
AcDbCircle
 10
109.775
 20
21.3
 30
0.0
 40
0.9000000000000004
100
AcDbArc
 50
0.0
 51
90.0
  0
LINE
  5
800
330
17
100
AcDbEntity
  8
A-DOOR
100
AcDbLine
 10
101.65
 20
23.625
 30
0.0
 11
101.65
 21
24.525
 31
0.0
  0
ARC
  5
801
330
17
100
AcDbEntity
  8
A-DOOR
100
AcDbCircle
 10
101.65
 20
23.625
 30
0.0
 40
0.8999999999999986
100
AcDbArc
 50
0.0
 51
90.0
  0
LINE
  5
802
330
17
100
AcDbEntity
  8
A-DOOR
100
AcDbLine
 10
109.5
 20
23.625
 30
0.0
 11
109.5
 21
24.525
 31
0.0
  0
ARC
  5
803
330
17
100
AcDbEntity
  8
A-DOOR
100
AcDbCircle
 10
109.5
 20
23.625
 30
0.0
 40
0.8999999999999986
100
AcDbArc
 50
90.0
 51
180.0
  0
LINE
  5
804
330
17
100
AcDbEntity
  8
A-DOOR
100
AcDbLine
 10
103.325
 20
22.15
 30
0.0
 11
104.125
 21
22.15
 31
0.0
  0
ARC
  5
805
330
17
100
AcDbEntity
  8
A-DOOR
100
AcDbCircle
 10
103.325
 20
22.15
 30
0.0
 40
0.7999999999999998
100
AcDbArc
 50
0.0
 51
90.0
  0
LINE
  5
806
330
17
100
AcDbEntity
  8
A-DOOR
100
AcDbLine
 10
107.825
 20
22.15
 30
0.0
 11
107.025
 21
22.15
 31
0.0
  0
ARC
  5
807
330
17
100
AcDbEntity
  8
A-DOOR
100
AcDbCircle
 10
107.825
 20
22.15
 30
0.0
 40
0.8000000000000007
100
AcDbArc
 50
90.0
 51
180.0
  0
LINE
  5
808
330
17
100
AcDbEntity
  8
A-DOOR
100
AcDbLine
 10
103.325
 20
19.9
 30
0.0
 11
104.125
 21
19.9
 31
0.0
  0
ARC
  5
809
330
17
100
AcDbEntity
  8
A-DOOR
100
AcDbCircle
 10
103.325
 20
19.9
 30
0.0
 40
0.7999999999999998
100
AcDbArc
 50
0.0
 51
90.0
  0
LINE
  5
80A
330
17
100
AcDbEntity
  8
A-DOOR
100
AcDbLine
 10
107.825
 20
19.9
 30
0.0
 11
107.025
 21
19.9
 31
0.0
  0
ARC
  5
80B
330
17
100
AcDbEntity
  8
A-DOOR
100
AcDbCircle
 10
107.825
 20
19.9
 30
0.0
 40
0.8000000000000007
100
AcDbArc
 50
90.0
 51
180.0
  0
LINE
  5
80C
330
17
100
AcDbEntity
  8
A-DOOR
100
AcDbLine
 10
100.375
 20
19.9
 30
0.0
 11
99.475
 21
19.9
 31
0.0
  0
ARC
  5
80D
330
17
100
AcDbEntity
  8
A-DOOR
100
AcDbCircle
 10
100.375
 20
19.9
 30
0.0
 40
0.8999999999999999
100
AcDbArc
 50
90.0
 51
180.0
  0
LINE
  5
80E
330
17
100
AcDbEntity
  8
A-DOOR
100
AcDbLine
 10
110.775
 20
19.9
 30
0.0
 11
111.675
 21
19.9
 31
0.0
  0
ARC
  5
80F
330
17
100
AcDbEntity
  8
A-DOOR
100
AcDbCircle
 10
110.775
 20
19.9
 30
0.0
 40
0.9000000000000004
100
AcDbArc
 50
0.0
 51
90.0
  0
LINE
  5
810
330
17
100
AcDbEntity
  8
A-DOOR
100
AcDbLine
 10
100.375
 20
8.3
 30
0.0
 11
99.475
 21
8.3
 31
0.0
  0
ARC
  5
811
330
17
100
AcDbEntity
  8
A-DOOR
100
AcDbCircle
 10
100.375
 20
8.3
 30
0.0
 40
0.8999999999999999
100
AcDbArc
 50
90.0
 51
180.0
  0
LINE
  5
812
330
17
100
AcDbEntity
  8
A-DOOR
100
AcDbLine
 10
110.775
 20
8.3
 30
0.0
 11
111.675
 21
8.3
 31
0.0
  0
ARC
  5
813
330
17
100
AcDbEntity
  8
A-DOOR
100
AcDbCircle
 10
110.775
 20
8.3
 30
0.0
 40
0.9000000000000004
100
AcDbArc
 50
0.0
 51
90.0
  0
LINE
  5
814
330
17
100
AcDbEntity
  8
A-DOOR
100
AcDbLine
 10
103.325
 20
10.2
 30
0.0
 11
104.125
 21
10.2
 31
0.0
  0
ARC
  5
815
330
17
100
AcDbEntity
  8
A-DOOR
100
AcDbCircle
 10
103.325
 20
10.2
 30
0.0
 40
0.7999999999999998
100
AcDbArc
 50
0.0
 51
90.0
  0
LINE
  5
816
330
17
100
AcDbEntity
  8
A-DOOR
100
AcDbLine
 10
107.825
 20
10.2
 30
0.0
 11
107.025
 21
10.2
 31
0.0
  0
ARC
  5
817
330
17
100
AcDbEntity
  8
A-DOOR
100
AcDbCircle
 10
107.825
 20
10.2
 30
0.0
 40
0.8000000000000007
100
AcDbArc
 50
90.0
 51
180.0
  0
LINE
  5
818
330
17
100
AcDbEntity
  8
A-DOOR
100
AcDbLine
 10
98.375
 20
6.05
 30
0.0
 11
97.675
 21
6.05
 31
0.0
  0
ARC
  5
819
330
17
100
AcDbEntity
  8
A-DOOR
100
AcDbCircle
 10
98.375
 20
6.05
 30
0.0
 40
0.7
100
AcDbArc
 50
90.0
 51
180.0
  0
LINE
  5
81A
330
17
100
AcDbEntity
  8
A-DOOR
100
AcDbLine
 10
112.775
 20
6.05
 30
0.0
 11
113.475
 21
6.05
 31
0.0
  0
ARC
  5
81B
330
17
100
AcDbEntity
  8
A-DOOR
100
AcDbCircle
 10
112.775
 20
6.05
 30
0.0
 40
0.6999999999999993
100
AcDbArc
 50
0.0
 51
90.0
  0
LINE
  5
81C
330
17
100
AcDbEntity
  8
A-DOOR
100
AcDbLine
 10
99.7
 20
5.375
 30
0.0
 11
99.7
 21
4.475
 31
0.0
  0
ARC
  5
81D
330
17
100
AcDbEntity
  8
A-DOOR
100
AcDbCircle
 10
99.7
 20
5.375
 30
0.0
 40
0.9000000000000004
100
AcDbArc
 50
270.0
 51
0.0
  0
LINE
  5
81E
330
17
100
AcDbEntity
  8
A-DOOR
100
AcDbLine
 10
111.45
 20
5.375
 30
0.0
 11
111.45
 21
4.475
 31
0.0
  0
ARC
  5
81F
330
17
100
AcDbEntity
  8
A-DOOR
100
AcDbCircle
 10
111.45
 20
5.375
 30
0.0
 40
0.9000000000000004
100
AcDbArc
 50
180.0
 51
270.0
  0
LINE
  5
820
330
17
100
AcDbEntity
  8
A-DOOR
100
AcDbLine
 10
103.325
 20
5.6
 30
0.0
 11
102.325
 21
5.6
 31
0.0
  0
ARC
  5
821
330
17
100
AcDbEntity
  8
A-DOOR
100
AcDbCircle
 10
103.325
 20
5.6
 30
0.0
 40
1.0
100
AcDbArc
 50
90.0
 51
180.0
  0
LINE
  5
822
330
17
100
AcDbEntity
  8
A-DOOR
100
AcDbLine
 10
107.825
 20
5.6
 30
0.0
 11
108.825
 21
5.6
 31
0.0
  0
ARC
  5
823
330
17
100
AcDbEntity
  8
A-DOOR
100
AcDbCircle
 10
107.825
 20
5.6
 30
0.0
 40
1.0
100
AcDbArc
 50
0.0
 51
90.0
  0
LINE
  5
824
330
17
100
AcDbEntity
  8
A-DOOR
100
AcDbLine
 10
97.91
 20
12.75
 30
0.0
 11
97.91
 21
14.35
 31
0.0
  0
LINE
  5
825
330
17
100
AcDbEntity
  8
A-DOOR
100
AcDbLine
 10
97.99
 20
14.15
 30
0.0
 11
97.99
 21
15.75
 31
0.0
  0
LINE
  5
826
330
17
100
AcDbEntity
  8
A-DOOR
100
AcDbLine
 10
113.16
 20
12.75
 30
0.0
 11
113.16
 21
14.35
 31
0.0
  0
LINE
  5
827
330
17
100
AcDbEntity
  8
A-DOOR
100
AcDbLine
 10
113.24
 20
14.15
 30
0.0
 11
113.24
 21
15.75
 31
0.0
  0
LWPOLYLINE
  5
828
330
17
100
AcDbEntity
  8
A-GLAZ
100
AcDbPolyline
 90
4
 70
1
 10
96.0
 20
21.35
 10
96.3
 20
21.35
 10
96.3
 20
22.25
 10
96.0
 20
22.25
  0
LINE
  5
829
330
17
100
AcDbEntity
  8
A-GLAZ
100
AcDbLine
 10
96.12
 20
21.35
 30
0.0
 11
96.12
 21
22.25
 31
0.0
  0
LINE
  5
82A
330
17
100
AcDbEntity
  8
A-GLAZ
100
AcDbLine
 10
96.18
 20
21.35
 30
0.0
 11
96.18
 21
22.25
 31
0.0
  0
LWPOLYLINE
  5
82B
330
17
100
AcDbEntity
  8
A-GLAZ
100
AcDbPolyline
 90
4
 70
1
 10
96.0
 20
18.0
 10
96.3
 20
18.0
 10
96.3
 20
19.8
 10
96.0
 20
19.8
  0
LINE
  5
82C
330
17
100
AcDbEntity
  8
A-GLAZ
100
AcDbLine
 10
96.12
 20
18.0
 30
0.0
 11
96.12
 21
19.8
 31
0.0
  0
LINE
  5
82D
330
17
100
AcDbEntity
  8
A-GLAZ
100
AcDbLine
 10
96.18
 20
18.0
 30
0.0
 11
96.18
 21
19.8
 31
0.0
  0
LWPOLYLINE
  5
82E
330
17
100
AcDbEntity
  8
A-GLAZ
100
AcDbPolyline
 90
4
 70
1
 10
96.0
 20
12.25
 10
96.3
 20
12.25
 10
96.3
 20
16.25
 10
96.0
 20
16.25
  0
LINE
  5
82F
330
17
100
AcDbEntity
  8
A-GLAZ
100
AcDbLine
 10
96.12
 20
12.25
 30
0.0
 11
96.12
 21
16.25
 31
0.0
  0
LINE
  5
830
330
17
100
AcDbEntity
  8
A-GLAZ
100
AcDbLine
 10
96.18
 20
12.25
 30
0.0
 11
96.18
 21
16.25
 31
0.0
  0
LWPOLYLINE
  5
831
330
17
100
AcDbEntity
  8
A-GLAZ
100
AcDbPolyline
 90
4
 70
1
 10
96.0
 20
8.7
 10
96.3
 20
8.7
 10
96.3
 20
10.5
 10
96.0
 20
10.5
  0
LINE
  5
832
330
17
100
AcDbEntity
  8
A-GLAZ
100
AcDbLine
 10
96.12
 20
8.7
 30
0.0
 11
96.12
 21
10.5
 31
0.0
  0
LINE
  5
833
330
17
100
AcDbEntity
  8
A-GLAZ
100
AcDbLine
 10
96.18
 20
8.7
 30
0.0
 11
96.18
 21
10.5
 31
0.0
  0
LWPOLYLINE
  5
834
330
17
100
AcDbEntity
  8
A-GLAZ
100
AcDbPolyline
 90
4
 70
1
 10
96.0
 20
6.05
 10
96.3
 20
6.05
 10
96.3
 20
6.85
 10
96.0
 20
6.85
  0
LINE
  5
835
330
17
100
AcDbEntity
  8
A-GLAZ
100
AcDbLine
 10
96.12
 20
6.05
 30
0.0
 11
96.12
 21
6.85
 31
0.0
  0
LINE
  5
836
330
17
100
AcDbEntity
  8
A-GLAZ
100
AcDbLine
 10
96.18
 20
6.05
 30
0.0
 11
96.18
 21
6.85
 31
0.0
  0
LWPOLYLINE
  5
837
330
17
100
AcDbEntity
  8
A-GLAZ
100
AcDbPolyline
 90
4
 70
1
 10
96.0
 20
1.8
 10
96.3
 20
1.8
 10
96.3
 20
3.8
 10
96.0
 20
3.8
  0
LINE
  5
838
330
17
100
AcDbEntity
  8
A-GLAZ
100
AcDbLine
 10
96.12
 20
1.8
 30
0.0
 11
96.12
 21
3.8
 31
0.0
  0
LINE
  5
839
330
17
100
AcDbEntity
  8
A-GLAZ
100
AcDbLine
 10
96.18
 20
1.8
 30
0.0
 11
96.18
 21
3.8
 31
0.0
  0
LWPOLYLINE
  5
83A
330
17
100
AcDbEntity
  8
A-GLAZ
100
AcDbPolyline
 90
4
 70
1
 10
97.8
 20
27.7
 10
99.8
 20
27.7
 10
99.8
 20
28.0
 10
97.8
 20
28.0
  0
LINE
  5
83B
330
17
100
AcDbEntity
  8
A-GLAZ
100
AcDbLine
 10
97.8
 20
27.82
 30
0.0
 11
99.8
 21
27.82
 31
0.0
  0
LINE
  5
83C
330
17
100
AcDbEntity
  8
A-GLAZ
100
AcDbLine
 10
97.8
 20
27.88
 30
0.0
 11
99.8
 21
27.88
 31
0.0
  0
LWPOLYLINE
  5
83D
330
17
100
AcDbEntity
  8
A-GLAZ
100
AcDbPolyline
 90
4
 70
1
 10
102.45
 20
27.7
 10
104.45
 20
27.7
 10
104.45
 20
28.0
 10
102.45
 20
28.0
  0
LINE
  5
83E
330
17
100
AcDbEntity
  8
A-GLAZ
100
AcDbLine
 10
102.45
 20
27.82
 30
0.0
 11
104.45
 21
27.82
 31
0.0
  0
LINE
  5
83F
330
17
100
AcDbEntity
  8
A-GLAZ
100
AcDbLine
 10
102.45
 20
27.88
 30
0.0
 11
104.45
 21
27.88
 31
0.0
  0
LWPOLYLINE
  5
840
330
17
100
AcDbEntity
  8
A-GLAZ
100
AcDbPolyline
 90
4
 70
1
 10
97.8
 20
0.0
 10
99.8
 20
0.0
 10
99.8
 20
0.3
 10
97.8
 20
0.3
  0
LINE
  5
841
330
17
100
AcDbEntity
  8
A-GLAZ
100
AcDbLine
 10
97.8
 20
0.12
 30
0.0
 11
99.8
 21
0.12
 31
0.0
  0
LINE
  5
842
330
17
100
AcDbEntity
  8
A-GLAZ
100
AcDbLine
 10
97.8
 20
0.18
 30
0.0
 11
99.8
 21
0.18
 31
0.0
  0
LWPOLYLINE
  5
843
330
17
100
AcDbEntity
  8
A-GLAZ
100
AcDbPolyline
 90
4
 70
1
 10
114.85
 20
21.35
 10
115.15
 20
21.35
 10
115.15
 20
22.25
 10
114.85
 20
22.25
  0
LINE
  5
844
330
17
100
AcDbEntity
  8
A-GLAZ
100
AcDbLine
 10
114.97
 20
21.35
 30
0.0
 11
114.97
 21
22.25
 31
0.0
  0
LINE
  5
845
330
17
100
AcDbEntity
  8
A-GLAZ
100
AcDbLine
 10
115.03
 20
21.35
 30
0.0
 11
115.03
 21
22.25
 31
0.0
  0
LWPOLYLINE
  5
846
330
17
100
AcDbEntity
  8
A-GLAZ
100
AcDbPolyline
 90
4
 70
1
 10
114.85
 20
18.0
 10
115.15
 20
18.0
 10
115.15
 20
19.8
 10
114.85
 20
19.8
  0
LINE
  5
847
330
17
100
AcDbEntity
  8
A-GLAZ
100
AcDbLine
 10
114.97
 20
18.0
 30
0.0
 11
114.97
 21
19.8
 31
0.0
  0
LINE
  5
848
330
17
100
AcDbEntity
  8
A-GLAZ
100
AcDbLine
 10
115.03
 20
18.0
 30
0.0
 11
115.03
 21
19.8
 31
0.0
  0
LWPOLYLINE
  5
849
330
17
100
AcDbEntity
  8
A-GLAZ
100
AcDbPolyline
 90
4
 70
1
 10
114.85
 20
12.25
 10
115.15
 20
12.25
 10
115.15
 20
16.25
 10
114.85
 20
16.25
  0
LINE
  5
84A
330
17
100
AcDbEntity
  8
A-GLAZ
100
AcDbLine
 10
114.97
 20
12.25
 30
0.0
 11
114.97
 21
16.25
 31
0.0
  0
LINE
  5
84B
330
17
100
AcDbEntity
  8
A-GLAZ
100
AcDbLine
 10
115.03
 20
12.25
 30
0.0
 11
115.03
 21
16.25
 31
0.0
  0
LWPOLYLINE
  5
84C
330
17
100
AcDbEntity
  8
A-GLAZ
100
AcDbPolyline
 90
4
 70
1
 10
114.85
 20
8.7
 10
115.15
 20
8.7
 10
115.15
 20
10.5
 10
114.85
 20
10.5
  0
LINE
  5
84D
330
17
100
AcDbEntity
  8
A-GLAZ
100
AcDbLine
 10
114.97
 20
8.7
 30
0.0
 11
114.97
 21
10.5
 31
0.0
  0
LINE
  5
84E
330
17
100
AcDbEntity
  8
A-GLAZ
100
AcDbLine
 10
115.03
 20
8.7
 30
0.0
 11
115.03
 21
10.5
 31
0.0
  0
LWPOLYLINE
  5
84F
330
17
100
AcDbEntity
  8
A-GLAZ
100
AcDbPolyline
 90
4
 70
1
 10
114.85
 20
6.05
 10
115.15
 20
6.05
 10
115.15
 20
6.85
 10
114.85
 20
6.85
  0
LINE
  5
850
330
17
100
AcDbEntity
  8
A-GLAZ
100
AcDbLine
 10
114.97
 20
6.05
 30
0.0
 11
114.97
 21
6.85
 31
0.0
  0
LINE
  5
851
330
17
100
AcDbEntity
  8
A-GLAZ
100
AcDbLine
 10
115.03
 20
6.05
 30
0.0
 11
115.03
 21
6.85
 31
0.0
  0
LWPOLYLINE
  5
852
330
17
100
AcDbEntity
  8
A-GLAZ
100
AcDbPolyline
 90
4
 70
1
 10
114.85
 20
1.8
 10
115.15
 20
1.8
 10
115.15
 20
3.8
 10
114.85
 20
3.8
  0
LINE
  5
853
330
17
100
AcDbEntity
  8
A-GLAZ
100
AcDbLine
 10
114.97
 20
1.8
 30
0.0
 11
114.97
 21
3.8
 31
0.0
  0
LINE
  5
854
330
17
100
AcDbEntity
  8
A-GLAZ
100
AcDbLine
 10
115.03
 20
1.8
 30
0.0
 11
115.03
 21
3.8
 31
0.0
  0
LWPOLYLINE
  5
855
330
17
100
AcDbEntity
  8
A-GLAZ
100
AcDbPolyline
 90
4
 70
1
 10
111.35
 20
27.7
 10
113.35
 20
27.7
 10
113.35
 20
28.0
 10
111.35
 20
28.0
  0
LINE
  5
856
330
17
100
AcDbEntity
  8
A-GLAZ
100
AcDbLine
 10
111.35
 20
27.82
 30
0.0
 11
113.35
 21
27.82
 31
0.0
  0
LINE
  5
857
330
17
100
AcDbEntity
  8
A-GLAZ
100
AcDbLine
 10
111.35
 20
27.88
 30
0.0
 11
113.35
 21
27.88
 31
0.0
  0
LWPOLYLINE
  5
858
330
17
100
AcDbEntity
  8
A-GLAZ
100
AcDbPolyline
 90
4
 70
1
 10
106.7
 20
27.7
 10
108.7
 20
27.7
 10
108.7
 20
28.0
 10
106.7
 20
28.0
  0
LINE
  5
859
330
17
100
AcDbEntity
  8
A-GLAZ
100
AcDbLine
 10
106.7
 20
27.82
 30
0.0
 11
108.7
 21
27.82
 31
0.0
  0
LINE
  5
85A
330
17
100
AcDbEntity
  8
A-GLAZ
100
AcDbLine
 10
106.7
 20
27.88
 30
0.0
 11
108.7
 21
27.88
 31
0.0
  0
LWPOLYLINE
  5
85B
330
17
100
AcDbEntity
  8
A-GLAZ
100
AcDbPolyline
 90
4
 70
1
 10
111.35
 20
0.0
 10
113.35
 20
0.0
 10
113.35
 20
0.3
 10
111.35
 20
0.3
  0
LINE
  5
85C
330
17
100
AcDbEntity
  8
A-GLAZ
100
AcDbLine
 10
111.35
 20
0.12
 30
0.0
 11
113.35
 21
0.12
 31
0.0
  0
LINE
  5
85D
330
17
100
AcDbEntity
  8
A-GLAZ
100
AcDbLine
 10
111.35
 20
0.18
 30
0.0
 11
113.35
 21
0.18
 31
0.0
  0
LWPOLYLINE
  5
85E
330
17
100
AcDbEntity
  8
A-GLAZ
100
AcDbPolyline
 90
4
 70
1
 10
104.575
 20
0.0
 10
106.575
 20
0.0
 10
106.575
 20
0.3
 10
104.575
 20
0.3
  0
LINE
  5
85F
330
17
100
AcDbEntity
  8
A-GLAZ
100
AcDbLine
 10
104.575
 20
0.12
 30
0.0
 11
106.575
 21
0.12
 31
0.0
  0
LINE
  5
860
330
17
100
AcDbEntity
  8
A-GLAZ
100
AcDbLine
 10
104.575
 20
0.18
 30
0.0
 11
106.575
 21
0.18
 31
0.0
  0
LWPOLYLINE
  5
861
330
17
100
AcDbEntity
  8
A-FLOR-STRS
100
AcDbPolyline
 90
4
 70
1
 10
104.425
 20
5.5299999999999985
 10
105.525
 20
5.5299999999999985
 10
105.525
 20
8.049999999999999
 10
104.425
 20
8.049999999999999
  0
LINE
  5
862
330
17
100
AcDbEntity
  8
A-FLOR-STRS
100
AcDbLine
 10
104.425
 20
5.5299999999999985
 30
0.0
 11
105.525
 21
5.5299999999999985
 31
0.0
  0
LINE
  5
863
330
17
100
AcDbEntity
  8
A-FLOR-STRS
100
AcDbLine
 10
104.425
 20
5.809999999999999
 30
0.0
 11
105.525
 21
5.809999999999999
 31
0.0
  0
LINE
  5
864
330
17
100
AcDbEntity
  8
A-FLOR-STRS
100
AcDbLine
 10
104.425
 20
6.089999999999998
 30
0.0
 11
105.525
 21
6.089999999999998
 31
0.0
  0
LINE
  5
865
330
17
100
AcDbEntity
  8
A-FLOR-STRS
100
AcDbLine
 10
104.425
 20
6.369999999999998
 30
0.0
 11
105.525
 21
6.369999999999998
 31
0.0
  0
LINE
  5
866
330
17
100
AcDbEntity
  8
A-FLOR-STRS
100
AcDbLine
 10
104.425
 20
6.649999999999999
 30
0.0
 11
105.525
 21
6.649999999999999
 31
0.0
  0
LINE
  5
867
330
17
100
AcDbEntity
  8
A-FLOR-STRS
100
AcDbLine
 10
104.425
 20
6.929999999999999
 30
0.0
 11
105.525
 21
6.929999999999999
 31
0.0
  0
LINE
  5
868
330
17
100
AcDbEntity
  8
A-FLOR-STRS
100
AcDbLine
 10
104.425
 20
7.209999999999999
 30
0.0
 11
105.525
 21
7.209999999999999
 31
0.0
  0
LINE
  5
869
330
17
100
AcDbEntity
  8
A-FLOR-STRS
100
AcDbLine
 10
104.425
 20
7.489999999999998
 30
0.0
 11
105.525
 21
7.489999999999998
 31
0.0
  0
LINE
  5
86A
330
17
100
AcDbEntity
  8
A-FLOR-STRS
100
AcDbLine
 10
104.425
 20
7.769999999999999
 30
0.0
 11
105.525
 21
7.769999999999999
 31
0.0
  0
LINE
  5
86B
330
17
100
AcDbEntity
  8
A-FLOR-STRS
100
AcDbLine
 10
104.425
 20
8.049999999999999
 30
0.0
 11
105.525
 21
8.049999999999999
 31
0.0
  0
LWPOLYLINE
  5
86C
330
17
100
AcDbEntity
  8
A-FLOR-STRS
100
AcDbPolyline
 90
4
 70
1
 10
105.625
 20
5.5299999999999985
 10
106.725
 20
5.5299999999999985
 10
106.725
 20
8.049999999999999
 10
105.625
 20
8.049999999999999
  0
LINE
  5
86D
330
17
100
AcDbEntity
  8
A-FLOR-STRS
100
AcDbLine
 10
105.625
 20
5.5299999999999985
 30
0.0
 11
106.725
 21
5.5299999999999985
 31
0.0
  0
LINE
  5
86E
330
17
100
AcDbEntity
  8
A-FLOR-STRS
100
AcDbLine
 10
105.625
 20
5.809999999999999
 30
0.0
 11
106.725
 21
5.809999999999999
 31
0.0
  0
LINE
  5
86F
330
17
100
AcDbEntity
  8
A-FLOR-STRS
100
AcDbLine
 10
105.625
 20
6.089999999999998
 30
0.0
 11
106.725
 21
6.089999999999998
 31
0.0
  0
LINE
  5
870
330
17
100
AcDbEntity
  8
A-FLOR-STRS
100
AcDbLine
 10
105.625
 20
6.369999999999998
 30
0.0
 11
106.725
 21
6.369999999999998
 31
0.0
  0
LINE
  5
871
330
17
100
AcDbEntity
  8
A-FLOR-STRS
100
AcDbLine
 10
105.625
 20
6.649999999999999
 30
0.0
 11
106.725
 21
6.649999999999999
 31
0.0
  0
LINE
  5
872
330
17
100
AcDbEntity
  8
A-FLOR-STRS
100
AcDbLine
 10
105.625
 20
6.929999999999999
 30
0.0
 11
106.725
 21
6.929999999999999
 31
0.0
  0
LINE
  5
873
330
17
100
AcDbEntity
  8
A-FLOR-STRS
100
AcDbLine
 10
105.625
 20
7.209999999999999
 30
0.0
 11
106.725
 21
7.209999999999999
 31
0.0
  0
LINE
  5
874
330
17
100
AcDbEntity
  8
A-FLOR-STRS
100
AcDbLine
 10
105.625
 20
7.489999999999998
 30
0.0
 11
106.725
 21
7.489999999999998
 31
0.0
  0
LINE
  5
875
330
17
100
AcDbEntity
  8
A-FLOR-STRS
100
AcDbLine
 10
105.625
 20
7.769999999999999
 30
0.0
 11
106.725
 21
7.769999999999999
 31
0.0
  0
LINE
  5
876
330
17
100
AcDbEntity
  8
A-FLOR-STRS
100
AcDbLine
 10
105.625
 20
8.049999999999999
 30
0.0
 11
106.725
 21
8.049999999999999
 31
0.0
  0
LWPOLYLINE
  5
877
330
17
100
AcDbEntity
  8
A-FLOR-STRS
100
AcDbPolyline
 90
4
 70
1
 10
105.525
 20
5.5299999999999985
 10
105.625
 20
5.5299999999999985
 10
105.625
 20
8.049999999999999
 10
105.525
 20
8.049999999999999
  0
LINE
  5
878
330
17
100
AcDbEntity
  8
A-FLOR-STRS
100
AcDbLine
 10
104.425
 20
8.049999999999999
 30
0.0
 11
106.725
 21
8.049999999999999
 31
0.0
  0
LINE
  5
879
330
17
100
AcDbEntity
  8
A-FLOR-STRS
100
AcDbLine
 10
104.975
 20
5.679999999999999
 30
0.0
 11
104.975
 21
7.849999999999999
 31
0.0
  0
LWPOLYLINE
  5
87A
330
17
100
AcDbEntity
  8
A-FLOR-STRS
100
AcDbPolyline
 90
3
 70
0
 10
104.855
 20
7.599999999999999
 10
104.975
 20
7.849999999999999
 10
105.095
 20
7.599999999999999
  0
TEXT
  5
87B
330
17
100
AcDbEntity
  8
A-ANNO-TEXT
100
AcDbText
 10
104.975
 20
5.2799999999999985
 30
0.0
 40
0.18
  1
UP
  7
OpenSans
 72
1
 11
104.975
 21
5.2799999999999985
 31
0.0
100
AcDbText
 73
2
  0
LINE
  5
87C
330
17
100
AcDbEntity
  8
A-FLOR-STRS
100
AcDbLine
 10
106.175
 20
5.679999999999999
 30
0.0
 11
106.175
 21
7.849999999999999
 31
0.0
  0
LWPOLYLINE
  5
87D
330
17
100
AcDbEntity
  8
A-FLOR-STRS
100
AcDbPolyline
 90
3
 70
0
 10
106.055
 20
7.599999999999999
 10
106.175
 20
7.849999999999999
 10
106.295
 20
7.599999999999999
  0
TEXT
  5
87E
330
17
100
AcDbEntity
  8
A-ANNO-TEXT
100
AcDbText
 10
106.175
 20
5.2799999999999985
 30
0.0
 40
0.18
  1
DN
  7
OpenSans
 72
1
 11
106.175
 21
5.2799999999999985
 31
0.0
100
AcDbText
 73
2
  0
LINE
  5
87F
330
17
100
AcDbEntity
  8
A-FLOR-STRS
100
AcDbLine
 10
104.425
 20
7.0
 30
0.0
 11
106.725
 21
7.4
 31
0.0
  0
TEXT
  5
880
330
17
100
AcDbEntity
  8
A-ANNO-TEXT
100
AcDbText
 10
105.575
 20
8.7
 30
0.0
 40
0.16
  1
LANDING
  7
OpenSans
 72
1
 11
105.575
 21
8.7
 31
0.0
100
AcDbText
 73
2
  0
TEXT
  5
881
330
17
100
AcDbEntity
  8
A-ANNO-TEXT
100
AcDbText
 10
105.575
 20
3.2
 30
0.0
 40
0.22
  1
STAIR LOBBY
  7
OpenSans
 72
1
 11
105.575
 21
3.2
 31
0.0
100
AcDbText
 73
2
  0
TEXT
  5
882
330
17
100
AcDbEntity
  8
A-ANNO-TEXT
100
AcDbText
 10
98.8
 20
24.252
 30
0.0
 40
0.28
  1
MASTER BED R.
  7
OpenSans
 72
1
 11
98.8
 21
24.252
 31
0.0
100
AcDbText
 73
2
  0
TEXT
  5
883
330
17
100
AcDbEntity
  8
A-ANNO-TEXT
100
AcDbText
 10
98.8
 20
23.888
 30
0.0
 40
0.22400000000000003
  1
5.00 x 5.00
  7
OpenSans
 72
1
 11
98.8
 21
23.888
 31
0.0
100
AcDbText
 73
2
  0
TEXT
  5
884
330
17
100
AcDbEntity
  8
A-ANNO-TEXT
100
AcDbText
 10
112.35
 20
24.252
 30
0.0
 40
0.28
  1
MASTER BED R.
  7
OpenSans
 72
1
 11
112.35
 21
24.252
 31
0.0
100
AcDbText
 73
2
  0
TEXT
  5
885
330
17
100
AcDbEntity
  8
A-ANNO-TEXT
100
AcDbText
 10
112.35
 20
23.888
 30
0.0
 40
0.22400000000000003
  1
5.00 x 5.00
  7
OpenSans
 72
1
 11
112.35
 21
23.888
 31
0.0
100
AcDbText
 73
2
  0
TEXT
  5
886
330
17
100
AcDbEntity
  8
A-ANNO-TEXT
100
AcDbText
 10
97.55
 20
21.953
 30
0.0
 40
0.17
  1
MASTER BATH
  7
OpenSans
 72
1
 11
97.55
 21
21.953
 31
0.0
100
AcDbText
 73
2
  0
TEXT
  5
887
330
17
100
AcDbEntity
  8
A-ANNO-TEXT
100
AcDbText
 10
97.55
 20
21.732
 30
0.0
 40
0.136
  1
2.50 x 1.50
  7
OpenSans
 72
1
 11
97.55
 21
21.732
 31
0.0
100
AcDbText
 73
2
  0
TEXT
  5
888
330
17
100
AcDbEntity
  8
A-ANNO-TEXT
100
AcDbText
 10
113.6
 20
21.953
 30
0.0
 40
0.17
  1
MASTER BATH
  7
OpenSans
 72
1
 11
113.6
 21
21.953
 31
0.0
100
AcDbText
 73
2
  0
TEXT
  5
889
330
17
100
AcDbEntity
  8
A-ANNO-TEXT
100
AcDbText
 10
113.6
 20
21.732
 30
0.0
 40
0.136
  1
2.50 x 1.50
  7
OpenSans
 72
1
 11
113.6
 21
21.732
 31
0.0
100
AcDbText
 73
2
  0
TEXT
  5
88A
330
17
100
AcDbEntity
  8
A-ANNO-TEXT
100
AcDbText
 10
100.125
 20
21.953
 30
0.0
 40
0.17
  1
LOBBY
  7
OpenSans
 72
1
 11
100.125
 21
21.953
 31
0.0
100
AcDbText
 73
2
  0
TEXT
  5
88B
330
17
100
AcDbEntity
  8
A-ANNO-TEXT
100
AcDbText
 10
100.125
 20
21.732
 30
0.0
 40
0.136
  1
2.35 x 1.50
  7
OpenSans
 72
1
 11
100.125
 21
21.732
 31
0.0
100
AcDbText
 73
2
  0
TEXT
  5
88C
330
17
100
AcDbEntity
  8
A-ANNO-TEXT
100
AcDbText
 10
111.025
 20
21.953
 30
0.0
 40
0.17
  1
LOBBY
  7
OpenSans
 72
1
 11
111.025
 21
21.953
 31
0.0
100
AcDbText
 73
2
  0
TEXT
  5
88D
330
17
100
AcDbEntity
  8
A-ANNO-TEXT
100
AcDbText
 10
111.025
 20
21.732
 30
0.0
 40
0.136
  1
2.35 x 1.50
  7
OpenSans
 72
1
 11
111.025
 21
21.732
 31
0.0
100
AcDbText
 73
2
  0
TEXT
  5
88E
330
17
100
AcDbEntity
  8
A-ANNO-TEXT
100
AcDbText
 10
99.2
 20
19.151999999999997
 30
0.0
 40
0.28
  1
BED R.
  7
OpenSans
 72
1
 11
99.2
 21
19.151999999999997
 31
0.0
100
AcDbText
 73
2
  0
TEXT
  5
88F
330
17
100
AcDbEntity
  8
A-ANNO-TEXT
100
AcDbText
 10
99.2
 20
18.788
 30
0.0
 40
0.22400000000000003
  1
4.00 x 4.00
  7
OpenSans
 72
1
 11
99.2
 21
18.788
 31
0.0
100
AcDbText
 73
2
  0
TEXT
  5
890
330
17
100
AcDbEntity
  8
A-ANNO-TEXT
100
AcDbText
 10
111.95
 20
19.151999999999997
 30
0.0
 40
0.28
  1
BED R.
  7
OpenSans
 72
1
 11
111.95
 21
19.151999999999997
 31
0.0
100
AcDbText
 73
2
  0
TEXT
  5
891
330
17
100
AcDbEntity
  8
A-ANNO-TEXT
100
AcDbText
 10
111.95
 20
18.788
 30
0.0
 40
0.22400000000000003
  1
4.00 x 4.00
  7
OpenSans
 72
1
 11
111.95
 21
18.788
 31
0.0
100
AcDbText
 73
2
  0
TEXT
  5
892
330
17
100
AcDbEntity
  8
A-ANNO-TEXT
100
AcDbText
 10
103.45
 20
25.052
 30
0.0
 40
0.28
  1
BED R.
  7
OpenSans
 72
1
 11
103.45
 21
25.052
 31
0.0
100
AcDbText
 73
2
  0
TEXT
  5
893
330
17
100
AcDbEntity
  8
A-ANNO-TEXT
100
AcDbText
 10
103.45
 20
24.688000000000002
 30
0.0
 40
0.22400000000000003
  1
4.00 x 4.00
  7
OpenSans
 72
1
 11
103.45
 21
24.688000000000002
 31
0.0
100
AcDbText
 73
2
  0
TEXT
  5
894
330
17
100
AcDbEntity
  8
A-ANNO-TEXT
100
AcDbText
 10
107.7
 20
25.052
 30
0.0
 40
0.28
  1
BED R.
  7
OpenSans
 72
1
 11
107.7
 21
25.052
 31
0.0
100
AcDbText
 73
2
  0
TEXT
  5
895
330
17
100
AcDbEntity
  8
A-ANNO-TEXT
100
AcDbText
 10
107.7
 20
24.688000000000002
 30
0.0
 40
0.22400000000000003
  1
4.00 x 4.00
  7
OpenSans
 72
1
 11
107.7
 21
24.688000000000002
 31
0.0
100
AcDbText
 73
2
  0
TEXT
  5
896
330
17
100
AcDbEntity
  8
A-ANNO-TEXT
100
AcDbText
 10
102.325
 20
20.378
 30
0.0
 40
0.17
  1
CORRIDOR
  7
OpenSans
 72
1
 11
102.325
 21
20.378
 31
0.0
100
AcDbText
 73
2
  0
TEXT
  5
897
330
17
100
AcDbEntity
  8
A-ANNO-TEXT
100
AcDbText
 10
108.825
 20
20.378
 30
0.0
 40
0.17
  1
CORRIDOR
  7
OpenSans
 72
1
 11
108.825
 21
20.378
 31
0.0
100
AcDbText
 73
2
  0
TEXT
  5
898
330
17
100
AcDbEntity
  8
A-ANNO-TEXT
100
AcDbText
 10
104.45
 20
22.703
 30
0.0
 40
0.17
  1
BATH
  7
OpenSans
 72
1
 11
104.45
 21
22.703
 31
0.0
100
AcDbText
 73
2
  0
TEXT
  5
899
330
17
100
AcDbEntity
  8
A-ANNO-TEXT
100
AcDbText
 10
104.45
 20
22.482
 30
0.0
 40
0.136
  1
2.00 x 2.00
  7
OpenSans
 72
1
 11
104.45
 21
22.482
 31
0.0
100
AcDbText
 73
2
  0
TEXT
  5
89A
330
17
100
AcDbEntity
  8
A-ANNO-TEXT
100
AcDbText
 10
106.7
 20
22.703
 30
0.0
 40
0.17
  1
BATH
  7
OpenSans
 72
1
 11
106.7
 21
22.703
 31
0.0
100
AcDbText
 73
2
  0
TEXT
  5
89B
330
17
100
AcDbEntity
  8
A-ANNO-TEXT
100
AcDbText
 10
106.7
 20
22.482
 30
0.0
 40
0.136
  1
2.00 x 2.00
  7
OpenSans
 72
1
 11
106.7
 21
22.482
 31
0.0
100
AcDbText
 73
2
  0
TEXT
  5
89C
330
17
100
AcDbEntity
  8
A-ANNO-TEXT
100
AcDbText
 10
104.45
 20
20.552999999999997
 30
0.0
 40
0.17
  1
MAID R.
  7
OpenSans
 72
1
 11
104.45
 21
20.552999999999997
 31
0.0
100
AcDbText
 73
2
  0
TEXT
  5
89D
330
17
100
AcDbEntity
  8
A-ANNO-TEXT
100
AcDbText
 10
104.45
 20
20.331999999999997
 30
0.0
 40
0.136
  1
2.00 x 2.00
  7
OpenSans
 72
1
 11
104.45
 21
20.331999999999997
 31
0.0
100
AcDbText
 73
2
  0
TEXT
  5
89E
330
17
100
AcDbEntity
  8
A-ANNO-TEXT
100
AcDbText
 10
106.7
 20
20.552999999999997
 30
0.0
 40
0.17
  1
MAID R.
  7
OpenSans
 72
1
 11
106.7
 21
20.552999999999997
 31
0.0
100
AcDbText
 73
2
  0
TEXT
  5
89F
330
17
100
AcDbEntity
  8
A-ANNO-TEXT
100
AcDbText
 10
106.7
 20
20.331999999999997
 30
0.0
 40
0.136
  1
2.00 x 2.00
  7
OpenSans
 72
1
 11
106.7
 21
20.331999999999997
 31
0.0
100
AcDbText
 73
2
  0
TEXT
  5
8A0
330
17
100
AcDbEntity
  8
A-ANNO-TEXT
100
AcDbText
 10
97.05
 20
14.403
 30
0.0
 40
0.17
  1
BALCONY
  7
OpenSans
 72
1
 11
97.05
 21
14.403
 31
0.0
100
AcDbText
 73
2
  0
TEXT
  5
8A1
330
17
100
AcDbEntity
  8
A-ANNO-TEXT
100
AcDbText
 10
97.05
 20
14.182
 30
0.0
 40
0.136
  1
1.50 x 5.00
  7
OpenSans
 72
1
 11
97.05
 21
14.182
 31
0.0
100
AcDbText
 73
2
  0
TEXT
  5
8A2
330
17
100
AcDbEntity
  8
A-ANNO-TEXT
100
AcDbText
 10
114.1
 20
14.403
 30
0.0
 40
0.17
  1
BALCONY
  7
OpenSans
 72
1
 11
114.1
 21
14.403
 31
0.0
100
AcDbText
 73
2
  0
TEXT
  5
8A3
330
17
100
AcDbEntity
  8
A-ANNO-TEXT
100
AcDbText
 10
114.1
 20
14.182
 30
0.0
 40
0.136
  1
1.50 x 5.00
  7
OpenSans
 72
1
 11
114.1
 21
14.182
 31
0.0
100
AcDbText
 73
2
  0
TEXT
  5
8A4
330
17
100
AcDbEntity
  8
A-ANNO-TEXT
100
AcDbText
 10
101.2
 20
14.402000000000001
 30
0.0
 40
0.28
  1
LIVING ROOM
  7
OpenSans
 72
1
 11
101.2
 21
14.402000000000001
 31
0.0
100
AcDbText
 73
2
  0
TEXT
  5
8A5
330
17
100
AcDbEntity
  8
A-ANNO-TEXT
100
AcDbText
 10
101.2
 20
14.038
 30
0.0
 40
0.22400000000000003
  1
5.00 x 5.00
  7
OpenSans
 72
1
 11
101.2
 21
14.038
 31
0.0
100
AcDbText
 73
2
  0
TEXT
  5
8A6
330
17
100
AcDbEntity
  8
A-ANNO-TEXT
100
AcDbText
 10
109.95
 20
14.402000000000001
 30
0.0
 40
0.28
  1
LIVING ROOM
  7
OpenSans
 72
1
 11
109.95
 21
14.402000000000001
 31
0.0
100
AcDbText
 73
2
  0
TEXT
  5
8A7
330
17
100
AcDbEntity
  8
A-ANNO-TEXT
100
AcDbText
 10
109.95
 20
14.038
 30
0.0
 40
0.22400000000000003
  1
5.00 x 5.00
  7
OpenSans
 72
1
 11
109.95
 21
14.038
 31
0.0
100
AcDbText
 73
2
  0
TEXT
  5
8A8
330
17
100
AcDbEntity
  8
A-ANNO-TEXT
100
AcDbText
 10
104.35
 20
14.403
 30
0.0
 40
0.17
  1
DINING
  7
OpenSans
 72
1
 11
104.35
 21
14.403
 31
0.0
100
AcDbText
 73
2
  0
TEXT
  5
8A9
330
17
100
AcDbEntity
  8
A-ANNO-TEXT
100
AcDbText
 10
104.35
 20
14.182
 30
0.0
 40
0.136
  1
2.20 x 5.00
  7
OpenSans
 72
1
 11
104.35
 21
14.182
 31
0.0
100
AcDbText
 73
2
  0
TEXT
  5
8AA
330
17
100
AcDbEntity
  8
A-ANNO-TEXT
100
AcDbText
 10
106.8
 20
14.403
 30
0.0
 40
0.17
  1
DINING
  7
OpenSans
 72
1
 11
106.8
 21
14.403
 31
0.0
100
AcDbText
 73
2
  0
TEXT
  5
8AB
330
17
100
AcDbEntity
  8
A-ANNO-TEXT
100
AcDbText
 10
106.8
 20
14.182
 30
0.0
 40
0.136
  1
2.20 x 5.00
  7
OpenSans
 72
1
 11
106.8
 21
14.182
 31
0.0
100
AcDbText
 73
2
  0
TEXT
  5
8AC
330
17
100
AcDbEntity
  8
A-ANNO-TEXT
100
AcDbText
 10
98.6
 20
10.052
 30
0.0
 40
0.28
  1
KITCHEN
  7
OpenSans
 72
1
 11
98.6
 21
10.052
 31
0.0
100
AcDbText
 73
2
  0
TEXT
  5
8AD
330
17
100
AcDbEntity
  8
A-ANNO-TEXT
100
AcDbText
 10
98.6
 20
9.687999999999999
 30
0.0
 40
0.22400000000000003
  1
4.00 x 4.00
  7
OpenSans
 72
1
 11
98.6
 21
9.687999999999999
 31
0.0
100
AcDbText
 73
2
  0
TEXT
  5
8AE
330
17
100
AcDbEntity
  8
A-ANNO-TEXT
100
AcDbText
 10
112.55
 20
10.052
 30
0.0
 40
0.28
  1
KITCHEN
  7
OpenSans
 72
1
 11
112.55
 21
10.052
 31
0.0
100
AcDbText
 73
2
  0
TEXT
  5
8AF
330
17
100
AcDbEntity
  8
A-ANNO-TEXT
100
AcDbText
 10
112.55
 20
9.687999999999999
 30
0.0
 40
0.22400000000000003
  1
4.00 x 4.00
  7
OpenSans
 72
1
 11
112.55
 21
9.687999999999999
 31
0.0
100
AcDbText
 73
2
  0
TEXT
  5
8B0
330
17
100
AcDbEntity
  8
A-ANNO-TEXT
100
AcDbText
 10
101.825
 20
9.852
 30
0.0
 40
0.28
  1
HALL
  7
OpenSans
 72
1
 11
101.825
 21
9.852
 31
0.0
100
AcDbText
 73
2
  0
TEXT
  5
8B1
330
17
100
AcDbEntity
  8
A-ANNO-TEXT
100
AcDbText
 10
109.325
 20
9.852
 30
0.0
 40
0.28
  1
HALL
  7
OpenSans
 72
1
 11
109.325
 21
9.852
 31
0.0
100
AcDbText
 73
2
  0
TEXT
  5
8B2
330
17
100
AcDbEntity
  8
A-ANNO-TEXT
100
AcDbText
 10
104.45
 20
10.753
 30
0.0
 40
0.17
  1
BATH
  7
OpenSans
 72
1
 11
104.45
 21
10.753
 31
0.0
100
AcDbText
 73
2
  0
TEXT
  5
8B3
330
17
100
AcDbEntity
  8
A-ANNO-TEXT
100
AcDbText
 10
104.45
 20
10.532
 30
0.0
 40
0.136
  1
2.00 x 2.00
  7
OpenSans
 72
1
 11
104.45
 21
10.532
 31
0.0
100
AcDbText
 73
2
  0
TEXT
  5
8B4
330
17
100
AcDbEntity
  8
A-ANNO-TEXT
100
AcDbText
 10
106.7
 20
10.753
 30
0.0
 40
0.17
  1
BATH
  7
OpenSans
 72
1
 11
106.7
 21
10.753
 31
0.0
100
AcDbText
 73
2
  0
TEXT
  5
8B5
330
17
100
AcDbEntity
  8
A-ANNO-TEXT
100
AcDbText
 10
106.7
 20
10.532
 30
0.0
 40
0.136
  1
2.00 x 2.00
  7
OpenSans
 72
1
 11
106.7
 21
10.532
 31
0.0
100
AcDbText
 73
2
  0
TEXT
  5
8B6
330
17
100
AcDbEntity
  8
A-ANNO-TEXT
100
AcDbText
 10
97.3
 20
6.603
 30
0.0
 40
0.17
  1
BATH
  7
OpenSans
 72
1
 11
97.3
 21
6.603
 31
0.0
100
AcDbText
 73
2
  0
TEXT
  5
8B7
330
17
100
AcDbEntity
  8
A-ANNO-TEXT
100
AcDbText
 10
97.3
 20
6.382000000000001
 30
0.0
 40
0.136
  1
2.00 x 2.00
  7
OpenSans
 72
1
 11
97.3
 21
6.382000000000001
 31
0.0
100
AcDbText
 73
2
  0
TEXT
  5
8B8
330
17
100
AcDbEntity
  8
A-ANNO-TEXT
100
AcDbText
 10
113.85
 20
6.603
 30
0.0
 40
0.17
  1
BATH
  7
OpenSans
 72
1
 11
113.85
 21
6.603
 31
0.0
100
AcDbText
 73
2
  0
TEXT
  5
8B9
330
17
100
AcDbEntity
  8
A-ANNO-TEXT
100
AcDbText
 10
113.85
 20
6.382000000000001
 30
0.0
 40
0.136
  1
2.00 x 2.00
  7
OpenSans
 72
1
 11
113.85
 21
6.382000000000001
 31
0.0
100
AcDbText
 73
2
  0
TEXT
  5
8BA
330
17
100
AcDbEntity
  8
A-ANNO-TEXT
100
AcDbText
 10
100.825
 20
6.603
 30
0.0
 40
0.17
  1
ENTRANCE
  7
OpenSans
 72
1
 11
100.825
 21
6.603
 31
0.0
100
AcDbText
 73
2
  0
TEXT
  5
8BB
330
17
100
AcDbEntity
  8
A-ANNO-TEXT
100
AcDbText
 10
110.325
 20
6.603
 30
0.0
 40
0.17
  1
ENTRANCE
  7
OpenSans
 72
1
 11
110.325
 21
6.603
 31
0.0
100
AcDbText
 73
2
  0
TEXT
  5
8BC
330
17
100
AcDbEntity
  8
A-ANNO-TEXT
100
AcDbText
 10
99.75
 20
2.652
 30
0.0
 40
0.28
  1
GUEST ROOM
  7
OpenSans
 72
1
 11
99.75
 21
2.652
 31
0.0
100
AcDbText
 73
2
  0
TEXT
  5
8BD
330
17
100
AcDbEntity
  8
A-ANNO-TEXT
100
AcDbText
 10
99.75
 20
2.288
 30
0.0
 40
0.22400000000000003
  1
6.90 x 5.00
  7
OpenSans
 72
1
 11
99.75
 21
2.288
 31
0.0
100
AcDbText
 73
2
  0
TEXT
  5
8BE
330
17
100
AcDbEntity
  8
A-ANNO-TEXT
100
AcDbText
 10
111.4
 20
2.652
 30
0.0
 40
0.28
  1
GUEST ROOM
  7
OpenSans
 72
1
 11
111.4
 21
2.652
 31
0.0
100
AcDbText
 73
2
  0
TEXT
  5
8BF
330
17
100
AcDbEntity
  8
A-ANNO-TEXT
100
AcDbText
 10
111.4
 20
2.288
 30
0.0
 40
0.22400000000000003
  1
6.90 x 5.00
  7
OpenSans
 72
1
 11
111.4
 21
2.288
 31
0.0
100
AcDbText
 73
2
  0
LINE
  5
8C0
330
17
100
AcDbEntity
  8
A-ANNO-SYMB
  6
CENTER2
100
AcDbLine
 10
105.0
 20
-1.6
 30
0.0
 11
105.0
 21
29.6
 31
0.0
  0
LWPOLYLINE
  5
8C1
330
17
100
AcDbEntity
  8
A-ANNO-SYMB
100
AcDbPolyline
 90
2
 70
0
 10
105.0
 20
-1.6
 10
105.9
 20
-1.6
  0
LWPOLYLINE
  5
8C2
330
17
100
AcDbEntity
  8
A-ANNO-SYMB
100
AcDbPolyline
 90
3
 70
1
 10
105.9
 20
-1.6
 10
105.6
 20
-1.4500000000000002
 10
105.6
 20
-1.75
  0
TEXT
  5
8C3
330
17
100
AcDbEntity
  8
A-ANNO-SYMB
100
AcDbText
 10
104.65
 20
-1.6
 30
0.0
 40
0.35
  1
A
  7
OpenSans
 72
1
 11
104.65
 21
-1.6
 31
0.0
100
AcDbText
 73
2
  0
LWPOLYLINE
  5
8C4
330
17
100
AcDbEntity
  8
A-ANNO-SYMB
100
AcDbPolyline
 90
2
 70
0
 10
105.0
 20
29.6
 10
105.9
 20
29.6
  0
LWPOLYLINE
  5
8C5
330
17
100
AcDbEntity
  8
A-ANNO-SYMB
100
AcDbPolyline
 90
3
 70
1
 10
105.9
 20
29.6
 10
105.6
 20
29.75
 10
105.6
 20
29.450000000000003
  0
TEXT
  5
8C6
330
17
100
AcDbEntity
  8
A-ANNO-SYMB
100
AcDbText
 10
104.65
 20
29.6
 30
0.0
 40
0.35
  1
A
  7
OpenSans
 72
1
 11
104.65
 21
29.6
 31
0.0
100
AcDbText
 73
2
  0
DIMENSION
  5
8C7
330
17
100
AcDbEntity
  8
A-ANNO-DIMS
100
AcDbDimension
280
0
  2
*D73
  3
EZDXF
 10
96.0
 20
-2.2
 30
0.0
 11
96.15
 21
-1.6350000000000002
 31
0.0
 70
32
 71
5
  1
<>
100
AcDbAlignedDimension
 13
96.0
 23
0.0
 33
0.0
 14
96.3
 24
0.0
 34
0.0
 50
0.0
100
AcDbRotatedDimension
1001
ACAD
1000
DSTYLE
1002
{
1070
140
1040
0.18
1070
41
1040
0.12
1070
42
1040
0.08
1070
271
1070
2
1070
78
1070
0
1070
144
1040
1.0
1070
77
1070
1
1070
73
1070
0
1070
74
1070
0
1002
}
  0
DIMENSION
  5
8D6
330
17
100
AcDbEntity
  8
A-ANNO-DIMS
100
AcDbDimension
280
0
  2
*D74
  3
EZDXF
 10
96.3
 20
-2.2
 30
0.0
 11
99.75
 21
-2.0100000000000002
 31
0.0
 70
32
 71
5
  1
<>
100
AcDbAlignedDimension
 13
96.3
 23
0.0
 33
0.0
 14
103.2
 24
0.0
 34
0.0
 50
0.0
100
AcDbRotatedDimension
1001
ACAD
1000
DSTYLE
1002
{
1070
140
1040
0.18
1070
41
1040
0.12
1070
42
1040
0.08
1070
271
1070
2
1070
78
1070
0
1070
144
1040
1.0
1070
77
1070
1
1070
73
1070
0
1070
74
1070
0
1002
}
  0
DIMENSION
  5
8E5
330
17
100
AcDbEntity
  8
A-ANNO-DIMS
100
AcDbDimension
280
0
  2
*D75
  3
EZDXF
 10
103.2
 20
-2.2
 30
0.0
 11
103.325
 21
-1.6350000000000002
 31
0.0
 70
32
 71
5
  1
<>
100
AcDbAlignedDimension
 13
103.2
 23
0.0
 33
0.0
 14
103.45
 24
0.0
 34
0.0
 50
0.0
100
AcDbRotatedDimension
1001
ACAD
1000
DSTYLE
1002
{
1070
140
1040
0.18
1070
41
1040
0.12
1070
42
1040
0.08
1070
271
1070
2
1070
78
1070
0
1070
144
1040
1.0
1070
77
1070
1
1070
73
1070
0
1070
74
1070
0
1002
}
  0
DIMENSION
  5
8F4
330
17
100
AcDbEntity
  8
A-ANNO-DIMS
100
AcDbDimension
280
0
  2
*D76
  3
EZDXF
 10
103.45
 20
-2.2
 30
0.0
 11
105.575
 21
-2.0100000000000002
 31
0.0
 70
32
 71
5
  1
<>
100
AcDbAlignedDimension
 13
103.45
 23
0.0
 33
0.0
 14
107.7
 24
0.0
 34
0.0
 50
0.0
100
AcDbRotatedDimension
1001
ACAD
1000
DSTYLE
1002
{
1070
140
1040
0.18
1070
41
1040
0.12
1070
42
1040
0.08
1070
271
1070
2
1070
78
1070
0
1070
144
1040
1.0
1070
77
1070
1
1070
73
1070
0
1070
74
1070
0
1002
}
  0
DIMENSION
  5
903
330
17
100
AcDbEntity
  8
A-ANNO-DIMS
100
AcDbDimension
280
0
  2
*D77
  3
EZDXF
 10
107.7
 20
-2.2
 30
0.0
 11
107.825
 21
-1.6350000000000002
 31
0.0
 70
32
 71
5
  1
<>
100
AcDbAlignedDimension
 13
107.7
 23
0.0
 33
0.0
 14
107.95
 24
0.0
 34
0.0
 50
0.0
100
AcDbRotatedDimension
1001
ACAD
1000
DSTYLE
1002
{
1070
140
1040
0.18
1070
41
1040
0.12
1070
42
1040
0.08
1070
271
1070
2
1070
78
1070
0
1070
144
1040
1.0
1070
77
1070
1
1070
73
1070
0
1070
74
1070
0
1002
}
  0
DIMENSION
  5
912
330
17
100
AcDbEntity
  8
A-ANNO-DIMS
100
AcDbDimension
280
0
  2
*D78
  3
EZDXF
 10
107.95
 20
-2.2
 30
0.0
 11
111.4
 21
-2.0100000000000002
 31
0.0
 70
32
 71
5
  1
<>
100
AcDbAlignedDimension
 13
107.95
 23
0.0
 33
0.0
 14
114.85
 24
0.0
 34
0.0
 50
0.0
100
AcDbRotatedDimension
1001
ACAD
1000
DSTYLE
1002
{
1070
140
1040
0.18
1070
41
1040
0.12
1070
42
1040
0.08
1070
271
1070
2
1070
78
1070
0
1070
144
1040
1.0
1070
77
1070
1
1070
73
1070
0
1070
74
1070
0
1002
}
  0
DIMENSION
  5
921
330
17
100
AcDbEntity
  8
A-ANNO-DIMS
100
AcDbDimension
280
0
  2
*D79
  3
EZDXF
 10
114.85
 20
-2.2
 30
0.0
 11
115.0
 21
-1.6350000000000002
 31
0.0
 70
32
 71
5
  1
<>
100
AcDbAlignedDimension
 13
114.85
 23
0.0
 33
0.0
 14
115.15
 24
0.0
 34
0.0
 50
0.0
100
AcDbRotatedDimension
1001
ACAD
1000
DSTYLE
1002
{
1070
140
1040
0.18
1070
41
1040
0.12
1070
42
1040
0.08
1070
271
1070
2
1070
78
1070
0
1070
144
1040
1.0
1070
77
1070
1
1070
73
1070
0
1070
74
1070
0
1002
}
  0
DIMENSION
  5
930
330
17
100
AcDbEntity
  8
A-ANNO-DIMS
100
AcDbDimension
280
0
  2
*D80
  3
EZDXF
 10
96.0
 20
-3.0
 30
0.0
 11
105.575
 21
-2.81
 31
0.0
 70
32
 71
5
  1
<>
100
AcDbAlignedDimension
 13
96.0
 23
0.0
 33
0.0
 14
115.15
 24
0.0
 34
0.0
 50
0.0
100
AcDbRotatedDimension
1001
ACAD
1000
DSTYLE
1002
{
1070
140
1040
0.18
1070
41
1040
0.12
1070
42
1040
0.08
1070
271
1070
2
1070
78
1070
0
1070
144
1040
1.0
1070
77
1070
1
1070
73
1070
0
1070
74
1070
0
1002
}
  0
DIMENSION
  5
93F
330
17
100
AcDbEntity
  8
A-ANNO-DIMS
100
AcDbDimension
280
0
  2
*D81
  3
EZDXF
 10
95.0
 20
0.0
 30
0.0
 11
94.435
 21
0.15
 31
0.0
 70
32
 71
5
  1
<>
100
AcDbAlignedDimension
 13
96.0
 23
0.0
 33
0.0
 14
96.0
 24
0.3
 34
0.0
 50
90.0
100
AcDbRotatedDimension
1001
ACAD
1000
DSTYLE
1002
{
1070
140
1040
0.18
1070
41
1040
0.12
1070
42
1040
0.08
1070
271
1070
2
1070
78
1070
0
1070
144
1040
1.0
1070
77
1070
1
1070
73
1070
0
1070
74
1070
0
1002
}
  0
DIMENSION
  5
94E
330
17
100
AcDbEntity
  8
A-ANNO-DIMS
100
AcDbDimension
280
0
  2
*D82
  3
EZDXF
 10
95.0
 20
0.3
 30
0.0
 11
94.81
 21
2.8
 31
0.0
 70
32
 71
5
  1
<>
100
AcDbAlignedDimension
 13
96.0
 23
0.3
 33
0.0
 14
96.0
 24
5.3
 34
0.0
 50
90.0
100
AcDbRotatedDimension
1001
ACAD
1000
DSTYLE
1002
{
1070
140
1040
0.18
1070
41
1040
0.12
1070
42
1040
0.08
1070
271
1070
2
1070
78
1070
0
1070
144
1040
1.0
1070
77
1070
1
1070
73
1070
0
1070
74
1070
0
1002
}
  0
DIMENSION
  5
95D
330
17
100
AcDbEntity
  8
A-ANNO-DIMS
100
AcDbDimension
280
0
  2
*D83
  3
EZDXF
 10
95.0
 20
5.3
 30
0.0
 11
94.435
 21
5.375
 31
0.0
 70
32
 71
5
  1
<>
100
AcDbAlignedDimension
 13
96.0
 23
5.3
 33
0.0
 14
96.0
 24
5.45
 34
0.0
 50
90.0
100
AcDbRotatedDimension
1001
ACAD
1000
DSTYLE
1002
{
1070
140
1040
0.18
1070
41
1040
0.12
1070
42
1040
0.08
1070
271
1070
2
1070
78
1070
0
1070
144
1040
1.0
1070
77
1070
1
1070
73
1070
0
1070
74
1070
0
1002
}
  0
DIMENSION
  5
96C
330
17
100
AcDbEntity
  8
A-ANNO-DIMS
100
AcDbDimension
280
0
  2
*D84
  3
EZDXF
 10
95.0
 20
5.45
 30
0.0
 11
94.81
 21
6.45
 31
0.0
 70
32
 71
5
  1
<>
100
AcDbAlignedDimension
 13
96.0
 23
5.45
 33
0.0
 14
96.0
 24
7.45
 34
0.0
 50
90.0
100
AcDbRotatedDimension
1001
ACAD
1000
DSTYLE
1002
{
1070
140
1040
0.18
1070
41
1040
0.12
1070
42
1040
0.08
1070
271
1070
2
1070
78
1070
0
1070
144
1040
1.0
1070
77
1070
1
1070
73
1070
0
1070
74
1070
0
1002
}
  0
DIMENSION
  5
97B
330
17
100
AcDbEntity
  8
A-ANNO-DIMS
100
AcDbDimension
280
0
  2
*D85
  3
EZDXF
 10
95.0
 20
7.45
 30
0.0
 11
94.435
 21
7.525
 31
0.0
 70
32
 71
5
  1
<>
100
AcDbAlignedDimension
 13
96.0
 23
7.45
 33
0.0
 14
96.0
 24
7.6
 34
0.0
 50
90.0
100
AcDbRotatedDimension
1001
ACAD
1000
DSTYLE
1002
{
1070
140
1040
0.18
1070
41
1040
0.12
1070
42
1040
0.08
1070
271
1070
2
1070
78
1070
0
1070
144
1040
1.0
1070
77
1070
1
1070
73
1070
0
1070
74
1070
0
1002
}
  0
DIMENSION
  5
98A
330
17
100
AcDbEntity
  8
A-ANNO-DIMS
100
AcDbDimension
280
0
  2
*D86
  3
EZDXF
 10
95.0
 20
7.6
 30
0.0
 11
94.81
 21
9.6
 31
0.0
 70
32
 71
5
  1
<>
100
AcDbAlignedDimension
 13
96.0
 23
7.6
 33
0.0
 14
96.0
 24
11.6
 34
0.0
 50
90.0
100
AcDbRotatedDimension
1001
ACAD
1000
DSTYLE
1002
{
1070
140
1040
0.18
1070
41
1040
0.12
1070
42
1040
0.08
1070
271
1070
2
1070
78
1070
0
1070
144
1040
1.0
1070
77
1070
1
1070
73
1070
0
1070
74
1070
0
1002
}
  0
DIMENSION
  5
999
330
17
100
AcDbEntity
  8
A-ANNO-DIMS
100
AcDbDimension
280
0
  2
*D87
  3
EZDXF
 10
95.0
 20
11.6
 30
0.0
 11
94.435
 21
11.675
 31
0.0
 70
32
 71
5
  1
<>
100
AcDbAlignedDimension
 13
96.0
 23
11.6
 33
0.0
 14
96.0
 24
11.75
 34
0.0
 50
90.0
100
AcDbRotatedDimension
1001
ACAD
1000
DSTYLE
1002
{
1070
140
1040
0.18
1070
41
1040
0.12
1070
42
1040
0.08
1070
271
1070
2
1070
78
1070
0
1070
144
1040
1.0
1070
77
1070
1
1070
73
1070
0
1070
74
1070
0
1002
}
  0
DIMENSION
  5
9A8
330
17
100
AcDbEntity
  8
A-ANNO-DIMS
100
AcDbDimension
280
0
  2
*D88
  3
EZDXF
 10
95.0
 20
11.75
 30
0.0
 11
94.81
 21
14.25
 31
0.0
 70
32
 71
5
  1
<>
100
AcDbAlignedDimension
 13
96.0
 23
11.75
 33
0.0
 14
96.0
 24
16.75
 34
0.0
 50
90.0
100
AcDbRotatedDimension
1001
ACAD
1000
DSTYLE
1002
{
1070
140
1040
0.18
1070
41
1040
0.12
1070
42
1040
0.08
1070
271
1070
2
1070
78
1070
0
1070
144
1040
1.0
1070
77
1070
1
1070
73
1070
0
1070
74
1070
0
1002
}
  0
DIMENSION
  5
9B7
330
17
100
AcDbEntity
  8
A-ANNO-DIMS
100
AcDbDimension
280
0
  2
*D89
  3
EZDXF
 10
95.0
 20
16.75
 30
0.0
 11
94.435
 21
16.825
 31
0.0
 70
32
 71
5
  1
<>
100
AcDbAlignedDimension
 13
96.0
 23
16.75
 33
0.0
 14
96.0
 24
16.9
 34
0.0
 50
90.0
100
AcDbRotatedDimension
1001
ACAD
1000
DSTYLE
1002
{
1070
140
1040
0.18
1070
41
1040
0.12
1070
42
1040
0.08
1070
271
1070
2
1070
78
1070
0
1070
144
1040
1.0
1070
77
1070
1
1070
73
1070
0
1070
74
1070
0
1002
}
  0
DIMENSION
  5
9C6
330
17
100
AcDbEntity
  8
A-ANNO-DIMS
100
AcDbDimension
280
0
  2
*D90
  3
EZDXF
 10
95.0
 20
16.9
 30
0.0
 11
94.81
 21
18.9
 31
0.0
 70
32
 71
5
  1
<>
100
AcDbAlignedDimension
 13
96.0
 23
16.9
 33
0.0
 14
96.0
 24
20.9
 34
0.0
 50
90.0
100
AcDbRotatedDimension
1001
ACAD
1000
DSTYLE
1002
{
1070
140
1040
0.18
1070
41
1040
0.12
1070
42
1040
0.08
1070
271
1070
2
1070
78
1070
0
1070
144
1040
1.0
1070
77
1070
1
1070
73
1070
0
1070
74
1070
0
1002
}
  0
DIMENSION
  5
9D5
330
17
100
AcDbEntity
  8
A-ANNO-DIMS
100
AcDbDimension
280
0
  2
*D91
  3
EZDXF
 10
95.0
 20
20.9
 30
0.0
 11
94.435
 21
20.975
 31
0.0
 70
32
 71
5
  1
<>
100
AcDbAlignedDimension
 13
96.0
 23
20.9
 33
0.0
 14
96.0
 24
21.05
 34
0.0
 50
90.0
100
AcDbRotatedDimension
1001
ACAD
1000
DSTYLE
1002
{
1070
140
1040
0.18
1070
41
1040
0.12
1070
42
1040
0.08
1070
271
1070
2
1070
78
1070
0
1070
144
1040
1.0
1070
77
1070
1
1070
73
1070
0
1070
74
1070
0
1002
}
  0
DIMENSION
  5
9E4
330
17
100
AcDbEntity
  8
A-ANNO-DIMS
100
AcDbDimension
280
0
  2
*D92
  3
EZDXF
 10
95.0
 20
21.05
 30
0.0
 11
94.81
 21
21.8
 31
0.0
 70
32
 71
5
  1
<>
100
AcDbAlignedDimension
 13
96.0
 23
21.05
 33
0.0
 14
96.0
 24
22.55
 34
0.0
 50
90.0
100
AcDbRotatedDimension
1001
ACAD
1000
DSTYLE
1002
{
1070
140
1040
0.18
1070
41
1040
0.12
1070
42
1040
0.08
1070
271
1070
2
1070
78
1070
0
1070
144
1040
1.0
1070
77
1070
1
1070
73
1070
0
1070
74
1070
0
1002
}
  0
DIMENSION
  5
9F3
330
17
100
AcDbEntity
  8
A-ANNO-DIMS
100
AcDbDimension
280
0
  2
*D93
  3
EZDXF
 10
95.0
 20
22.55
 30
0.0
 11
94.435
 21
22.625
 31
0.0
 70
32
 71
5
  1
<>
100
AcDbAlignedDimension
 13
96.0
 23
22.55
 33
0.0
 14
96.0
 24
22.7
 34
0.0
 50
90.0
100
AcDbRotatedDimension
1001
ACAD
1000
DSTYLE
1002
{
1070
140
1040
0.18
1070
41
1040
0.12
1070
42
1040
0.08
1070
271
1070
2
1070
78
1070
0
1070
144
1040
1.0
1070
77
1070
1
1070
73
1070
0
1070
74
1070
0
1002
}
  0
DIMENSION
  5
A02
330
17
100
AcDbEntity
  8
A-ANNO-DIMS
100
AcDbDimension
280
0
  2
*D94
  3
EZDXF
 10
95.0
 20
22.7
 30
0.0
 11
94.81
 21
25.2
 31
0.0
 70
32
 71
5
  1
<>
100
AcDbAlignedDimension
 13
96.0
 23
22.7
 33
0.0
 14
96.0
 24
27.7
 34
0.0
 50
90.0
100
AcDbRotatedDimension
1001
ACAD
1000
DSTYLE
1002
{
1070
140
1040
0.18
1070
41
1040
0.12
1070
42
1040
0.08
1070
271
1070
2
1070
78
1070
0
1070
144
1040
1.0
1070
77
1070
1
1070
73
1070
0
1070
74
1070
0
1002
}
  0
DIMENSION
  5
A11
330
17
100
AcDbEntity
  8
A-ANNO-DIMS
100
AcDbDimension
280
0
  2
*D95
  3
EZDXF
 10
95.0
 20
27.7
 30
0.0
 11
94.435
 21
27.85
 31
0.0
 70
32
 71
5
  1
<>
100
AcDbAlignedDimension
 13
96.0
 23
27.7
 33
0.0
 14
96.0
 24
28.0
 34
0.0
 50
90.0
100
AcDbRotatedDimension
1001
ACAD
1000
DSTYLE
1002
{
1070
140
1040
0.18
1070
41
1040
0.12
1070
42
1040
0.08
1070
271
1070
2
1070
78
1070
0
1070
144
1040
1.0
1070
77
1070
1
1070
73
1070
0
1070
74
1070
0
1002
}
  0
DIMENSION
  5
A20
330
17
100
AcDbEntity
  8
A-ANNO-DIMS
100
AcDbDimension
280
0
  2
*D96
  3
EZDXF
 10
94.0
 20
0.0
 30
0.0
 11
93.81
 21
14.0
 31
0.0
 70
32
 71
5
  1
<>
100
AcDbAlignedDimension
 13
96.0
 23
0.0
 33
0.0
 14
96.0
 24
28.0
 34
0.0
 50
90.0
100
AcDbRotatedDimension
1001
ACAD
1000
DSTYLE
1002
{
1070
140
1040
0.18
1070
41
1040
0.12
1070
42
1040
0.08
1070
271
1070
2
1070
78
1070
0
1070
144
1040
1.0
1070
77
1070
1
1070
73
1070
0
1070
74
1070
0
1002
}
  0
TEXT
  5
A2F
330
17
100
AcDbEntity
  8
A-ANNO-TEXT
100
AcDbText
 10
105.575
 20
-4.3
 30
0.0
 40
0.55
  1
THIRD FLOOR PLAN
  7
OpenSans
 72
1
 11
105.575
 21
-4.3
 31
0.0
100
AcDbText
 73
2
  0
TEXT
  5
A30
330
17
100
AcDbEntity
  8
A-ANNO-TEXT
100
AcDbText
 10
105.575
 20
-5.1
 30
0.0
 40
0.25
  1
FFL +10.20   |   Scale 1:100   |   2 apartments
  7
OpenSans
 72
1
 11
105.575
 21
-5.1
 31
0.0
100
AcDbText
 73
2
  0
LWPOLYLINE
  5
A31
330
17
100
AcDbEntity
  8
A-WALL
100
AcDbPolyline
 90
7
 70
1
 10
147.15
 20
28.0
 10
147.15
 20
0.0
 10
139.95
 20
0.0
 10
135.2
 20
0.0
 10
128.0
 20
0.0
 10
128.0
 20
28.0
 10
147.15
 20
28.0
  0
LWPOLYLINE
  5
A32
330
17
100
AcDbEntity
  8
A-WALL
100
AcDbPolyline
 90
17
 70
1
 10
128.3
 20
0.3
 10
135.2
 20
0.3
 10
135.2
 20
9.6
 10
137.075
 20
9.6
 10
137.075
 20
9.35
 10
135.45
 20
9.35
 10
135.45
 20
0.3
 10
139.7
 20
0.3
 10
139.7
 20
9.35
 10
138.075
 20
9.35
 10
138.075
 20
9.6
 10
139.95
 20
9.6
 10
139.95
 20
0.3
 10
146.85
 20
0.3
 10
146.85
 20
27.7
 10
128.3
 20
27.7
 10
128.3
 20
0.3
  0
HATCH
  5
A33
330
17
100
AcDbEntity
  8
A-WALL-PATT
 62
8
100
AcDbHatch
 10
0.0
 20
0.0
 30
0.0
210
0.0
220
0.0
230
1.0
  2
SOLID
 70
1
 71
0
 91
2
 92
3
 72
0
 73
1
 93
7
 10
147.15
 20
28.0
 10
147.15
 20
0.0
 10
139.95
 20
0.0
 10
135.2
 20
0.0
 10
128.0
 20
0.0
 10
128.0
 20
28.0
 10
147.15
 20
28.0
 97
0
 92
18
 72
0
 73
1
 93
17
 10
128.3
 20
0.3
 10
135.2
 20
0.3
 10
135.2
 20
9.6
 10
137.075
 20
9.6
 10
137.075
 20
9.35
 10
135.45
 20
9.35
 10
135.45
 20
0.3
 10
139.7
 20
0.3
 10
139.7
 20
9.35
 10
138.075
 20
9.35
 10
138.075
 20
9.6
 10
139.95
 20
9.6
 10
139.95
 20
0.3
 10
146.85
 20
0.3
 10
146.85
 20
27.7
 10
128.3
 20
27.7
 10
128.3
 20
0.3
 97
0
 75
0
 76
1
 98
0
  0
LINE
  5
A34
330
17
100
AcDbEntity
  8
A-DOOR
100
AcDbLine
 10
137.075
 20
9.475
 30
0.0
 11
137.075
 21
10.475
 31
0.0
  0
ARC
  5
A35
330
17
100
AcDbEntity
  8
A-DOOR
100
AcDbCircle
 10
137.075
 20
9.475
 30
0.0
 40
1.0
100
AcDbArc
 50
0.0
 51
90.0
  0
LWPOLYLINE
  5
A36
330
17
100
AcDbEntity
  8
A-FLOR-STRS
100
AcDbPolyline
 90
4
 70
1
 10
136.425
 20
5.5299999999999985
 10
137.525
 20
5.5299999999999985
 10
137.525
 20
8.049999999999999
 10
136.425
 20
8.049999999999999
  0
LINE
  5
A37
330
17
100
AcDbEntity
  8
A-FLOR-STRS
100
AcDbLine
 10
136.425
 20
5.5299999999999985
 30
0.0
 11
137.525
 21
5.5299999999999985
 31
0.0
  0
LINE
  5
A38
330
17
100
AcDbEntity
  8
A-FLOR-STRS
100
AcDbLine
 10
136.425
 20
5.809999999999999
 30
0.0
 11
137.525
 21
5.809999999999999
 31
0.0
  0
LINE
  5
A39
330
17
100
AcDbEntity
  8
A-FLOR-STRS
100
AcDbLine
 10
136.425
 20
6.089999999999998
 30
0.0
 11
137.525
 21
6.089999999999998
 31
0.0
  0
LINE
  5
A3A
330
17
100
AcDbEntity
  8
A-FLOR-STRS
100
AcDbLine
 10
136.425
 20
6.369999999999998
 30
0.0
 11
137.525
 21
6.369999999999998
 31
0.0
  0
LINE
  5
A3B
330
17
100
AcDbEntity
  8
A-FLOR-STRS
100
AcDbLine
 10
136.425
 20
6.649999999999999
 30
0.0
 11
137.525
 21
6.649999999999999
 31
0.0
  0
LINE
  5
A3C
330
17
100
AcDbEntity
  8
A-FLOR-STRS
100
AcDbLine
 10
136.425
 20
6.929999999999999
 30
0.0
 11
137.525
 21
6.929999999999999
 31
0.0
  0
LINE
  5
A3D
330
17
100
AcDbEntity
  8
A-FLOR-STRS
100
AcDbLine
 10
136.425
 20
7.209999999999999
 30
0.0
 11
137.525
 21
7.209999999999999
 31
0.0
  0
LINE
  5
A3E
330
17
100
AcDbEntity
  8
A-FLOR-STRS
100
AcDbLine
 10
136.425
 20
7.489999999999998
 30
0.0
 11
137.525
 21
7.489999999999998
 31
0.0
  0
LINE
  5
A3F
330
17
100
AcDbEntity
  8
A-FLOR-STRS
100
AcDbLine
 10
136.425
 20
7.769999999999999
 30
0.0
 11
137.525
 21
7.769999999999999
 31
0.0
  0
LINE
  5
A40
330
17
100
AcDbEntity
  8
A-FLOR-STRS
100
AcDbLine
 10
136.425
 20
8.049999999999999
 30
0.0
 11
137.525
 21
8.049999999999999
 31
0.0
  0
LWPOLYLINE
  5
A41
330
17
100
AcDbEntity
  8
A-FLOR-STRS
100
AcDbPolyline
 90
4
 70
1
 10
137.625
 20
5.5299999999999985
 10
138.725
 20
5.5299999999999985
 10
138.725
 20
8.049999999999999
 10
137.625
 20
8.049999999999999
  0
LINE
  5
A42
330
17
100
AcDbEntity
  8
A-FLOR-STRS
100
AcDbLine
 10
137.625
 20
5.5299999999999985
 30
0.0
 11
138.725
 21
5.5299999999999985
 31
0.0
  0
LINE
  5
A43
330
17
100
AcDbEntity
  8
A-FLOR-STRS
100
AcDbLine
 10
137.625
 20
5.809999999999999
 30
0.0
 11
138.725
 21
5.809999999999999
 31
0.0
  0
LINE
  5
A44
330
17
100
AcDbEntity
  8
A-FLOR-STRS
100
AcDbLine
 10
137.625
 20
6.089999999999998
 30
0.0
 11
138.725
 21
6.089999999999998
 31
0.0
  0
LINE
  5
A45
330
17
100
AcDbEntity
  8
A-FLOR-STRS
100
AcDbLine
 10
137.625
 20
6.369999999999998
 30
0.0
 11
138.725
 21
6.369999999999998
 31
0.0
  0
LINE
  5
A46
330
17
100
AcDbEntity
  8
A-FLOR-STRS
100
AcDbLine
 10
137.625
 20
6.649999999999999
 30
0.0
 11
138.725
 21
6.649999999999999
 31
0.0
  0
LINE
  5
A47
330
17
100
AcDbEntity
  8
A-FLOR-STRS
100
AcDbLine
 10
137.625
 20
6.929999999999999
 30
0.0
 11
138.725
 21
6.929999999999999
 31
0.0
  0
LINE
  5
A48
330
17
100
AcDbEntity
  8
A-FLOR-STRS
100
AcDbLine
 10
137.625
 20
7.209999999999999
 30
0.0
 11
138.725
 21
7.209999999999999
 31
0.0
  0
LINE
  5
A49
330
17
100
AcDbEntity
  8
A-FLOR-STRS
100
AcDbLine
 10
137.625
 20
7.489999999999998
 30
0.0
 11
138.725
 21
7.489999999999998
 31
0.0
  0
LINE
  5
A4A
330
17
100
AcDbEntity
  8
A-FLOR-STRS
100
AcDbLine
 10
137.625
 20
7.769999999999999
 30
0.0
 11
138.725
 21
7.769999999999999
 31
0.0
  0
LINE
  5
A4B
330
17
100
AcDbEntity
  8
A-FLOR-STRS
100
AcDbLine
 10
137.625
 20
8.049999999999999
 30
0.0
 11
138.725
 21
8.049999999999999
 31
0.0
  0
LWPOLYLINE
  5
A4C
330
17
100
AcDbEntity
  8
A-FLOR-STRS
100
AcDbPolyline
 90
4
 70
1
 10
137.525
 20
5.5299999999999985
 10
137.625
 20
5.5299999999999985
 10
137.625
 20
8.049999999999999
 10
137.525
 20
8.049999999999999
  0
LINE
  5
A4D
330
17
100
AcDbEntity
  8
A-FLOR-STRS
100
AcDbLine
 10
136.425
 20
8.049999999999999
 30
0.0
 11
138.725
 21
8.049999999999999
 31
0.0
  0
LINE
  5
A4E
330
17
100
AcDbEntity
  8
A-FLOR-STRS
100
AcDbLine
 10
138.175
 20
5.679999999999999
 30
0.0
 11
138.175
 21
7.849999999999999
 31
0.0
  0
LWPOLYLINE
  5
A4F
330
17
100
AcDbEntity
  8
A-FLOR-STRS
100
AcDbPolyline
 90
3
 70
0
 10
138.055
 20
7.599999999999999
 10
138.175
 20
7.849999999999999
 10
138.295
 20
7.599999999999999
  0
TEXT
  5
A50
330
17
100
AcDbEntity
  8
A-ANNO-TEXT
100
AcDbText
 10
138.175
 20
5.2799999999999985
 30
0.0
 40
0.18
  1
DN
  7
OpenSans
 72
1
 11
138.175
 21
5.2799999999999985
 31
0.0
100
AcDbText
 73
2
  0
TEXT
  5
A51
330
17
100
AcDbEntity
  8
A-ANNO-TEXT
100
AcDbText
 10
137.575
 20
8.7
 30
0.0
 40
0.16
  1
LANDING
  7
OpenSans
 72
1
 11
137.575
 21
8.7
 31
0.0
100
AcDbText
 73
2
  0
TEXT
  5
A52
330
17
100
AcDbEntity
  8
A-ANNO-TEXT
100
AcDbText
 10
137.575
 20
3.2
 30
0.0
 40
0.22
  1
STAIR ROOM
  7
OpenSans
 72
1
 11
137.575
 21
3.2
 31
0.0
100
AcDbText
 73
2
  0
TEXT
  5
A53
330
17
100
AcDbEntity
  8
A-ANNO-TEXT
100
AcDbText
 10
137.575
 20
2.7
 30
0.0
 40
0.16
  1
(roof FFL +13.70, top +16.90)
  7
OpenSans
 72
1
 11
137.575
 21
2.7
 31
0.0
100
AcDbText
 73
2
  0
TEXT
  5
A54
330
17
100
AcDbEntity
  8
A-ANNO-TEXT
100
AcDbText
 10
132.0
 20
16.0
 30
0.0
 40
0.4
  1
ROOF
  7
OpenSans
 72
1
 11
132.0
 21
16.0
 31
0.0
100
AcDbText
 73
2
  0
TEXT
  5
A55
330
17
100
AcDbEntity
  8
A-ANNO-TEXT
100
AcDbText
 10
143.15
 20
16.0
 30
0.0
 40
0.4
  1
ROOF
  7
OpenSans
 72
1
 11
143.15
 21
16.0
 31
0.0
100
AcDbText
 73
2
  0
TEXT
  5
A56
330
17
100
AcDbEntity
  8
A-ANNO-TEXT
100
AcDbText
 10
132.0
 20
15.2
 30
0.0
 40
0.2
  1
1.5% slope to drains
  7
OpenSans
 72
1
 11
132.0
 21
15.2
 31
0.0
100
AcDbText
 73
2
  0
TEXT
  5
A57
330
17
100
AcDbEntity
  8
A-ANNO-TEXT
100
AcDbText
 10
143.15
 20
15.2
 30
0.0
 40
0.2
  1
1.5% slope to drains
  7
OpenSans
 72
1
 11
143.15
 21
15.2
 31
0.0
100
AcDbText
 73
2
  0
CIRCLE
  5
A58
330
17
100
AcDbEntity
  8
A-ANNO-SYMB
100
AcDbCircle
 10
128.9
 20
0.9
 30
0.0
 40
0.15
  0
CIRCLE
  5
A59
330
17
100
AcDbEntity
  8
A-ANNO-SYMB
100
AcDbCircle
 10
146.25
 20
0.9
 30
0.0
 40
0.15
  0
CIRCLE
  5
A5A
330
17
100
AcDbEntity
  8
A-ANNO-SYMB
100
AcDbCircle
 10
128.9
 20
27.1
 30
0.0
 40
0.15
  0
CIRCLE
  5
A5B
330
17
100
AcDbEntity
  8
A-ANNO-SYMB
100
AcDbCircle
 10
146.25
 20
27.1
 30
0.0
 40
0.15
  0
CIRCLE
  5
A5C
330
17
100
AcDbEntity
  8
A-ANNO-SYMB
100
AcDbCircle
 10
128.9
 20
14.0
 30
0.0
 40
0.15
  0
CIRCLE
  5
A5D
330
17
100
AcDbEntity
  8
A-ANNO-SYMB
100
AcDbCircle
 10
146.25
 20
14.0
 30
0.0
 40
0.15
  0
TEXT
  5
A5E
330
17
100
AcDbEntity
  8
A-ANNO-TEXT
100
AcDbText
 10
137.575
 20
27.0
 30
0.0
 40
0.16
  1
RD = roof drain
  7
OpenSans
 72
1
 11
137.575
 21
27.0
 31
0.0
100
AcDbText
 73
2
  0
TEXT
  5
A5F
330
17
100
AcDbEntity
  8
A-ANNO-TEXT
100
AcDbText
 10
137.575
 20
22.0
 30
0.0
 40
0.2
  1
Parapet 0.30 thk, top +14.90 (1.20 above roof finish)
  7
OpenSans
 72
1
 11
137.575
 21
22.0
 31
0.0
100
AcDbText
 73
2
  0
DIMENSION
  5
A60
330
17
100
AcDbEntity
  8
A-ANNO-DIMS
100
AcDbDimension
280
0
  2
*D97
  3
EZDXF
 10
128.0
 20
-3.0
 30
0.0
 11
137.575
 21
-2.81
 31
0.0
 70
32
 71
5
  1
<>
100
AcDbAlignedDimension
 13
128.0
 23
0.0
 33
0.0
 14
147.15
 24
0.0
 34
0.0
 50
0.0
100
AcDbRotatedDimension
1001
ACAD
1000
DSTYLE
1002
{
1070
140
1040
0.18
1070
41
1040
0.12
1070
42
1040
0.08
1070
271
1070
2
1070
78
1070
0
1070
144
1040
1.0
1070
77
1070
1
1070
73
1070
0
1070
74
1070
0
1002
}
  0
DIMENSION
  5
A6F
330
17
100
AcDbEntity
  8
A-ANNO-DIMS
100
AcDbDimension
280
0
  2
*D98
  3
EZDXF
 10
126.0
 20
0.0
 30
0.0
 11
125.81
 21
14.0
 31
0.0
 70
32
 71
5
  1
<>
100
AcDbAlignedDimension
 13
128.0
 23
0.0
 33
0.0
 14
128.0
 24
28.0
 34
0.0
 50
90.0
100
AcDbRotatedDimension
1001
ACAD
1000
DSTYLE
1002
{
1070
140
1040
0.18
1070
41
1040
0.12
1070
42
1040
0.08
1070
271
1070
2
1070
78
1070
0
1070
144
1040
1.0
1070
77
1070
1
1070
73
1070
0
1070
74
1070
0
1002
}
  0
TEXT
  5
A7E
330
17
100
AcDbEntity
  8
A-ANNO-TEXT
100
AcDbText
 10
137.575
 20
-4.3
 30
0.0
 40
0.55
  1
ROOF PLAN
  7
OpenSans
 72
1
 11
137.575
 21
-4.3
 31
0.0
100
AcDbText
 73
2
  0
TEXT
  5
A7F
330
17
100
AcDbEntity
  8
A-ANNO-TEXT
100
AcDbText
 10
137.575
 20
-5.1
 30
0.0
 40
0.25
  1
Roof finish +13.70   |   Scale 1:100
  7
OpenSans
 72
1
 11
137.575
 21
-5.1
 31
0.0
100
AcDbText
 73
2
  0
LINE
  5
A80
330
17
100
AcDbEntity
  8
A-ELEV-GRND
100
AcDbLine
 10
-3.0
 20
-30.45
 30
0.0
 11
31.0
 21
-30.45
 31
0.0
  0
TEXT
  5
A81
330
17
100
AcDbEntity
  8
A-ANNO-TEXT
100
AcDbText
 10
-2.4
 20
-30.3
 30
0.0
 40
0.2
  1
NGL
  7
OpenSans
 72
1
 11
-2.4
 21
-30.3
 31
0.0
100
AcDbText
 73
2
  0
LWPOLYLINE
  5
A82
330
17
100
AcDbEntity
  8
A-SECT-CUT
100
AcDbPolyline
 90
4
 70
1
 10
0.0
 20
-30.25
 10
28.0
 20
-30.25
 10
28.0
 20
-30.1
 10
0.0
 20
-30.1
  0
HATCH
  5
A83
330
17
100
AcDbEntity
  8
A-WALL-PATT
 62
8
100
AcDbHatch
 10
0.0
 20
0.0
 30
0.0
210
0.0
220
0.0
230
1.0
  2
SOLID
 70
1
 71
0
 91
1
 92
3
 72
0
 73
1
 93
4
 10
0.0
 20
-30.25
 10
28.0
 20
-30.25
 10
28.0
 20
-30.1
 10
0.0
 20
-30.1
 97
0
 75
0
 76
1
 98
0
  0
LWPOLYLINE
  5
A84
330
17
100
AcDbEntity
  8
A-SECT-CUT
100
AcDbPolyline
 90
4
 70
1
 10
-0.3
 20
-30.45
 10
0.0
 20
-30.45
 10
0.0
 20
-30.0
 10
-0.3
 20
-30.0
  0
LWPOLYLINE
  5
A85
330
17
100
AcDbEntity
  8
A-SECT-CUT
100
AcDbPolyline
 90
4
 70
1
 10
-0.6
 20
-30.45
 10
-0.3
 20
-30.45
 10
-0.3
 20
-30.15
 10
-0.6
 20
-30.15
  0
LWPOLYLINE
  5
A86
330
17
100
AcDbEntity
  8
A-SECT-CUT
100
AcDbPolyline
 90
4
 70
1
 10
-0.8999999999999999
 20
-30.45
 10
-0.6
 20
-30.45
 10
-0.6
 20
-30.3
 10
-0.8999999999999999
 20
-30.3
  0
LWPOLYLINE
  5
A87
330
17
100
AcDbEntity
  8
A-SECT-CUT
100
AcDbPolyline
 90
4
 70
1
 10
0.0
 20
-27.0
 10
5.5299999999999985
 20
-27.0
 10
5.5299999999999985
 20
-26.7
 10
0.0
 20
-26.7
  0
HATCH
  5
A88
330
17
100
AcDbEntity
  8
A-WALL-PATT
 62
8
100
AcDbHatch
 10
0.0
 20
0.0
 30
0.0
210
0.0
220
0.0
230
1.0
  2
SOLID
 70
1
 71
0
 91
1
 92
3
 72
0
 73
1
 93
4
 10
0.0
 20
-27.0
 10
5.5299999999999985
 20
-27.0
 10
5.5299999999999985
 20
-26.7
 10
0.0
 20
-26.7
 97
0
 75
0
 76
1
 98
0
  0
LINE
  5
A89
330
17
100
AcDbEntity
  8
A-SECT-CUT
100
AcDbLine
 10
0.0
 20
-26.7
 30
0.0
 11
5.5299999999999985
 21
-26.7
 31
0.0
  0
LINE
  5
A8A
330
17
100
AcDbEntity
  8
A-SECT-BEYOND
100
AcDbLine
 10
0.0
 20
-26.6
 30
0.0
 11
5.5299999999999985
 21
-26.6
 31
0.0
  0
LWPOLYLINE
  5
A8B
330
17
100
AcDbEntity
  8
A-SECT-CUT
100
AcDbPolyline
 90
4
 70
1
 10
9.35
 20
-27.0
 10
28.0
 20
-27.0
 10
28.0
 20
-26.7
 10
9.35
 20
-26.7
  0
HATCH
  5
A8C
330
17
100
AcDbEntity
  8
A-WALL-PATT
 62
8
100
AcDbHatch
 10
0.0
 20
0.0
 30
0.0
210
0.0
220
0.0
230
1.0
  2
SOLID
 70
1
 71
0
 91
1
 92
3
 72
0
 73
1
 93
4
 10
9.35
 20
-27.0
 10
28.0
 20
-27.0
 10
28.0
 20
-26.7
 10
9.35
 20
-26.7
 97
0
 75
0
 76
1
 98
0
  0
LINE
  5
A8D
330
17
100
AcDbEntity
  8
A-SECT-CUT
100
AcDbLine
 10
9.35
 20
-26.7
 30
0.0
 11
28.0
 21
-26.7
 31
0.0
  0
LINE
  5
A8E
330
17
100
AcDbEntity
  8
A-SECT-BEYOND
100
AcDbLine
 10
9.35
 20
-26.6
 30
0.0
 11
28.0
 21
-26.6
 31
0.0
  0
LWPOLYLINE
  5
A8F
330
17
100
AcDbEntity
  8
A-SECT-CUT
100
AcDbPolyline
 90
4
 70
1
 10
0.0
 20
-23.6
 10
5.5299999999999985
 20
-23.6
 10
5.5299999999999985
 20
-23.3
 10
0.0
 20
-23.3
  0
HATCH
  5
A90
330
17
100
AcDbEntity
  8
A-WALL-PATT
 62
8
100
AcDbHatch
 10
0.0
 20
0.0
 30
0.0
210
0.0
220
0.0
230
1.0
  2
SOLID
 70
1
 71
0
 91
1
 92
3
 72
0
 73
1
 93
4
 10
0.0
 20
-23.6
 10
5.5299999999999985
 20
-23.6
 10
5.5299999999999985
 20
-23.3
 10
0.0
 20
-23.3
 97
0
 75
0
 76
1
 98
0
  0
LINE
  5
A91
330
17
100
AcDbEntity
  8
A-SECT-CUT
100
AcDbLine
 10
0.0
 20
-23.3
 30
0.0
 11
5.5299999999999985
 21
-23.3
 31
0.0
  0
LINE
  5
A92
330
17
100
AcDbEntity
  8
A-SECT-BEYOND
100
AcDbLine
 10
0.0
 20
-23.2
 30
0.0
 11
5.5299999999999985
 21
-23.2
 31
0.0
  0
LWPOLYLINE
  5
A93
330
17
100
AcDbEntity
  8
A-SECT-CUT
100
AcDbPolyline
 90
4
 70
1
 10
9.35
 20
-23.6
 10
28.0
 20
-23.6
 10
28.0
 20
-23.3
 10
9.35
 20
-23.3
  0
HATCH
  5
A94
330
17
100
AcDbEntity
  8
A-WALL-PATT
 62
8
100
AcDbHatch
 10
0.0
 20
0.0
 30
0.0
210
0.0
220
0.0
230
1.0
  2
SOLID
 70
1
 71
0
 91
1
 92
3
 72
0
 73
1
 93
4
 10
9.35
 20
-23.6
 10
28.0
 20
-23.6
 10
28.0
 20
-23.3
 10
9.35
 20
-23.3
 97
0
 75
0
 76
1
 98
0
  0
LINE
  5
A95
330
17
100
AcDbEntity
  8
A-SECT-CUT
100
AcDbLine
 10
9.35
 20
-23.3
 30
0.0
 11
28.0
 21
-23.3
 31
0.0
  0
LINE
  5
A96
330
17
100
AcDbEntity
  8
A-SECT-BEYOND
100
AcDbLine
 10
9.35
 20
-23.2
 30
0.0
 11
28.0
 21
-23.2
 31
0.0
  0
LWPOLYLINE
  5
A97
330
17
100
AcDbEntity
  8
A-SECT-CUT
100
AcDbPolyline
 90
4
 70
1
 10
0.0
 20
-20.200000000000003
 10
5.5299999999999985
 20
-20.200000000000003
 10
5.5299999999999985
 20
-19.9
 10
0.0
 20
-19.9
  0
HATCH
  5
A98
330
17
100
AcDbEntity
  8
A-WALL-PATT
 62
8
100
AcDbHatch
 10
0.0
 20
0.0
 30
0.0
210
0.0
220
0.0
230
1.0
  2
SOLID
 70
1
 71
0
 91
1
 92
3
 72
0
 73
1
 93
4
 10
0.0
 20
-20.200000000000003
 10
5.5299999999999985
 20
-20.200000000000003
 10
5.5299999999999985
 20
-19.9
 10
0.0
 20
-19.9
 97
0
 75
0
 76
1
 98
0
  0
LINE
  5
A99
330
17
100
AcDbEntity
  8
A-SECT-CUT
100
AcDbLine
 10
0.0
 20
-19.9
 30
0.0
 11
5.5299999999999985
 21
-19.9
 31
0.0
  0
LINE
  5
A9A
330
17
100
AcDbEntity
  8
A-SECT-BEYOND
100
AcDbLine
 10
0.0
 20
-19.8
 30
0.0
 11
5.5299999999999985
 21
-19.8
 31
0.0
  0
LWPOLYLINE
  5
A9B
330
17
100
AcDbEntity
  8
A-SECT-CUT
100
AcDbPolyline
 90
4
 70
1
 10
9.35
 20
-20.200000000000003
 10
28.0
 20
-20.200000000000003
 10
28.0
 20
-19.9
 10
9.35
 20
-19.9
  0
HATCH
  5
A9C
330
17
100
AcDbEntity
  8
A-WALL-PATT
 62
8
100
AcDbHatch
 10
0.0
 20
0.0
 30
0.0
210
0.0
220
0.0
230
1.0
  2
SOLID
 70
1
 71
0
 91
1
 92
3
 72
0
 73
1
 93
4
 10
9.35
 20
-20.200000000000003
 10
28.0
 20
-20.200000000000003
 10
28.0
 20
-19.9
 10
9.35
 20
-19.9
 97
0
 75
0
 76
1
 98
0
  0
LINE
  5
A9D
330
17
100
AcDbEntity
  8
A-SECT-CUT
100
AcDbLine
 10
9.35
 20
-19.9
 30
0.0
 11
28.0
 21
-19.9
 31
0.0
  0
LINE
  5
A9E
330
17
100
AcDbEntity
  8
A-SECT-BEYOND
100
AcDbLine
 10
9.35
 20
-19.8
 30
0.0
 11
28.0
 21
-19.8
 31
0.0
  0
LWPOLYLINE
  5
A9F
330
17
100
AcDbEntity
  8
A-SECT-CUT
100
AcDbPolyline
 90
4
 70
1
 10
0.0
 20
-16.8
 10
5.5299999999999985
 20
-16.8
 10
5.5299999999999985
 20
-16.5
 10
0.0
 20
-16.5
  0
HATCH
  5
AA0
330
17
100
AcDbEntity
  8
A-WALL-PATT
 62
8
100
AcDbHatch
 10
0.0
 20
0.0
 30
0.0
210
0.0
220
0.0
230
1.0
  2
SOLID
 70
1
 71
0
 91
1
 92
3
 72
0
 73
1
 93
4
 10
0.0
 20
-16.8
 10
5.5299999999999985
 20
-16.8
 10
5.5299999999999985
 20
-16.5
 10
0.0
 20
-16.5
 97
0
 75
0
 76
1
 98
0
  0
LWPOLYLINE
  5
AA1
330
17
100
AcDbEntity
  8
A-SECT-CUT
100
AcDbPolyline
 90
4
 70
1
 10
9.35
 20
-16.8
 10
28.0
 20
-16.8
 10
28.0
 20
-16.5
 10
9.35
 20
-16.5
  0
HATCH
  5
AA2
330
17
100
AcDbEntity
  8
A-WALL-PATT
 62
8
100
AcDbHatch
 10
0.0
 20
0.0
 30
0.0
210
0.0
220
0.0
230
1.0
  2
SOLID
 70
1
 71
0
 91
1
 92
3
 72
0
 73
1
 93
4
 10
9.35
 20
-16.8
 10
28.0
 20
-16.8
 10
28.0
 20
-16.5
 10
9.35
 20
-16.5
 97
0
 75
0
 76
1
 98
0
  0
LWPOLYLINE
  5
AA3
330
17
100
AcDbEntity
  8
A-SECT-CUT
100
AcDbPolyline
 90
4
 70
1
 10
9.6
 20
-16.5
 10
27.7
 20
-16.5
 10
27.7
 20
-16.3
 10
9.6
 20
-16.3
  0
TEXT
  5
AA4
330
17
100
AcDbEntity
  8
A-ANNO-TEXT
100
AcDbText
 10
18.0
 20
-15.950000000000001
 30
0.0
 40
0.17
  1
roof insulation + waterproofing + screed 0.20
  7
OpenSans
 72
1
 11
18.0
 21
-15.950000000000001
 31
0.0
100
AcDbText
 73
2
  0
LWPOLYLINE
  5
AA5
330
17
100
AcDbEntity
  8
A-SECT-CUT
100
AcDbPolyline
 90
4
 70
1
 10
0.3
 20
-16.5
 10
5.5299999999999985
 20
-16.5
 10
5.5299999999999985
 20
-16.3
 10
0.3
 20
-16.3
  0
LWPOLYLINE
  5
AA6
330
17
100
AcDbEntity
  8
A-SECT-CUT
100
AcDbPolyline
 90
4
 70
1
 10
0.0
 20
-13.3
 10
9.6
 20
-13.3
 10
9.6
 20
-13.100000000000001
 10
0.0
 20
-13.100000000000001
  0
HATCH
  5
AA7
330
17
100
AcDbEntity
  8
A-WALL-PATT
 62
8
100
AcDbHatch
 10
0.0
 20
0.0
 30
0.0
210
0.0
220
0.0
230
1.0
  2
SOLID
 70
1
 71
0
 91
1
 92
3
 72
0
 73
1
 93
4
 10
0.0
 20
-13.3
 10
9.6
 20
-13.3
 10
9.6
 20
-13.100000000000001
 10
0.0
 20
-13.100000000000001
 97
0
 75
0
 76
1
 98
0
  0
LWPOLYLINE
  5
AA8
330
17
100
AcDbEntity
  8
A-SECT-CUT
100
AcDbPolyline
 90
4
 70
1
 10
9.35
 20
-30.0
 10
9.6
 20
-30.0
 10
9.6
 20
-27.0
 10
9.35
 20
-27.0
  0
HATCH
  5
AA9
330
17
100
AcDbEntity
  8
A-WALL-PATT
 62
8
100
AcDbHatch
 10
0.0
 20
0.0
 30
0.0
210
0.0
220
0.0
230
1.0
  2
SOLID
 70
1
 71
0
 91
1
 92
3
 72
0
 73
1
 93
4
 10
9.35
 20
-30.0
 10
9.6
 20
-30.0
 10
9.6
 20
-27.0
 10
9.35
 20
-27.0
 97
0
 75
0
 76
1
 98
0
  0
LWPOLYLINE
  5
AAA
330
17
100
AcDbEntity
  8
A-SECT-CUT
100
AcDbPolyline
 90
4
 70
1
 10
11.6
 20
-30.0
 10
11.75
 20
-30.0
 10
11.75
 20
-27.0
 10
11.6
 20
-27.0
  0
HATCH
  5
AAB
330
17
100
AcDbEntity
  8
A-WALL-PATT
 62
8
100
AcDbHatch
 10
0.0
 20
0.0
 30
0.0
210
0.0
220
0.0
230
1.0
  2
SOLID
 70
1
 71
0
 91
1
 92
3
 72
0
 73
1
 93
4
 10
11.6
 20
-30.0
 10
11.75
 20
-30.0
 10
11.75
 20
-27.0
 10
11.6
 20
-27.0
 97
0
 75
0
 76
1
 98
0
  0
LWPOLYLINE
  5
AAC
330
17
100
AcDbEntity
  8
A-SECT-CUT
100
AcDbPolyline
 90
4
 70
1
 10
19.25
 20
-30.0
 10
19.4
 20
-30.0
 10
19.4
 20
-27.0
 10
19.25
 20
-27.0
  0
HATCH
  5
AAD
330
17
100
AcDbEntity
  8
A-WALL-PATT
 62
8
100
AcDbHatch
 10
0.0
 20
0.0
 30
0.0
210
0.0
220
0.0
230
1.0
  2
SOLID
 70
1
 71
0
 91
1
 92
3
 72
0
 73
1
 93
4
 10
19.25
 20
-30.0
 10
19.4
 20
-30.0
 10
19.4
 20
-27.0
 10
19.25
 20
-27.0
 97
0
 75
0
 76
1
 98
0
  0
LWPOLYLINE
  5
AAE
330
17
100
AcDbEntity
  8
A-SECT-CUT
100
AcDbPolyline
 90
4
 70
1
 10
21.4
 20
-30.0
 10
21.55
 20
-30.0
 10
21.55
 20
-27.0
 10
21.4
 20
-27.0
  0
HATCH
  5
AAF
330
17
100
AcDbEntity
  8
A-WALL-PATT
 62
8
100
AcDbHatch
 10
0.0
 20
0.0
 30
0.0
210
0.0
220
0.0
230
1.0
  2
SOLID
 70
1
 71
0
 91
1
 92
3
 72
0
 73
1
 93
4
 10
21.4
 20
-30.0
 10
21.55
 20
-30.0
 10
21.55
 20
-27.0
 10
21.4
 20
-27.0
 97
0
 75
0
 76
1
 98
0
  0
LWPOLYLINE
  5
AB0
330
17
100
AcDbEntity
  8
A-SECT-CUT
100
AcDbPolyline
 90
4
 70
1
 10
23.55
 20
-30.0
 10
23.7
 20
-30.0
 10
23.7
 20
-27.0
 10
23.55
 20
-27.0
  0
HATCH
  5
AB1
330
17
100
AcDbEntity
  8
A-WALL-PATT
 62
8
100
AcDbHatch
 10
0.0
 20
0.0
 30
0.0
210
0.0
220
0.0
230
1.0
  2
SOLID
 70
1
 71
0
 91
1
 92
3
 72
0
 73
1
 93
4
 10
23.55
 20
-30.0
 10
23.7
 20
-30.0
 10
23.7
 20
-27.0
 10
23.55
 20
-27.0
 97
0
 75
0
 76
1
 98
0
  0
LWPOLYLINE
  5
AB2
330
17
100
AcDbEntity
  8
A-SECT-CUT
100
AcDbPolyline
 90
4
 70
1
 10
27.7
 20
-30.0
 10
28.0
 20
-30.0
 10
28.0
 20
-27.0
 10
27.7
 20
-27.0
  0
HATCH
  5
AB3
330
17
100
AcDbEntity
  8
A-WALL-PATT
 62
8
100
AcDbHatch
 10
0.0
 20
0.0
 30
0.0
210
0.0
220
0.0
230
1.0
  2
SOLID
 70
1
 71
0
 91
1
 92
3
 72
0
 73
1
 93
4
 10
27.7
 20
-30.0
 10
28.0
 20
-30.0
 10
28.0
 20
-27.0
 10
27.7
 20
-27.0
 97
0
 75
0
 76
1
 98
0
  0
LWPOLYLINE
  5
AB4
330
17
100
AcDbEntity
  8
A-SECT-CUT
100
AcDbPolyline
 90
4
 70
1
 10
0.0
 20
-27.6
 10
0.3
 20
-27.6
 10
0.3
 20
-27.0
 10
0.0
 20
-27.0
  0
HATCH
  5
AB5
330
17
100
AcDbEntity
  8
A-WALL-PATT
 62
8
100
AcDbHatch
 10
0.0
 20
0.0
 30
0.0
210
0.0
220
0.0
230
1.0
  2
SOLID
 70
1
 71
0
 91
1
 92
3
 72
0
 73
1
 93
4
 10
0.0
 20
-27.6
 10
0.3
 20
-27.6
 10
0.3
 20
-27.0
 10
0.0
 20
-27.0
 97
0
 75
0
 76
1
 98
0
  0
LWPOLYLINE
  5
AB6
330
17
100
AcDbEntity
  8
A-DOOR
100
AcDbPolyline
 90
4
 70
1
 10
0.0
 20
-30.0
 10
0.3
 20
-30.0
 10
0.3
 20
-27.6
 10
0.0
 20
-27.6
  0
LWPOLYLINE
  5
AB7
330
17
100
AcDbEntity
  8
A-SECT-CUT
100
AcDbPolyline
 90
23
 70
1
 10
5.5299999999999985
 20
-30.0
 10
5.5299999999999985
 20
-29.83
 10
5.809999999999999
 20
-29.83
 10
5.809999999999999
 20
-29.66
 10
6.089999999999999
 20
-29.66
 10
6.089999999999999
 20
-29.49
 10
6.369999999999999
 20
-29.49
 10
6.369999999999999
 20
-29.32
 10
6.6499999999999995
 20
-29.32
 10
6.6499999999999995
 20
-29.15
 10
6.93
 20
-29.15
 10
6.93
 20
-28.98
 10
7.21
 20
-28.98
 10
7.21
 20
-28.81
 10
7.49
 20
-28.81
 10
7.49
 20
-28.64
 10
7.7700000000000005
 20
-28.64
 10
7.7700000000000005
 20
-28.47
 10
8.05
 20
-28.47
 10
8.05
 20
-28.3
 10
8.049999999999999
 20
-28.3
 10
8.049999999999999
 20
-28.48094063245069
 10
5.5299999999999985
 20
-30.18094063245069
  0
HATCH
  5
AB8
330
17
100
AcDbEntity
  8
A-WALL-PATT
 62
8
100
AcDbHatch
 10
0.0
 20
0.0
 30
0.0
210
0.0
220
0.0
230
1.0
  2
SOLID
 70
1
 71
0
 91
1
 92
3
 72
0
 73
1
 93
23
 10
5.5299999999999985
 20
-30.0
 10
5.5299999999999985
 20
-29.83
 10
5.809999999999999
 20
-29.83
 10
5.809999999999999
 20
-29.66
 10
6.089999999999999
 20
-29.66
 10
6.089999999999999
 20
-29.49
 10
6.369999999999999
 20
-29.49
 10
6.369999999999999
 20
-29.32
 10
6.6499999999999995
 20
-29.32
 10
6.6499999999999995
 20
-29.15
 10
6.93
 20
-29.15
 10
6.93
 20
-28.98
 10
7.21
 20
-28.98
 10
7.21
 20
-28.81
 10
7.49
 20
-28.81
 10
7.49
 20
-28.64
 10
7.7700000000000005
 20
-28.64
 10
7.7700000000000005
 20
-28.47
 10
8.05
 20
-28.47
 10
8.05
 20
-28.3
 10
8.049999999999999
 20
-28.3
 10
8.049999999999999
 20
-28.48094063245069
 10
5.5299999999999985
 20
-30.18094063245069
 97
0
 75
0
 76
1
 98
0
  0
LWPOLYLINE
  5
AB9
330
17
100
AcDbEntity
  8
A-SECT-CUT
100
AcDbPolyline
 90
4
 70
1
 10
8.049999999999999
 20
-28.5
 10
9.35
 20
-28.5
 10
9.35
 20
-28.3
 10
8.049999999999999
 20
-28.3
  0
HATCH
  5
ABA
330
17
100
AcDbEntity
  8
A-WALL-PATT
 62
8
100
AcDbHatch
 10
0.0
 20
0.0
 30
0.0
210
0.0
220
0.0
230
1.0
  2
SOLID
 70
1
 71
0
 91
1
 92
3
 72
0
 73
1
 93
4
 10
8.049999999999999
 20
-28.5
 10
9.35
 20
-28.5
 10
9.35
 20
-28.3
 10
8.049999999999999
 20
-28.3
 97
0
 75
0
 76
1
 98
0
  0
LWPOLYLINE
  5
ABB
330
17
100
AcDbEntity
  8
A-SECT-BEYOND
100
AcDbPolyline
 90
21
 70
0
 10
8.049999999999999
 20
-28.3
 10
8.049999999999999
 20
-28.13
 10
7.769999999999999
 20
-28.13
 10
7.769999999999999
 20
-27.96
 10
7.489999999999998
 20
-27.96
 10
7.489999999999998
 20
-27.79
 10
7.209999999999998
 20
-27.79
 10
7.209999999999998
 20
-27.62
 10
6.929999999999998
 20
-27.62
 10
6.929999999999998
 20
-27.45
 10
6.649999999999998
 20
-27.45
 10
6.649999999999998
 20
-27.28
 10
6.369999999999997
 20
-27.28
 10
6.369999999999997
 20
-27.11
 10
6.089999999999997
 20
-27.11
 10
6.089999999999997
 20
-26.94
 10
5.809999999999997
 20
-26.94
 10
5.809999999999997
 20
-26.77
 10
5.529999999999997
 20
-26.77
 10
5.529999999999997
 20
-26.6
 10
5.5299999999999985
 20
-26.6
  0
LINE
  5
ABC
330
17
100
AcDbEntity
  8
A-SECT-BEYOND
100
AcDbLine
 10
8.049999999999999
 20
-28.5
 30
0.0
 11
5.5299999999999985
 21
-26.78094063245069
 31
0.0
  0
LINE
  5
ABD
330
17
100
AcDbEntity
  8
A-SECT-BEYOND
100
AcDbLine
 10
5.5299999999999985
 20
-28.93
 30
0.0
 11
8.049999999999999
 21
-27.4
 31
0.0
  0
TEXT
  5
ABE
330
17
100
AcDbEntity
  8
A-ANNO-TEXT
100
AcDbText
 10
10.6
 20
-28.4
 30
0.0
 40
0.2
  1
BATH
  7
OpenSans
 72
1
 11
10.6
 21
-28.4
 31
0.0
100
AcDbText
 73
2
  0
TEXT
  5
ABF
330
17
100
AcDbEntity
  8
A-ANNO-TEXT
100
AcDbText
 10
14.25
 20
-28.4
 30
0.0
 40
0.2
  1
DINING
  7
OpenSans
 72
1
 11
14.25
 21
-28.4
 31
0.0
100
AcDbText
 73
2
  0
TEXT
  5
AC0
330
17
100
AcDbEntity
  8
A-ANNO-TEXT
100
AcDbText
 10
20.4
 20
-28.4
 30
0.0
 40
0.2
  1
MAID R.
  7
OpenSans
 72
1
 11
20.4
 21
-28.4
 31
0.0
100
AcDbText
 73
2
  0
TEXT
  5
AC1
330
17
100
AcDbEntity
  8
A-ANNO-TEXT
100
AcDbText
 10
22.55
 20
-28.4
 30
0.0
 40
0.2
  1
BATH
  7
OpenSans
 72
1
 11
22.55
 21
-28.4
 31
0.0
100
AcDbText
 73
2
  0
TEXT
  5
AC2
330
17
100
AcDbEntity
  8
A-ANNO-TEXT
100
AcDbText
 10
25.7
 20
-28.4
 30
0.0
 40
0.2
  1
BED R.
  7
OpenSans
 72
1
 11
25.7
 21
-28.4
 31
0.0
100
AcDbText
 73
2
  0
TEXT
  5
AC3
330
17
100
AcDbEntity
  8
A-ANNO-TEXT
100
AcDbText
 10
2.6
 20
-28.4
 30
0.0
 40
0.2
  1
STAIR / LOBBY
  7
OpenSans
 72
1
 11
2.6
 21
-28.4
 31
0.0
100
AcDbText
 73
2
  0
TEXT
  5
AC4
330
17
100
AcDbEntity
  8
A-ANNO-TEXT
100
AcDbText
 10
14.3
 20
-27.7
 30
0.0
 40
0.22
  1
GROUND FLOOR
  7
OpenSans
 72
1
 11
14.3
 21
-27.7
 31
0.0
100
AcDbText
 73
2
  0
LWPOLYLINE
  5
AC5
330
17
100
AcDbEntity
  8
A-SECT-CUT
100
AcDbPolyline
 90
4
 70
1
 10
9.35
 20
-26.6
 10
9.6
 20
-26.6
 10
9.6
 20
-23.6
 10
9.35
 20
-23.6
  0
HATCH
  5
AC6
330
17
100
AcDbEntity
  8
A-WALL-PATT
 62
8
100
AcDbHatch
 10
0.0
 20
0.0
 30
0.0
210
0.0
220
0.0
230
1.0
  2
SOLID
 70
1
 71
0
 91
1
 92
3
 72
0
 73
1
 93
4
 10
9.35
 20
-26.6
 10
9.6
 20
-26.6
 10
9.6
 20
-23.6
 10
9.35
 20
-23.6
 97
0
 75
0
 76
1
 98
0
  0
LWPOLYLINE
  5
AC7
330
17
100
AcDbEntity
  8
A-SECT-CUT
100
AcDbPolyline
 90
4
 70
1
 10
11.6
 20
-26.6
 10
11.75
 20
-26.6
 10
11.75
 20
-23.6
 10
11.6
 20
-23.6
  0
HATCH
  5
AC8
330
17
100
AcDbEntity
  8
A-WALL-PATT
 62
8
100
AcDbHatch
 10
0.0
 20
0.0
 30
0.0
210
0.0
220
0.0
230
1.0
  2
SOLID
 70
1
 71
0
 91
1
 92
3
 72
0
 73
1
 93
4
 10
11.6
 20
-26.6
 10
11.75
 20
-26.6
 10
11.75
 20
-23.6
 10
11.6
 20
-23.6
 97
0
 75
0
 76
1
 98
0
  0
LWPOLYLINE
  5
AC9
330
17
100
AcDbEntity
  8
A-SECT-CUT
100
AcDbPolyline
 90
4
 70
1
 10
19.25
 20
-26.6
 10
19.4
 20
-26.6
 10
19.4
 20
-23.6
 10
19.25
 20
-23.6
  0
HATCH
  5
ACA
330
17
100
AcDbEntity
  8
A-WALL-PATT
 62
8
100
AcDbHatch
 10
0.0
 20
0.0
 30
0.0
210
0.0
220
0.0
230
1.0
  2
SOLID
 70
1
 71
0
 91
1
 92
3
 72
0
 73
1
 93
4
 10
19.25
 20
-26.6
 10
19.4
 20
-26.6
 10
19.4
 20
-23.6
 10
19.25
 20
-23.6
 97
0
 75
0
 76
1
 98
0
  0
LWPOLYLINE
  5
ACB
330
17
100
AcDbEntity
  8
A-SECT-CUT
100
AcDbPolyline
 90
4
 70
1
 10
21.4
 20
-26.6
 10
21.55
 20
-26.6
 10
21.55
 20
-23.6
 10
21.4
 20
-23.6
  0
HATCH
  5
ACC
330
17
100
AcDbEntity
  8
A-WALL-PATT
 62
8
100
AcDbHatch
 10
0.0
 20
0.0
 30
0.0
210
0.0
220
0.0
230
1.0
  2
SOLID
 70
1
 71
0
 91
1
 92
3
 72
0
 73
1
 93
4
 10
21.4
 20
-26.6
 10
21.55
 20
-26.6
 10
21.55
 20
-23.6
 10
21.4
 20
-23.6
 97
0
 75
0
 76
1
 98
0
  0
LWPOLYLINE
  5
ACD
330
17
100
AcDbEntity
  8
A-SECT-CUT
100
AcDbPolyline
 90
4
 70
1
 10
23.55
 20
-26.6
 10
23.7
 20
-26.6
 10
23.7
 20
-23.6
 10
23.55
 20
-23.6
  0
HATCH
  5
ACE
330
17
100
AcDbEntity
  8
A-WALL-PATT
 62
8
100
AcDbHatch
 10
0.0
 20
0.0
 30
0.0
210
0.0
220
0.0
230
1.0
  2
SOLID
 70
1
 71
0
 91
1
 92
3
 72
0
 73
1
 93
4
 10
23.55
 20
-26.6
 10
23.7
 20
-26.6
 10
23.7
 20
-23.6
 10
23.55
 20
-23.6
 97
0
 75
0
 76
1
 98
0
  0
LWPOLYLINE
  5
ACF
330
17
100
AcDbEntity
  8
A-SECT-CUT
100
AcDbPolyline
 90
4
 70
1
 10
27.7
 20
-26.6
 10
28.0
 20
-26.6
 10
28.0
 20
-23.6
 10
27.7
 20
-23.6
  0
HATCH
  5
AD0
330
17
100
AcDbEntity
  8
A-WALL-PATT
 62
8
100
AcDbHatch
 10
0.0
 20
0.0
 30
0.0
210
0.0
220
0.0
230
1.0
  2
SOLID
 70
1
 71
0
 91
1
 92
3
 72
0
 73
1
 93
4
 10
27.7
 20
-26.6
 10
28.0
 20
-26.6
 10
28.0
 20
-23.6
 10
27.7
 20
-23.6
 97
0
 75
0
 76
1
 98
0
  0
LWPOLYLINE
  5
AD1
330
17
100
AcDbEntity
  8
A-SECT-CUT
100
AcDbPolyline
 90
4
 70
1
 10
0.0
 20
-26.6
 10
0.3
 20
-26.6
 10
0.3
 20
-25.7
 10
0.0
 20
-25.7
  0
HATCH
  5
AD2
330
17
100
AcDbEntity
  8
A-WALL-PATT
 62
8
100
AcDbHatch
 10
0.0
 20
0.0
 30
0.0
210
0.0
220
0.0
230
1.0
  2
SOLID
 70
1
 71
0
 91
1
 92
3
 72
0
 73
1
 93
4
 10
0.0
 20
-26.6
 10
0.3
 20
-26.6
 10
0.3
 20
-25.7
 10
0.0
 20
-25.7
 97
0
 75
0
 76
1
 98
0
  0
LWPOLYLINE
  5
AD3
330
17
100
AcDbEntity
  8
A-SECT-CUT
100
AcDbPolyline
 90
4
 70
1
 10
0.0
 20
-24.2
 10
0.3
 20
-24.2
 10
0.3
 20
-23.6
 10
0.0
 20
-23.6
  0
HATCH
  5
AD4
330
17
100
AcDbEntity
  8
A-WALL-PATT
 62
8
100
AcDbHatch
 10
0.0
 20
0.0
 30
0.0
210
0.0
220
0.0
230
1.0
  2
SOLID
 70
1
 71
0
 91
1
 92
3
 72
0
 73
1
 93
4
 10
0.0
 20
-24.2
 10
0.3
 20
-24.2
 10
0.3
 20
-23.6
 10
0.0
 20
-23.6
 97
0
 75
0
 76
1
 98
0
  0
LWPOLYLINE
  5
AD5
330
17
100
AcDbEntity
  8
A-GLAZ
100
AcDbPolyline
 90
4
 70
1
 10
0.0
 20
-25.7
 10
0.3
 20
-25.7
 10
0.3
 20
-24.2
 10
0.0
 20
-24.2
  0
LINE
  5
AD6
330
17
100
AcDbEntity
  8
A-GLAZ
100
AcDbLine
 10
0.15
 20
-25.7
 30
0.0
 11
0.15
 21
-24.2
 31
0.0
  0
LWPOLYLINE
  5
AD7
330
17
100
AcDbEntity
  8
A-SECT-CUT
100
AcDbPolyline
 90
23
 70
1
 10
5.5299999999999985
 20
-26.6
 10
5.5299999999999985
 20
-26.43
 10
5.809999999999999
 20
-26.43
 10
5.809999999999999
 20
-26.26
 10
6.089999999999999
 20
-26.26
 10
6.089999999999999
 20
-26.09
 10
6.369999999999999
 20
-26.09
 10
6.369999999999999
 20
-25.92
 10
6.6499999999999995
 20
-25.92
 10
6.6499999999999995
 20
-25.75
 10
6.93
 20
-25.75
 10
6.93
 20
-25.58
 10
7.21
 20
-25.58
 10
7.21
 20
-25.41
 10
7.49
 20
-25.41
 10
7.49
 20
-25.240000000000002
 10
7.7700000000000005
 20
-25.240000000000002
 10
7.7700000000000005
 20
-25.07
 10
8.05
 20
-25.07
 10
8.05
 20
-24.9
 10
8.049999999999999
 20
-24.9
 10
8.049999999999999
 20
-25.08094063245069
 10
5.5299999999999985
 20
-26.78094063245069
  0
HATCH
  5
AD8
330
17
100
AcDbEntity
  8
A-WALL-PATT
 62
8
100
AcDbHatch
 10
0.0
 20
0.0
 30
0.0
210
0.0
220
0.0
230
1.0
  2
SOLID
 70
1
 71
0
 91
1
 92
3
 72
0
 73
1
 93
23
 10
5.5299999999999985
 20
-26.6
 10
5.5299999999999985
 20
-26.43
 10
5.809999999999999
 20
-26.43
 10
5.809999999999999
 20
-26.26
 10
6.089999999999999
 20
-26.26
 10
6.089999999999999
 20
-26.09
 10
6.369999999999999
 20
-26.09
 10
6.369999999999999
 20
-25.92
 10
6.6499999999999995
 20
-25.92
 10
6.6499999999999995
 20
-25.75
 10
6.93
 20
-25.75
 10
6.93
 20
-25.58
 10
7.21
 20
-25.58
 10
7.21
 20
-25.41
 10
7.49
 20
-25.41
 10
7.49
 20
-25.240000000000002
 10
7.7700000000000005
 20
-25.240000000000002
 10
7.7700000000000005
 20
-25.07
 10
8.05
 20
-25.07
 10
8.05
 20
-24.9
 10
8.049999999999999
 20
-24.9
 10
8.049999999999999
 20
-25.08094063245069
 10
5.5299999999999985
 20
-26.78094063245069
 97
0
 75
0
 76
1
 98
0
  0
LWPOLYLINE
  5
AD9
330
17
100
AcDbEntity
  8
A-SECT-CUT
100
AcDbPolyline
 90
4
 70
1
 10
8.049999999999999
 20
-25.1
 10
9.35
 20
-25.1
 10
9.35
 20
-24.9
 10
8.049999999999999
 20
-24.9
  0
HATCH
  5
ADA
330
17
100
AcDbEntity
  8
A-WALL-PATT
 62
8
100
AcDbHatch
 10
0.0
 20
0.0
 30
0.0
210
0.0
220
0.0
230
1.0
  2
SOLID
 70
1
 71
0
 91
1
 92
3
 72
0
 73
1
 93
4
 10
8.049999999999999
 20
-25.1
 10
9.35
 20
-25.1
 10
9.35
 20
-24.9
 10
8.049999999999999
 20
-24.9
 97
0
 75
0
 76
1
 98
0
  0
LWPOLYLINE
  5
ADB
330
17
100
AcDbEntity
  8
A-SECT-BEYOND
100
AcDbPolyline
 90
21
 70
0
 10
8.049999999999999
 20
-24.9
 10
8.049999999999999
 20
-24.73
 10
7.769999999999999
 20
-24.73
 10
7.769999999999999
 20
-24.560000000000002
 10
7.489999999999998
 20
-24.560000000000002
 10
7.489999999999998
 20
-24.39
 10
7.209999999999998
 20
-24.39
 10
7.209999999999998
 20
-24.22
 10
6.929999999999998
 20
-24.22
 10
6.929999999999998
 20
-24.05
 10
6.649999999999998
 20
-24.05
 10
6.649999999999998
 20
-23.880000000000003
 10
6.369999999999997
 20
-23.880000000000003
 10
6.369999999999997
 20
-23.71
 10
6.089999999999997
 20
-23.71
 10
6.089999999999997
 20
-23.54
 10
5.809999999999997
 20
-23.54
 10
5.809999999999997
 20
-23.37
 10
5.529999999999997
 20
-23.37
 10
5.529999999999997
 20
-23.200000000000003
 10
5.5299999999999985
 20
-23.200000000000003
  0
LINE
  5
ADC
330
17
100
AcDbEntity
  8
A-SECT-BEYOND
100
AcDbLine
 10
8.049999999999999
 20
-25.1
 30
0.0
 11
5.5299999999999985
 21
-23.380940632450688
 31
0.0
  0
LINE
  5
ADD
330
17
100
AcDbEntity
  8
A-SECT-BEYOND
100
AcDbLine
 10
5.5299999999999985
 20
-25.53
 30
0.0
 11
8.049999999999999
 21
-24.0
 31
0.0
  0
TEXT
  5
ADE
330
17
100
AcDbEntity
  8
A-ANNO-TEXT
100
AcDbText
 10
10.6
 20
-25.0
 30
0.0
 40
0.2
  1
BATH
  7
OpenSans
 72
1
 11
10.6
 21
-25.0
 31
0.0
100
AcDbText
 73
2
  0
TEXT
  5
ADF
330
17
100
AcDbEntity
  8
A-ANNO-TEXT
100
AcDbText
 10
14.25
 20
-25.0
 30
0.0
 40
0.2
  1
DINING
  7
OpenSans
 72
1
 11
14.25
 21
-25.0
 31
0.0
100
AcDbText
 73
2
  0
TEXT
  5
AE0
330
17
100
AcDbEntity
  8
A-ANNO-TEXT
100
AcDbText
 10
20.4
 20
-25.0
 30
0.0
 40
0.2
  1
MAID R.
  7
OpenSans
 72
1
 11
20.4
 21
-25.0
 31
0.0
100
AcDbText
 73
2
  0
TEXT
  5
AE1
330
17
100
AcDbEntity
  8
A-ANNO-TEXT
100
AcDbText
 10
22.55
 20
-25.0
 30
0.0
 40
0.2
  1
BATH
  7
OpenSans
 72
1
 11
22.55
 21
-25.0
 31
0.0
100
AcDbText
 73
2
  0
TEXT
  5
AE2
330
17
100
AcDbEntity
  8
A-ANNO-TEXT
100
AcDbText
 10
25.7
 20
-25.0
 30
0.0
 40
0.2
  1
BED R.
  7
OpenSans
 72
1
 11
25.7
 21
-25.0
 31
0.0
100
AcDbText
 73
2
  0
TEXT
  5
AE3
330
17
100
AcDbEntity
  8
A-ANNO-TEXT
100
AcDbText
 10
2.6
 20
-25.0
 30
0.0
 40
0.2
  1
STAIR / LOBBY
  7
OpenSans
 72
1
 11
2.6
 21
-25.0
 31
0.0
100
AcDbText
 73
2
  0
TEXT
  5
AE4
330
17
100
AcDbEntity
  8
A-ANNO-TEXT
100
AcDbText
 10
14.3
 20
-24.3
 30
0.0
 40
0.22
  1
FIRST FLOOR
  7
OpenSans
 72
1
 11
14.3
 21
-24.3
 31
0.0
100
AcDbText
 73
2
  0
LWPOLYLINE
  5
AE5
330
17
100
AcDbEntity
  8
A-SECT-CUT
100
AcDbPolyline
 90
4
 70
1
 10
9.35
 20
-23.2
 10
9.6
 20
-23.2
 10
9.6
 20
-20.200000000000003
 10
9.35
 20
-20.200000000000003
  0
HATCH
  5
AE6
330
17
100
AcDbEntity
  8
A-WALL-PATT
 62
8
100
AcDbHatch
 10
0.0
 20
0.0
 30
0.0
210
0.0
220
0.0
230
1.0
  2
SOLID
 70
1
 71
0
 91
1
 92
3
 72
0
 73
1
 93
4
 10
9.35
 20
-23.2
 10
9.6
 20
-23.2
 10
9.6
 20
-20.200000000000003
 10
9.35
 20
-20.200000000000003
 97
0
 75
0
 76
1
 98
0
  0
LWPOLYLINE
  5
AE7
330
17
100
AcDbEntity
  8
A-SECT-CUT
100
AcDbPolyline
 90
4
 70
1
 10
11.6
 20
-23.2
 10
11.75
 20
-23.2
 10
11.75
 20
-20.200000000000003
 10
11.6
 20
-20.200000000000003
  0
HATCH
  5
AE8
330
17
100
AcDbEntity
  8
A-WALL-PATT
 62
8
100
AcDbHatch
 10
0.0
 20
0.0
 30
0.0
210
0.0
220
0.0
230
1.0
  2
SOLID
 70
1
 71
0
 91
1
 92
3
 72
0
 73
1
 93
4
 10
11.6
 20
-23.2
 10
11.75
 20
-23.2
 10
11.75
 20
-20.200000000000003
 10
11.6
 20
-20.200000000000003
 97
0
 75
0
 76
1
 98
0
  0
LWPOLYLINE
  5
AE9
330
17
100
AcDbEntity
  8
A-SECT-CUT
100
AcDbPolyline
 90
4
 70
1
 10
19.25
 20
-23.2
 10
19.4
 20
-23.2
 10
19.4
 20
-20.200000000000003
 10
19.25
 20
-20.200000000000003
  0
HATCH
  5
AEA
330
17
100
AcDbEntity
  8
A-WALL-PATT
 62
8
100
AcDbHatch
 10
0.0
 20
0.0
 30
0.0
210
0.0
220
0.0
230
1.0
  2
SOLID
 70
1
 71
0
 91
1
 92
3
 72
0
 73
1
 93
4
 10
19.25
 20
-23.2
 10
19.4
 20
-23.2
 10
19.4
 20
-20.200000000000003
 10
19.25
 20
-20.200000000000003
 97
0
 75
0
 76
1
 98
0
  0
LWPOLYLINE
  5
AEB
330
17
100
AcDbEntity
  8
A-SECT-CUT
100
AcDbPolyline
 90
4
 70
1
 10
21.4
 20
-23.2
 10
21.55
 20
-23.2
 10
21.55
 20
-20.200000000000003
 10
21.4
 20
-20.200000000000003
  0
HATCH
  5
AEC
330
17
100
AcDbEntity
  8
A-WALL-PATT
 62
8
100
AcDbHatch
 10
0.0
 20
0.0
 30
0.0
210
0.0
220
0.0
230
1.0
  2
SOLID
 70
1
 71
0
 91
1
 92
3
 72
0
 73
1
 93
4
 10
21.4
 20
-23.2
 10
21.55
 20
-23.2
 10
21.55
 20
-20.200000000000003
 10
21.4
 20
-20.200000000000003
 97
0
 75
0
 76
1
 98
0
  0
LWPOLYLINE
  5
AED
330
17
100
AcDbEntity
  8
A-SECT-CUT
100
AcDbPolyline
 90
4
 70
1
 10
23.55
 20
-23.2
 10
23.7
 20
-23.2
 10
23.7
 20
-20.200000000000003
 10
23.55
 20
-20.200000000000003
  0
HATCH
  5
AEE
330
17
100
AcDbEntity
  8
A-WALL-PATT
 62
8
100
AcDbHatch
 10
0.0
 20
0.0
 30
0.0
210
0.0
220
0.0
230
1.0
  2
SOLID
 70
1
 71
0
 91
1
 92
3
 72
0
 73
1
 93
4
 10
23.55
 20
-23.2
 10
23.7
 20
-23.2
 10
23.7
 20
-20.200000000000003
 10
23.55
 20
-20.200000000000003
 97
0
 75
0
 76
1
 98
0
  0
LWPOLYLINE
  5
AEF
330
17
100
AcDbEntity
  8
A-SECT-CUT
100
AcDbPolyline
 90
4
 70
1
 10
27.7
 20
-23.2
 10
28.0
 20
-23.2
 10
28.0
 20
-20.200000000000003
 10
27.7
 20
-20.200000000000003
  0
HATCH
  5
AF0
330
17
100
AcDbEntity
  8
A-WALL-PATT
 62
8
100
AcDbHatch
 10
0.0
 20
0.0
 30
0.0
210
0.0
220
0.0
230
1.0
  2
SOLID
 70
1
 71
0
 91
1
 92
3
 72
0
 73
1
 93
4
 10
27.7
 20
-23.2
 10
28.0
 20
-23.2
 10
28.0
 20
-20.200000000000003
 10
27.7
 20
-20.200000000000003
 97
0
 75
0
 76
1
 98
0
  0
LWPOLYLINE
  5
AF1
330
17
100
AcDbEntity
  8
A-SECT-CUT
100
AcDbPolyline
 90
4
 70
1
 10
0.0
 20
-23.2
 10
0.3
 20
-23.2
 10
0.3
 20
-22.3
 10
0.0
 20
-22.3
  0
HATCH
  5
AF2
330
17
100
AcDbEntity
  8
A-WALL-PATT
 62
8
100
AcDbHatch
 10
0.0
 20
0.0
 30
0.0
210
0.0
220
0.0
230
1.0
  2
SOLID
 70
1
 71
0
 91
1
 92
3
 72
0
 73
1
 93
4
 10
0.0
 20
-23.2
 10
0.3
 20
-23.2
 10
0.3
 20
-22.3
 10
0.0
 20
-22.3
 97
0
 75
0
 76
1
 98
0
  0
LWPOLYLINE
  5
AF3
330
17
100
AcDbEntity
  8
A-SECT-CUT
100
AcDbPolyline
 90
4
 70
1
 10
0.0
 20
-20.8
 10
0.3
 20
-20.8
 10
0.3
 20
-20.200000000000003
 10
0.0
 20
-20.200000000000003
  0
HATCH
  5
AF4
330
17
100
AcDbEntity
  8
A-WALL-PATT
 62
8
100
AcDbHatch
 10
0.0
 20
0.0
 30
0.0
210
0.0
220
0.0
230
1.0
  2
SOLID
 70
1
 71
0
 91
1
 92
3
 72
0
 73
1
 93
4
 10
0.0
 20
-20.8
 10
0.3
 20
-20.8
 10
0.3
 20
-20.200000000000003
 10
0.0
 20
-20.200000000000003
 97
0
 75
0
 76
1
 98
0
  0
LWPOLYLINE
  5
AF5
330
17
100
AcDbEntity
  8
A-GLAZ
100
AcDbPolyline
 90
4
 70
1
 10
0.0
 20
-22.3
 10
0.3
 20
-22.3
 10
0.3
 20
-20.8
 10
0.0
 20
-20.8
  0
LINE
  5
AF6
330
17
100
AcDbEntity
  8
A-GLAZ
100
AcDbLine
 10
0.15
 20
-22.3
 30
0.0
 11
0.15
 21
-20.8
 31
0.0
  0
LWPOLYLINE
  5
AF7
330
17
100
AcDbEntity
  8
A-SECT-CUT
100
AcDbPolyline
 90
23
 70
1
 10
5.5299999999999985
 20
-23.2
 10
5.5299999999999985
 20
-23.03
 10
5.809999999999999
 20
-23.03
 10
5.809999999999999
 20
-22.86
 10
6.089999999999999
 20
-22.86
 10
6.089999999999999
 20
-22.69
 10
6.369999999999999
 20
-22.69
 10
6.369999999999999
 20
-22.52
 10
6.6499999999999995
 20
-22.52
 10
6.6499999999999995
 20
-22.35
 10
6.93
 20
-22.35
 10
6.93
 20
-22.18
 10
7.21
 20
-22.18
 10
7.21
 20
-22.01
 10
7.49
 20
-22.01
 10
7.49
 20
-21.84
 10
7.7700000000000005
 20
-21.84
 10
7.7700000000000005
 20
-21.67
 10
8.05
 20
-21.67
 10
8.05
 20
-21.5
 10
8.049999999999999
 20
-21.5
 10
8.049999999999999
 20
-21.68094063245069
 10
5.5299999999999985
 20
-23.380940632450688
  0
HATCH
  5
AF8
330
17
100
AcDbEntity
  8
A-WALL-PATT
 62
8
100
AcDbHatch
 10
0.0
 20
0.0
 30
0.0
210
0.0
220
0.0
230
1.0
  2
SOLID
 70
1
 71
0
 91
1
 92
3
 72
0
 73
1
 93
23
 10
5.5299999999999985
 20
-23.2
 10
5.5299999999999985
 20
-23.03
 10
5.809999999999999
 20
-23.03
 10
5.809999999999999
 20
-22.86
 10
6.089999999999999
 20
-22.86
 10
6.089999999999999
 20
-22.69
 10
6.369999999999999
 20
-22.69
 10
6.369999999999999
 20
-22.52
 10
6.6499999999999995
 20
-22.52
 10
6.6499999999999995
 20
-22.35
 10
6.93
 20
-22.35
 10
6.93
 20
-22.18
 10
7.21
 20
-22.18
 10
7.21
 20
-22.01
 10
7.49
 20
-22.01
 10
7.49
 20
-21.84
 10
7.7700000000000005
 20
-21.84
 10
7.7700000000000005
 20
-21.67
 10
8.05
 20
-21.67
 10
8.05
 20
-21.5
 10
8.049999999999999
 20
-21.5
 10
8.049999999999999
 20
-21.68094063245069
 10
5.5299999999999985
 20
-23.380940632450688
 97
0
 75
0
 76
1
 98
0
  0
LWPOLYLINE
  5
AF9
330
17
100
AcDbEntity
  8
A-SECT-CUT
100
AcDbPolyline
 90
4
 70
1
 10
8.049999999999999
 20
-21.7
 10
9.35
 20
-21.7
 10
9.35
 20
-21.5
 10
8.049999999999999
 20
-21.5
  0
HATCH
  5
AFA
330
17
100
AcDbEntity
  8
A-WALL-PATT
 62
8
100
AcDbHatch
 10
0.0
 20
0.0
 30
0.0
210
0.0
220
0.0
230
1.0
  2
SOLID
 70
1
 71
0
 91
1
 92
3
 72
0
 73
1
 93
4
 10
8.049999999999999
 20
-21.7
 10
9.35
 20
-21.7
 10
9.35
 20
-21.5
 10
8.049999999999999
 20
-21.5
 97
0
 75
0
 76
1
 98
0
  0
LWPOLYLINE
  5
AFB
330
17
100
AcDbEntity
  8
A-SECT-BEYOND
100
AcDbPolyline
 90
21
 70
0
 10
8.049999999999999
 20
-21.5
 10
8.049999999999999
 20
-21.33
 10
7.769999999999999
 20
-21.33
 10
7.769999999999999
 20
-21.16
 10
7.489999999999998
 20
-21.16
 10
7.489999999999998
 20
-20.990000000000002
 10
7.209999999999998
 20
-20.990000000000002
 10
7.209999999999998
 20
-20.82
 10
6.929999999999998
 20
-20.82
 10
6.929999999999998
 20
-20.65
 10
6.649999999999998
 20
-20.65
 10
6.649999999999998
 20
-20.48
 10
6.369999999999997
 20
-20.48
 10
6.369999999999997
 20
-20.310000000000002
 10
6.089999999999997
 20
-20.310000000000002
 10
6.089999999999997
 20
-20.14
 10
5.809999999999997
 20
-20.14
 10
5.809999999999997
 20
-19.97
 10
5.529999999999997
 20
-19.97
 10
5.529999999999997
 20
-19.8
 10
5.5299999999999985
 20
-19.8
  0
LINE
  5
AFC
330
17
100
AcDbEntity
  8
A-SECT-BEYOND
100
AcDbLine
 10
8.049999999999999
 20
-21.7
 30
0.0
 11
5.5299999999999985
 21
-19.98094063245069
 31
0.0
  0
LINE
  5
AFD
330
17
100
AcDbEntity
  8
A-SECT-BEYOND
100
AcDbLine
 10
5.5299999999999985
 20
-22.13
 30
0.0
 11
8.049999999999999
 21
-20.6
 31
0.0
  0
TEXT
  5
AFE
330
17
100
AcDbEntity
  8
A-ANNO-TEXT
100
AcDbText
 10
10.6
 20
-21.6
 30
0.0
 40
0.2
  1
BATH
  7
OpenSans
 72
1
 11
10.6
 21
-21.6
 31
0.0
100
AcDbText
 73
2
  0
TEXT
  5
AFF
330
17
100
AcDbEntity
  8
A-ANNO-TEXT
100
AcDbText
 10
14.25
 20
-21.6
 30
0.0
 40
0.2
  1
DINING
  7
OpenSans
 72
1
 11
14.25
 21
-21.6
 31
0.0
100
AcDbText
 73
2
  0
TEXT
  5
B00
330
17
100
AcDbEntity
  8
A-ANNO-TEXT
100
AcDbText
 10
20.4
 20
-21.6
 30
0.0
 40
0.2
  1
MAID R.
  7
OpenSans
 72
1
 11
20.4
 21
-21.6
 31
0.0
100
AcDbText
 73
2
  0
TEXT
  5
B01
330
17
100
AcDbEntity
  8
A-ANNO-TEXT
100
AcDbText
 10
22.55
 20
-21.6
 30
0.0
 40
0.2
  1
BATH
  7
OpenSans
 72
1
 11
22.55
 21
-21.6
 31
0.0
100
AcDbText
 73
2
  0
TEXT
  5
B02
330
17
100
AcDbEntity
  8
A-ANNO-TEXT
100
AcDbText
 10
25.7
 20
-21.6
 30
0.0
 40
0.2
  1
BED R.
  7
OpenSans
 72
1
 11
25.7
 21
-21.6
 31
0.0
100
AcDbText
 73
2
  0
TEXT
  5
B03
330
17
100
AcDbEntity
  8
A-ANNO-TEXT
100
AcDbText
 10
2.6
 20
-21.6
 30
0.0
 40
0.2
  1
STAIR / LOBBY
  7
OpenSans
 72
1
 11
2.6
 21
-21.6
 31
0.0
100
AcDbText
 73
2
  0
TEXT
  5
B04
330
17
100
AcDbEntity
  8
A-ANNO-TEXT
100
AcDbText
 10
14.3
 20
-20.9
 30
0.0
 40
0.22
  1
SECOND FLOOR
  7
OpenSans
 72
1
 11
14.3
 21
-20.9
 31
0.0
100
AcDbText
 73
2
  0
LWPOLYLINE
  5
B05
330
17
100
AcDbEntity
  8
A-SECT-CUT
100
AcDbPolyline
 90
4
 70
1
 10
9.35
 20
-19.8
 10
9.6
 20
-19.8
 10
9.6
 20
-16.8
 10
9.35
 20
-16.8
  0
HATCH
  5
B06
330
17
100
AcDbEntity
  8
A-WALL-PATT
 62
8
100
AcDbHatch
 10
0.0
 20
0.0
 30
0.0
210
0.0
220
0.0
230
1.0
  2
SOLID
 70
1
 71
0
 91
1
 92
3
 72
0
 73
1
 93
4
 10
9.35
 20
-19.8
 10
9.6
 20
-19.8
 10
9.6
 20
-16.8
 10
9.35
 20
-16.8
 97
0
 75
0
 76
1
 98
0
  0
LWPOLYLINE
  5
B07
330
17
100
AcDbEntity
  8
A-SECT-CUT
100
AcDbPolyline
 90
4
 70
1
 10
11.6
 20
-19.8
 10
11.75
 20
-19.8
 10
11.75
 20
-16.8
 10
11.6
 20
-16.8
  0
HATCH
  5
B08
330
17
100
AcDbEntity
  8
A-WALL-PATT
 62
8
100
AcDbHatch
 10
0.0
 20
0.0
 30
0.0
210
0.0
220
0.0
230
1.0
  2
SOLID
 70
1
 71
0
 91
1
 92
3
 72
0
 73
1
 93
4
 10
11.6
 20
-19.8
 10
11.75
 20
-19.8
 10
11.75
 20
-16.8
 10
11.6
 20
-16.8
 97
0
 75
0
 76
1
 98
0
  0
LWPOLYLINE
  5
B09
330
17
100
AcDbEntity
  8
A-SECT-CUT
100
AcDbPolyline
 90
4
 70
1
 10
19.25
 20
-19.8
 10
19.4
 20
-19.8
 10
19.4
 20
-16.8
 10
19.25
 20
-16.8
  0
HATCH
  5
B0A
330
17
100
AcDbEntity
  8
A-WALL-PATT
 62
8
100
AcDbHatch
 10
0.0
 20
0.0
 30
0.0
210
0.0
220
0.0
230
1.0
  2
SOLID
 70
1
 71
0
 91
1
 92
3
 72
0
 73
1
 93
4
 10
19.25
 20
-19.8
 10
19.4
 20
-19.8
 10
19.4
 20
-16.8
 10
19.25
 20
-16.8
 97
0
 75
0
 76
1
 98
0
  0
LWPOLYLINE
  5
B0B
330
17
100
AcDbEntity
  8
A-SECT-CUT
100
AcDbPolyline
 90
4
 70
1
 10
21.4
 20
-19.8
 10
21.55
 20
-19.8
 10
21.55
 20
-16.8
 10
21.4
 20
-16.8
  0
HATCH
  5
B0C
330
17
100
AcDbEntity
  8
A-WALL-PATT
 62
8
100
AcDbHatch
 10
0.0
 20
0.0
 30
0.0
210
0.0
220
0.0
230
1.0
  2
SOLID
 70
1
 71
0
 91
1
 92
3
 72
0
 73
1
 93
4
 10
21.4
 20
-19.8
 10
21.55
 20
-19.8
 10
21.55
 20
-16.8
 10
21.4
 20
-16.8
 97
0
 75
0
 76
1
 98
0
  0
LWPOLYLINE
  5
B0D
330
17
100
AcDbEntity
  8
A-SECT-CUT
100
AcDbPolyline
 90
4
 70
1
 10
23.55
 20
-19.8
 10
23.7
 20
-19.8
 10
23.7
 20
-16.8
 10
23.55
 20
-16.8
  0
HATCH
  5
B0E
330
17
100
AcDbEntity
  8
A-WALL-PATT
 62
8
100
AcDbHatch
 10
0.0
 20
0.0
 30
0.0
210
0.0
220
0.0
230
1.0
  2
SOLID
 70
1
 71
0
 91
1
 92
3
 72
0
 73
1
 93
4
 10
23.55
 20
-19.8
 10
23.7
 20
-19.8
 10
23.7
 20
-16.8
 10
23.55
 20
-16.8
 97
0
 75
0
 76
1
 98
0
  0
LWPOLYLINE
  5
B0F
330
17
100
AcDbEntity
  8
A-SECT-CUT
100
AcDbPolyline
 90
4
 70
1
 10
27.7
 20
-19.8
 10
28.0
 20
-19.8
 10
28.0
 20
-16.8
 10
27.7
 20
-16.8
  0
HATCH
  5
B10
330
17
100
AcDbEntity
  8
A-WALL-PATT
 62
8
100
AcDbHatch
 10
0.0
 20
0.0
 30
0.0
210
0.0
220
0.0
230
1.0
  2
SOLID
 70
1
 71
0
 91
1
 92
3
 72
0
 73
1
 93
4
 10
27.7
 20
-19.8
 10
28.0
 20
-19.8
 10
28.0
 20
-16.8
 10
27.7
 20
-16.8
 97
0
 75
0
 76
1
 98
0
  0
LWPOLYLINE
  5
B11
330
17
100
AcDbEntity
  8
A-SECT-CUT
100
AcDbPolyline
 90
4
 70
1
 10
0.0
 20
-19.8
 10
0.3
 20
-19.8
 10
0.3
 20
-18.9
 10
0.0
 20
-18.9
  0
HATCH
  5
B12
330
17
100
AcDbEntity
  8
A-WALL-PATT
 62
8
100
AcDbHatch
 10
0.0
 20
0.0
 30
0.0
210
0.0
220
0.0
230
1.0
  2
SOLID
 70
1
 71
0
 91
1
 92
3
 72
0
 73
1
 93
4
 10
0.0
 20
-19.8
 10
0.3
 20
-19.8
 10
0.3
 20
-18.9
 10
0.0
 20
-18.9
 97
0
 75
0
 76
1
 98
0
  0
LWPOLYLINE
  5
B13
330
17
100
AcDbEntity
  8
A-SECT-CUT
100
AcDbPolyline
 90
4
 70
1
 10
0.0
 20
-17.4
 10
0.3
 20
-17.4
 10
0.3
 20
-16.8
 10
0.0
 20
-16.8
  0
HATCH
  5
B14
330
17
100
AcDbEntity
  8
A-WALL-PATT
 62
8
100
AcDbHatch
 10
0.0
 20
0.0
 30
0.0
210
0.0
220
0.0
230
1.0
  2
SOLID
 70
1
 71
0
 91
1
 92
3
 72
0
 73
1
 93
4
 10
0.0
 20
-17.4
 10
0.3
 20
-17.4
 10
0.3
 20
-16.8
 10
0.0
 20
-16.8
 97
0
 75
0
 76
1
 98
0
  0
LWPOLYLINE
  5
B15
330
17
100
AcDbEntity
  8
A-GLAZ
100
AcDbPolyline
 90
4
 70
1
 10
0.0
 20
-18.9
 10
0.3
 20
-18.9
 10
0.3
 20
-17.4
 10
0.0
 20
-17.4
  0
LINE
  5
B16
330
17
100
AcDbEntity
  8
A-GLAZ
100
AcDbLine
 10
0.15
 20
-18.9
 30
0.0
 11
0.15
 21
-17.4
 31
0.0
  0
LWPOLYLINE
  5
B17
330
17
100
AcDbEntity
  8
A-SECT-CUT
100
AcDbPolyline
 90
23
 70
1
 10
5.5299999999999985
 20
-19.8
 10
5.5299999999999985
 20
-19.625
 10
5.809999999999999
 20
-19.625
 10
5.809999999999999
 20
-19.45
 10
6.089999999999999
 20
-19.45
 10
6.089999999999999
 20
-19.275
 10
6.369999999999999
 20
-19.275
 10
6.369999999999999
 20
-19.099999999999998
 10
6.6499999999999995
 20
-19.099999999999998
 10
6.6499999999999995
 20
-18.924999999999997
 10
6.93
 20
-18.924999999999997
 10
6.93
 20
-18.749999999999996
 10
7.21
 20
-18.749999999999996
 10
7.21
 20
-18.574999999999996
 10
7.49
 20
-18.574999999999996
 10
7.49
 20
-18.399999999999995
 10
7.7700000000000005
 20
-18.399999999999995
 10
7.7700000000000005
 20
-18.224999999999994
 10
8.05
 20
-18.224999999999994
 10
8.05
 20
-18.049999999999994
 10
8.049999999999999
 20
-18.049999999999994
 10
8.049999999999999
 20
-18.23262172500676
 10
5.5299999999999985
 20
-19.98262172500676
  0
HATCH
  5
B18
330
17
100
AcDbEntity
  8
A-WALL-PATT
 62
8
100
AcDbHatch
 10
0.0
 20
0.0
 30
0.0
210
0.0
220
0.0
230
1.0
  2
SOLID
 70
1
 71
0
 91
1
 92
3
 72
0
 73
1
 93
23
 10
5.5299999999999985
 20
-19.8
 10
5.5299999999999985
 20
-19.625
 10
5.809999999999999
 20
-19.625
 10
5.809999999999999
 20
-19.45
 10
6.089999999999999
 20
-19.45
 10
6.089999999999999
 20
-19.275
 10
6.369999999999999
 20
-19.275
 10
6.369999999999999
 20
-19.099999999999998
 10
6.6499999999999995
 20
-19.099999999999998
 10
6.6499999999999995
 20
-18.924999999999997
 10
6.93
 20
-18.924999999999997
 10
6.93
 20
-18.749999999999996
 10
7.21
 20
-18.749999999999996
 10
7.21
 20
-18.574999999999996
 10
7.49
 20
-18.574999999999996
 10
7.49
 20
-18.399999999999995
 10
7.7700000000000005
 20
-18.399999999999995
 10
7.7700000000000005
 20
-18.224999999999994
 10
8.05
 20
-18.224999999999994
 10
8.05
 20
-18.049999999999994
 10
8.049999999999999
 20
-18.049999999999994
 10
8.049999999999999
 20
-18.23262172500676
 10
5.5299999999999985
 20
-19.98262172500676
 97
0
 75
0
 76
1
 98
0
  0
LWPOLYLINE
  5
B19
330
17
100
AcDbEntity
  8
A-SECT-CUT
100
AcDbPolyline
 90
4
 70
1
 10
8.049999999999999
 20
-18.25
 10
9.35
 20
-18.25
 10
9.35
 20
-18.05
 10
8.049999999999999
 20
-18.05
  0
HATCH
  5
B1A
330
17
100
AcDbEntity
  8
A-WALL-PATT
 62
8
100
AcDbHatch
 10
0.0
 20
0.0
 30
0.0
210
0.0
220
0.0
230
1.0
  2
SOLID
 70
1
 71
0
 91
1
 92
3
 72
0
 73
1
 93
4
 10
8.049999999999999
 20
-18.25
 10
9.35
 20
-18.25
 10
9.35
 20
-18.05
 10
8.049999999999999
 20
-18.05
 97
0
 75
0
 76
1
 98
0
  0
LWPOLYLINE
  5
B1B
330
17
100
AcDbEntity
  8
A-SECT-BEYOND
100
AcDbPolyline
 90
21
 70
0
 10
8.049999999999999
 20
-18.05
 10
8.049999999999999
 20
-17.875
 10
7.769999999999999
 20
-17.875
 10
7.769999999999999
 20
-17.7
 10
7.489999999999998
 20
-17.7
 10
7.489999999999998
 20
-17.525
 10
7.209999999999998
 20
-17.525
 10
7.209999999999998
 20
-17.349999999999998
 10
6.929999999999998
 20
-17.349999999999998
 10
6.929999999999998
 20
-17.174999999999997
 10
6.649999999999998
 20
-17.174999999999997
 10
6.649999999999998
 20
-16.999999999999996
 10
6.369999999999997
 20
-16.999999999999996
 10
6.369999999999997
 20
-16.824999999999996
 10
6.089999999999997
 20
-16.824999999999996
 10
6.089999999999997
 20
-16.649999999999995
 10
5.809999999999997
 20
-16.649999999999995
 10
5.809999999999997
 20
-16.474999999999994
 10
5.529999999999997
 20
-16.474999999999994
 10
5.529999999999997
 20
-16.299999999999994
 10
5.5299999999999985
 20
-16.299999999999994
  0
LINE
  5
B1C
330
17
100
AcDbEntity
  8
A-SECT-BEYOND
100
AcDbLine
 10
8.049999999999999
 20
-18.25
 30
0.0
 11
5.5299999999999985
 21
-16.48262172500676
 31
0.0
  0
LINE
  5
B1D
330
17
100
AcDbEntity
  8
A-SECT-BEYOND
100
AcDbLine
 10
5.5299999999999985
 20
-18.725
 30
0.0
 11
8.049999999999999
 21
-17.15
 31
0.0
  0
TEXT
  5
B1E
330
17
100
AcDbEntity
  8
A-ANNO-TEXT
100
AcDbText
 10
10.6
 20
-18.200000000000003
 30
0.0
 40
0.2
  1
BATH
  7
OpenSans
 72
1
 11
10.6
 21
-18.200000000000003
 31
0.0
100
AcDbText
 73
2
  0
TEXT
  5
B1F
330
17
100
AcDbEntity
  8
A-ANNO-TEXT
100
AcDbText
 10
14.25
 20
-18.200000000000003
 30
0.0
 40
0.2
  1
DINING
  7
OpenSans
 72
1
 11
14.25
 21
-18.200000000000003
 31
0.0
100
AcDbText
 73
2
  0
TEXT
  5
B20
330
17
100
AcDbEntity
  8
A-ANNO-TEXT
100
AcDbText
 10
20.4
 20
-18.200000000000003
 30
0.0
 40
0.2
  1
MAID R.
  7
OpenSans
 72
1
 11
20.4
 21
-18.200000000000003
 31
0.0
100
AcDbText
 73
2
  0
TEXT
  5
B21
330
17
100
AcDbEntity
  8
A-ANNO-TEXT
100
AcDbText
 10
22.55
 20
-18.200000000000003
 30
0.0
 40
0.2
  1
BATH
  7
OpenSans
 72
1
 11
22.55
 21
-18.200000000000003
 31
0.0
100
AcDbText
 73
2
  0
TEXT
  5
B22
330
17
100
AcDbEntity
  8
A-ANNO-TEXT
100
AcDbText
 10
25.7
 20
-18.200000000000003
 30
0.0
 40
0.2
  1
BED R.
  7
OpenSans
 72
1
 11
25.7
 21
-18.200000000000003
 31
0.0
100
AcDbText
 73
2
  0
TEXT
  5
B23
330
17
100
AcDbEntity
  8
A-ANNO-TEXT
100
AcDbText
 10
2.6
 20
-18.200000000000003
 30
0.0
 40
0.2
  1
STAIR / LOBBY
  7
OpenSans
 72
1
 11
2.6
 21
-18.200000000000003
 31
0.0
100
AcDbText
 73
2
  0
TEXT
  5
B24
330
17
100
AcDbEntity
  8
A-ANNO-TEXT
100
AcDbText
 10
14.3
 20
-17.5
 30
0.0
 40
0.22
  1
THIRD FLOOR
  7
OpenSans
 72
1
 11
14.3
 21
-17.5
 31
0.0
100
AcDbText
 73
2
  0
LWPOLYLINE
  5
B25
330
17
100
AcDbEntity
  8
A-SECT-CUT
100
AcDbPolyline
 90
4
 70
1
 10
27.7
 20
-16.5
 10
28.0
 20
-16.5
 10
28.0
 20
-15.100000000000001
 10
27.7
 20
-15.100000000000001
  0
HATCH
  5
B26
330
17
100
AcDbEntity
  8
A-WALL-PATT
 62
8
100
AcDbHatch
 10
0.0
 20
0.0
 30
0.0
210
0.0
220
0.0
230
1.0
  2
SOLID
 70
1
 71
0
 91
1
 92
3
 72
0
 73
1
 93
4
 10
27.7
 20
-16.5
 10
28.0
 20
-16.5
 10
28.0
 20
-15.100000000000001
 10
27.7
 20
-15.100000000000001
 97
0
 75
0
 76
1
 98
0
  0
LWPOLYLINE
  5
B27
330
17
100
AcDbEntity
  8
A-SECT-CUT
100
AcDbPolyline
 90
4
 70
1
 10
0.0
 20
-16.5
 10
0.3
 20
-16.5
 10
0.3
 20
-13.3
 10
0.0
 20
-13.3
  0
HATCH
  5
B28
330
17
100
AcDbEntity
  8
A-WALL-PATT
 62
8
100
AcDbHatch
 10
0.0
 20
0.0
 30
0.0
210
0.0
220
0.0
230
1.0
  2
SOLID
 70
1
 71
0
 91
1
 92
3
 72
0
 73
1
 93
4
 10
0.0
 20
-16.5
 10
0.3
 20
-16.5
 10
0.3
 20
-13.3
 10
0.0
 20
-13.3
 97
0
 75
0
 76
1
 98
0
  0
LWPOLYLINE
  5
B29
330
17
100
AcDbEntity
  8
A-SECT-CUT
100
AcDbPolyline
 90
4
 70
1
 10
9.35
 20
-16.5
 10
9.6
 20
-16.5
 10
9.6
 20
-13.3
 10
9.35
 20
-13.3
  0
HATCH
  5
B2A
330
17
100
AcDbEntity
  8
A-WALL-PATT
 62
8
100
AcDbHatch
 10
0.0
 20
0.0
 30
0.0
210
0.0
220
0.0
230
1.0
  2
SOLID
 70
1
 71
0
 91
1
 92
3
 72
0
 73
1
 93
4
 10
9.35
 20
-16.5
 10
9.6
 20
-16.5
 10
9.6
 20
-13.3
 10
9.35
 20
-13.3
 97
0
 75
0
 76
1
 98
0
  0
LWPOLYLINE
  5
B2B
330
17
100
AcDbEntity
  8
A-DOOR
100
AcDbPolyline
 90
4
 70
1
 10
9.35
 20
-16.3
 10
9.6
 20
-16.3
 10
9.6
 20
-14.200000000000001
 10
9.35
 20
-14.200000000000001
  0
TEXT
  5
B2C
330
17
100
AcDbEntity
  8
A-ANNO-TEXT
100
AcDbText
 10
4.6
 20
-14.9
 30
0.0
 40
0.2
  1
STAIR ROOM
  7
OpenSans
 72
1
 11
4.6
 21
-14.9
 31
0.0
100
AcDbText
 73
2
  0
TEXT
  5
B2D
330
17
100
AcDbEntity
  8
A-ANNO-TEXT
100
AcDbText
 10
18.0
 20
-15.3
 30
0.0
 40
0.25
  1
ROOF
  7
OpenSans
 72
1
 11
18.0
 21
-15.3
 31
0.0
100
AcDbText
 73
2
  0
LWPOLYLINE
  5
B2E
330
17
100
AcDbEntity
  8
A-ANNO-SYMB
100
AcDbPolyline
 90
3
 70
1
 10
29.2
 20
-30.0
 10
29.02
 20
-29.75
 10
29.38
 20
-29.75
  0
LINE
  5
B2F
330
17
100
AcDbEntity
  8
A-ANNO-SYMB
100
AcDbLine
 10
28.7
 20
-30.0
 30
0.0
 11
31.599999999999998
 21
-30.0
 31
0.0
  0
TEXT
  5
B30
330
17
100
AcDbEntity
  8
A-ANNO-LEVL
100
AcDbText
 10
29.55
 20
-29.82
 30
0.0
 40
0.2
  1
FFL ±0.00
  7
OpenSans
 11
29.55
 21
-29.82
 31
0.0
100
AcDbText
 73
1
  0
LWPOLYLINE
  5
B31
330
17
100
AcDbEntity
  8
A-ANNO-SYMB
100
AcDbPolyline
 90
3
 70
1
 10
29.2
 20
-26.6
 10
29.02
 20
-26.35
 10
29.38
 20
-26.35
  0
LINE
  5
B32
330
17
100
AcDbEntity
  8
A-ANNO-SYMB
100
AcDbLine
 10
28.7
 20
-26.6
 30
0.0
 11
31.599999999999998
 21
-26.6
 31
0.0
  0
TEXT
  5
B33
330
17
100
AcDbEntity
  8
A-ANNO-LEVL
100
AcDbText
 10
29.55
 20
-26.42
 30
0.0
 40
0.2
  1
FFL +3.40
  7
OpenSans
 11
29.55
 21
-26.42
 31
0.0
100
AcDbText
 73
1
  0
LWPOLYLINE
  5
B34
330
17
100
AcDbEntity
  8
A-ANNO-SYMB
100
AcDbPolyline
 90
3
 70
1
 10
29.2
 20
-23.2
 10
29.02
 20
-22.95
 10
29.38
 20
-22.95
  0
LINE
  5
B35
330
17
100
AcDbEntity
  8
A-ANNO-SYMB
100
AcDbLine
 10
28.7
 20
-23.2
 30
0.0
 11
31.599999999999998
 21
-23.2
 31
0.0
  0
TEXT
  5
B36
330
17
100
AcDbEntity
  8
A-ANNO-LEVL
100
AcDbText
 10
29.55
 20
-23.02
 30
0.0
 40
0.2
  1
FFL +6.80
  7
OpenSans
 11
29.55
 21
-23.02
 31
0.0
100
AcDbText
 73
1
  0
LWPOLYLINE
  5
B37
330
17
100
AcDbEntity
  8
A-ANNO-SYMB
100
AcDbPolyline
 90
3
 70
1
 10
29.2
 20
-19.8
 10
29.02
 20
-19.55
 10
29.38
 20
-19.55
  0
LINE
  5
B38
330
17
100
AcDbEntity
  8
A-ANNO-SYMB
100
AcDbLine
 10
28.7
 20
-19.8
 30
0.0
 11
31.599999999999998
 21
-19.8
 31
0.0
  0
TEXT
  5
B39
330
17
100
AcDbEntity
  8
A-ANNO-LEVL
100
AcDbText
 10
29.55
 20
-19.62
 30
0.0
 40
0.2
  1
FFL +10.20
  7
OpenSans
 11
29.55
 21
-19.62
 31
0.0
100
AcDbText
 73
1
  0
LWPOLYLINE
  5
B3A
330
17
100
AcDbEntity
  8
A-ANNO-SYMB
100
AcDbPolyline
 90
3
 70
1
 10
29.2
 20
-16.3
 10
29.02
 20
-16.05
 10
29.38
 20
-16.05
  0
LINE
  5
B3B
330
17
100
AcDbEntity
  8
A-ANNO-SYMB
100
AcDbLine
 10
28.7
 20
-16.3
 30
0.0
 11
31.599999999999998
 21
-16.3
 31
0.0
  0
TEXT
  5
B3C
330
17
100
AcDbEntity
  8
A-ANNO-LEVL
100
AcDbText
 10
29.55
 20
-16.12
 30
0.0
 40
0.2
  1
ROOF +13.70
  7
OpenSans
 11
29.55
 21
-16.12
 31
0.0
100
AcDbText
 73
1
  0
LWPOLYLINE
  5
B3D
330
17
100
AcDbEntity
  8
A-ANNO-SYMB
100
AcDbPolyline
 90
3
 70
1
 10
29.2
 20
-15.100000000000001
 10
29.02
 20
-14.850000000000001
 10
29.38
 20
-14.850000000000001
  0
LINE
  5
B3E
330
17
100
AcDbEntity
  8
A-ANNO-SYMB
100
AcDbLine
 10
28.7
 20
-15.100000000000001
 30
0.0
 11
31.599999999999998
 21
-15.100000000000001
 31
0.0
  0
TEXT
  5
B3F
330
17
100
AcDbEntity
  8
A-ANNO-LEVL
100
AcDbText
 10
29.55
 20
-14.920000000000002
 30
0.0
 40
0.2
  1
PARAPET +14.90
  7
OpenSans
 11
29.55
 21
-14.920000000000002
 31
0.0
100
AcDbText
 73
1
  0
LWPOLYLINE
  5
B40
330
17
100
AcDbEntity
  8
A-ANNO-SYMB
100
AcDbPolyline
 90
3
 70
1
 10
-1.4
 20
-13.100000000000001
 10
-1.5799999999999998
 20
-12.850000000000001
 10
-1.22
 20
-12.850000000000001
  0
LINE
  5
B41
330
17
100
AcDbEntity
  8
A-ANNO-SYMB
100
AcDbLine
 10
-1.9
 20
-13.100000000000001
 30
0.0
 11
-3.8
 21
-13.100000000000001
 31
0.0
  0
TEXT
  5
B42
330
17
100
AcDbEntity
  8
A-ANNO-LEVL
100
AcDbText
 10
-1.75
 20
-12.920000000000002
 30
0.0
 40
0.2
  1
STAIR ROOM +16.90
  7
OpenSans
 72
2
 11
-1.75
 21
-12.920000000000002
 31
0.0
100
AcDbText
 73
1
  0
LWPOLYLINE
  5
B43
330
17
100
AcDbEntity
  8
A-ANNO-SYMB
100
AcDbPolyline
 90
3
 70
1
 10
29.2
 20
-30.45
 10
29.02
 20
-30.2
 10
29.38
 20
-30.2
  0
LINE
  5
B44
330
17
100
AcDbEntity
  8
A-ANNO-SYMB
100
AcDbLine
 10
28.7
 20
-30.45
 30
0.0
 11
31.599999999999998
 21
-30.45
 31
0.0
  0
TEXT
  5
B45
330
17
100
AcDbEntity
  8
A-ANNO-LEVL
100
AcDbText
 10
29.55
 20
-30.27
 30
0.0
 40
0.2
  1
NGL -0.45
  7
OpenSans
 11
29.55
 21
-30.27
 31
0.0
100
AcDbText
 73
1
  0
DIMENSION
  5
B46
330
17
100
AcDbEntity
  8
A-ANNO-DIMS
100
AcDbDimension
280
0
  2
*D99
  3
EZDXF
 10
32.6
 20
-30.45
 30
0.0
 11
32.035000000000004
 21
-30.225
 31
0.0
 70
32
 71
5
  1
<>
100
AcDbAlignedDimension
 13
28.0
 23
-30.45
 33
0.0
 14
28.0
 24
-30.0
 34
0.0
 50
90.0
100
AcDbRotatedDimension
1001
ACAD
1000
DSTYLE
1002
{
1070
140
1040
0.18
1070
41
1040
0.12
1070
42
1040
0.08
1070
271
1070
2
1070
78
1070
0
1070
144
1040
1.0
1070
77
1070
1
1070
73
1070
0
1070
74
1070
0
1002
}
  0
DIMENSION
  5
B55
330
17
100
AcDbEntity
  8
A-ANNO-DIMS
100
AcDbDimension
280
0
  2
*D100
  3
EZDXF
 10
32.6
 20
-30.0
 30
0.0
 11
32.410000000000004
 21
-28.3
 31
0.0
 70
32
 71
5
  1
<>
100
AcDbAlignedDimension
 13
28.0
 23
-30.0
 33
0.0
 14
28.0
 24
-26.6
 34
0.0
 50
90.0
100
AcDbRotatedDimension
1001
ACAD
1000
DSTYLE
1002
{
1070
140
1040
0.18
1070
41
1040
0.12
1070
42
1040
0.08
1070
271
1070
2
1070
78
1070
0
1070
144
1040
1.0
1070
77
1070
1
1070
73
1070
0
1070
74
1070
0
1002
}
  0
DIMENSION
  5
B64
330
17
100
AcDbEntity
  8
A-ANNO-DIMS
100
AcDbDimension
280
0
  2
*D101
  3
EZDXF
 10
32.6
 20
-26.6
 30
0.0
 11
32.410000000000004
 21
-24.9
 31
0.0
 70
32
 71
5
  1
<>
100
AcDbAlignedDimension
 13
28.0
 23
-26.6
 33
0.0
 14
28.0
 24
-23.2
 34
0.0
 50
90.0
100
AcDbRotatedDimension
1001
ACAD
1000
DSTYLE
1002
{
1070
140
1040
0.18
1070
41
1040
0.12
1070
42
1040
0.08
1070
271
1070
2
1070
78
1070
0
1070
144
1040
1.0
1070
77
1070
1
1070
73
1070
0
1070
74
1070
0
1002
}
  0
DIMENSION
  5
B73
330
17
100
AcDbEntity
  8
A-ANNO-DIMS
100
AcDbDimension
280
0
  2
*D102
  3
EZDXF
 10
32.6
 20
-23.2
 30
0.0
 11
32.410000000000004
 21
-21.5
 31
0.0
 70
32
 71
5
  1
<>
100
AcDbAlignedDimension
 13
28.0
 23
-23.2
 33
0.0
 14
28.0
 24
-19.8
 34
0.0
 50
90.0
100
AcDbRotatedDimension
1001
ACAD
1000
DSTYLE
1002
{
1070
140
1040
0.18
1070
41
1040
0.12
1070
42
1040
0.08
1070
271
1070
2
1070
78
1070
0
1070
144
1040
1.0
1070
77
1070
1
1070
73
1070
0
1070
74
1070
0
1002
}
  0
DIMENSION
  5
B82
330
17
100
AcDbEntity
  8
A-ANNO-DIMS
100
AcDbDimension
280
0
  2
*D103
  3
EZDXF
 10
32.6
 20
-19.8
 30
0.0
 11
32.410000000000004
 21
-18.05
 31
0.0
 70
32
 71
5
  1
<>
100
AcDbAlignedDimension
 13
28.0
 23
-19.8
 33
0.0
 14
28.0
 24
-16.3
 34
0.0
 50
90.0
100
AcDbRotatedDimension
1001
ACAD
1000
DSTYLE
1002
{
1070
140
1040
0.18
1070
41
1040
0.12
1070
42
1040
0.08
1070
271
1070
2
1070
78
1070
0
1070
144
1040
1.0
1070
77
1070
1
1070
73
1070
0
1070
74
1070
0
1002
}
  0
DIMENSION
  5
B91
330
17
100
AcDbEntity
  8
A-ANNO-DIMS
100
AcDbDimension
280
0
  2
*D104
  3
EZDXF
 10
32.6
 20
-16.3
 30
0.0
 11
32.410000000000004
 21
-15.700000000000001
 31
0.0
 70
32
 71
5
  1
<>
100
AcDbAlignedDimension
 13
28.0
 23
-16.3
 33
0.0
 14
28.0
 24
-15.100000000000001
 34
0.0
 50
90.0
100
AcDbRotatedDimension
1001
ACAD
1000
DSTYLE
1002
{
1070
140
1040
0.18
1070
41
1040
0.12
1070
42
1040
0.08
1070
271
1070
2
1070
78
1070
0
1070
144
1040
1.0
1070
77
1070
1
1070
73
1070
0
1070
74
1070
0
1002
}
  0
DIMENSION
  5
BA0
330
17
100
AcDbEntity
  8
A-ANNO-DIMS
100
AcDbDimension
280
0
  2
*D105
  3
EZDXF
 10
33.6
 20
-30.45
 30
0.0
 11
33.410000000000004
 21
-22.775
 31
0.0
 70
32
 71
5
  1
<>
100
AcDbAlignedDimension
 13
28.0
 23
-30.45
 33
0.0
 14
28.0
 24
-15.100000000000001
 34
0.0
 50
90.0
100
AcDbRotatedDimension
1001
ACAD
1000
DSTYLE
1002
{
1070
140
1040
0.18
1070
41
1040
0.12
1070
42
1040
0.08
1070
271
1070
2
1070
78
1070
0
1070
144
1040
1.0
1070
77
1070
1
1070
73
1070
0
1070
74
1070
0
1002
}
  0
DIMENSION
  5
BAF
330
17
100
AcDbEntity
  8
A-ANNO-DIMS
100
AcDbDimension
280
0
  2
*D106
  3
EZDXF
 10
-3.2
 20
-26.6
 30
0.0
 11
-3.39
 21
-25.1
 31
0.0
 70
32
 71
5
  1
<>
100
AcDbAlignedDimension
 13
0.0
 23
-26.6
 33
0.0
 14
0.0
 24
-23.6
 34
0.0
 50
90.0
100
AcDbRotatedDimension
1001
ACAD
1000
DSTYLE
1002
{
1070
140
1040
0.18
1070
41
1040
0.12
1070
42
1040
0.08
1070
271
1070
2
1070
78
1070
0
1070
144
1040
1.0
1070
77
1070
1
1070
73
1070
0
1070
74
1070
0
1002
}
  0
DIMENSION
  5
BBE
330
17
100
AcDbEntity
  8
A-ANNO-DIMS
100
AcDbDimension
280
0
  2
*D107
  3
EZDXF
 10
-3.2
 20
-23.6
 30
0.0
 11
-3.765
 21
-23.450000000000003
 31
0.0
 70
32
 71
5
  1
<>
100
AcDbAlignedDimension
 13
0.0
 23
-23.6
 33
0.0
 14
0.0
 24
-23.3
 34
0.0
 50
90.0
100
AcDbRotatedDimension
1001
ACAD
1000
DSTYLE
1002
{
1070
140
1040
0.18
1070
41
1040
0.12
1070
42
1040
0.08
1070
271
1070
2
1070
78
1070
0
1070
144
1040
1.0
1070
77
1070
1
1070
73
1070
0
1070
74
1070
0
1002
}
  0
DIMENSION
  5
BCD
330
17
100
AcDbEntity
  8
A-ANNO-DIMS
100
AcDbDimension
280
0
  2
*D108
  3
EZDXF
 10
-3.2
 20
-23.3
 30
0.0
 11
-3.765
 21
-23.25
 31
0.0
 70
32
 71
5
  1
<>
100
AcDbAlignedDimension
 13
0.0
 23
-23.3
 33
0.0
 14
0.0
 24
-23.2
 34
0.0
 50
90.0
100
AcDbRotatedDimension
1001
ACAD
1000
DSTYLE
1002
{
1070
140
1040
0.18
1070
41
1040
0.12
1070
42
1040
0.08
1070
271
1070
2
1070
78
1070
0
1070
144
1040
1.0
1070
77
1070
1
1070
73
1070
0
1070
74
1070
0
1002
}
  0
TEXT
  5
BDC
330
17
100
AcDbEntity
  8
A-ANNO-TEXT
100
AcDbText
 10
-4.4
 20
-25.1
 30
0.0
 40
0.17
  1
clear ceiling
  7
OpenSans
 72
2
 11
-4.4
 21
-25.1
 31
0.0
100
AcDbText
 73
2
  0
TEXT
  5
BDD
330
17
100
AcDbEntity
  8
A-ANNO-TEXT
100
AcDbText
 10
-4.4
 20
-23.45
 30
0.0
 40
0.17
  1
RC slab
  7
OpenSans
 72
2
 11
-4.4
 21
-23.45
 31
0.0
100
AcDbText
 73
2
  0
TEXT
  5
BDE
330
17
100
AcDbEntity
  8
A-ANNO-TEXT
100
AcDbText
 10
-4.4
 20
-23.25
 30
0.0
 40
0.17
  1
floor finish
  7
OpenSans
 72
2
 11
-4.4
 21
-23.25
 31
0.0
100
AcDbText
 73
2
  0
TEXT
  5
BDF
330
17
100
AcDbEntity
  8
A-ANNO-TEXT
100
AcDbText
 10
14.0
 20
-32.3
 30
0.0
 40
0.55
  1
SECTION A-A
  7
OpenSans
 72
1
 11
14.0
 21
-32.3
 31
0.0
100
AcDbText
 73
2
  0
TEXT
  5
BE0
330
17
100
AcDbEntity
  8
A-ANNO-TEXT
100
AcDbText
 10
14.0
 20
-33.1
 30
0.0
 40
0.25
  1
Scale 1:100   |   looking east, cut through stair core
  7
OpenSans
 72
1
 11
14.0
 21
-33.1
 31
0.0
100
AcDbText
 73
2
  0
LINE
  5
BE1
330
17
100
AcDbEntity
  8
A-ELEV-GRND
100
AcDbLine
 10
39.0
 20
-30.45
 30
0.0
 11
64.15
 21
-30.45
 31
0.0
  0
LWPOLYLINE
  5
BE2
330
17
100
AcDbEntity
  8
A-ELEV
100
AcDbPolyline
 90
4
 70
1
 10
42.0
 20
-30.45
 10
61.15
 20
-30.45
 10
61.15
 20
-15.100000000000001
 10
42.0
 20
-15.100000000000001
  0
LWPOLYLINE
  5
BE3
330
17
100
AcDbEntity
  8
A-ELEV
100
AcDbPolyline
 90
4
 70
1
 10
49.2
 20
-15.100000000000001
 10
53.95
 20
-15.100000000000001
 10
53.95
 20
-13.100000000000001
 10
49.2
 20
-13.100000000000001
  0
LINE
  5
BE4
330
17
100
AcDbEntity
  8
A-SECT-BEYOND
100
AcDbLine
 10
49.2
 20
-16.3
 30
0.0
 11
49.2
 21
-15.100000000000001
 31
0.0
  0
LINE
  5
BE5
330
17
100
AcDbEntity
  8
A-SECT-BEYOND
100
AcDbLine
 10
53.95
 20
-16.3
 30
0.0
 11
53.95
 21
-15.100000000000001
 31
0.0
  0
LINE
  5
BE6
330
17
100
AcDbEntity
  8
A-ELEV
100
AcDbLine
 10
42.0
 20
-30.0
 30
0.0
 11
61.15
 21
-30.0
 31
0.0
  0
LINE
  5
BE7
330
17
100
AcDbEntity
  8
A-ELEV
100
AcDbLine
 10
42.0
 20
-27.0
 30
0.0
 11
61.15
 21
-27.0
 31
0.0
  0
LINE
  5
BE8
330
17
100
AcDbEntity
  8
A-ELEV
100
AcDbLine
 10
42.0
 20
-26.7
 30
0.0
 11
61.15
 21
-26.7
 31
0.0
  0
LINE
  5
BE9
330
17
100
AcDbEntity
  8
A-ELEV
100
AcDbLine
 10
42.0
 20
-23.6
 30
0.0
 11
61.15
 21
-23.6
 31
0.0
  0
LINE
  5
BEA
330
17
100
AcDbEntity
  8
A-ELEV
100
AcDbLine
 10
42.0
 20
-23.3
 30
0.0
 11
61.15
 21
-23.3
 31
0.0
  0
LINE
  5
BEB
330
17
100
AcDbEntity
  8
A-ELEV
100
AcDbLine
 10
42.0
 20
-20.200000000000003
 30
0.0
 11
61.15
 21
-20.200000000000003
 31
0.0
  0
LINE
  5
BEC
330
17
100
AcDbEntity
  8
A-ELEV
100
AcDbLine
 10
42.0
 20
-19.9
 30
0.0
 11
61.15
 21
-19.9
 31
0.0
  0
LINE
  5
BED
330
17
100
AcDbEntity
  8
A-ELEV
100
AcDbLine
 10
42.0
 20
-16.8
 30
0.0
 11
61.15
 21
-16.8
 31
0.0
  0
LINE
  5
BEE
330
17
100
AcDbEntity
  8
A-ELEV
100
AcDbLine
 10
42.0
 20
-16.3
 30
0.0
 11
61.15
 21
-16.3
 31
0.0
  0
LWPOLYLINE
  5
BEF
330
17
100
AcDbEntity
  8
A-ELEV
100
AcDbPolyline
 90
4
 70
1
 10
41.95
 20
-15.200000000000001
 10
61.2
 20
-15.200000000000001
 10
61.2
 20
-15.100000000000001
 10
41.95
 20
-15.100000000000001
  0
LWPOLYLINE
  5
BF0
330
17
100
AcDbEntity
  8
A-GLAZ
100
AcDbPolyline
 90
4
 70
1
 10
43.8
 20
-29.1
 10
45.8
 20
-29.1
 10
45.8
 20
-27.6
 10
43.8
 20
-27.6
  0
LWPOLYLINE
  5
BF1
330
17
100
AcDbEntity
  8
A-GLAZ
100
AcDbPolyline
 90
4
 70
1
 10
43.86
 20
-29.04
 10
45.74
 20
-29.04
 10
45.74
 20
-27.66
 10
43.86
 20
-27.66
  0
LINE
  5
BF2
330
17
100
AcDbEntity
  8
A-GLAZ
100
AcDbLine
 10
44.8
 20
-29.04
 30
0.0
 11
44.8
 21
-27.66
 31
0.0
  0
LWPOLYLINE
  5
BF3
330
17
100
AcDbEntity
  8
A-ELEV
100
AcDbPolyline
 90
4
 70
1
 10
43.75
 20
-29.18
 10
45.85
 20
-29.18
 10
45.85
 20
-29.1
 10
43.75
 20
-29.1
  0
LWPOLYLINE
  5
BF4
330
17
100
AcDbEntity
  8
A-GLAZ
100
AcDbPolyline
 90
4
 70
1
 10
57.349999999999994
 20
-29.1
 10
59.349999999999994
 20
-29.1
 10
59.349999999999994
 20
-27.6
 10
57.349999999999994
 20
-27.6
  0
LWPOLYLINE
  5
BF5
330
17
100
AcDbEntity
  8
A-GLAZ
100
AcDbPolyline
 90
4
 70
1
 10
57.41
 20
-29.04
 10
59.29
 20
-29.04
 10
59.29
 20
-27.66
 10
57.41
 20
-27.66
  0
LINE
  5
BF6
330
17
100
AcDbEntity
  8
A-GLAZ
100
AcDbLine
 10
58.349999999999994
 20
-29.04
 30
0.0
 11
58.349999999999994
 21
-27.66
 31
0.0
  0
LWPOLYLINE
  5
BF7
330
17
100
AcDbEntity
  8
A-ELEV
100
AcDbPolyline
 90
4
 70
1
 10
57.3
 20
-29.18
 10
59.4
 20
-29.18
 10
59.4
 20
-29.1
 10
57.3
 20
-29.1
  0
LWPOLYLINE
  5
BF8
330
17
100
AcDbEntity
  8
A-GLAZ
100
AcDbPolyline
 90
4
 70
1
 10
43.8
 20
-25.7
 10
45.8
 20
-25.7
 10
45.8
 20
-24.2
 10
43.8
 20
-24.2
  0
LWPOLYLINE
  5
BF9
330
17
100
AcDbEntity
  8
A-GLAZ
100
AcDbPolyline
 90
4
 70
1
 10
43.86
 20
-25.64
 10
45.74
 20
-25.64
 10
45.74
 20
-24.259999999999998
 10
43.86
 20
-24.259999999999998
  0
LINE
  5
BFA
330
17
100
AcDbEntity
  8
A-GLAZ
100
AcDbLine
 10
44.8
 20
-25.64
 30
0.0
 11
44.8
 21
-24.259999999999998
 31
0.0
  0
LWPOLYLINE
  5
BFB
330
17
100
AcDbEntity
  8
A-ELEV
100
AcDbPolyline
 90
4
 70
1
 10
43.75
 20
-25.78
 10
45.85
 20
-25.78
 10
45.85
 20
-25.7
 10
43.75
 20
-25.7
  0
LWPOLYLINE
  5
BFC
330
17
100
AcDbEntity
  8
A-GLAZ
100
AcDbPolyline
 90
4
 70
1
 10
57.349999999999994
 20
-25.7
 10
59.349999999999994
 20
-25.7
 10
59.349999999999994
 20
-24.2
 10
57.349999999999994
 20
-24.2
  0
LWPOLYLINE
  5
BFD
330
17
100
AcDbEntity
  8
A-GLAZ
100
AcDbPolyline
 90
4
 70
1
 10
57.41
 20
-25.64
 10
59.29
 20
-25.64
 10
59.29
 20
-24.259999999999998
 10
57.41
 20
-24.259999999999998
  0
LINE
  5
BFE
330
17
100
AcDbEntity
  8
A-GLAZ
100
AcDbLine
 10
58.349999999999994
 20
-25.64
 30
0.0
 11
58.349999999999994
 21
-24.259999999999998
 31
0.0
  0
LWPOLYLINE
  5
BFF
330
17
100
AcDbEntity
  8
A-ELEV
100
AcDbPolyline
 90
4
 70
1
 10
57.3
 20
-25.78
 10
59.4
 20
-25.78
 10
59.4
 20
-25.7
 10
57.3
 20
-25.7
  0
LWPOLYLINE
  5
C00
330
17
100
AcDbEntity
  8
A-GLAZ
100
AcDbPolyline
 90
4
 70
1
 10
50.575
 20
-25.7
 10
52.575
 20
-25.7
 10
52.575
 20
-24.2
 10
50.575
 20
-24.2
  0
LWPOLYLINE
  5
C01
330
17
100
AcDbEntity
  8
A-GLAZ
100
AcDbPolyline
 90
4
 70
1
 10
50.635
 20
-25.64
 10
52.515
 20
-25.64
 10
52.515
 20
-24.259999999999998
 10
50.635
 20
-24.259999999999998
  0
LINE
  5
C02
330
17
100
AcDbEntity
  8
A-GLAZ
100
AcDbLine
 10
51.575
 20
-25.64
 30
0.0
 11
51.575
 21
-24.259999999999998
 31
0.0
  0
LWPOLYLINE
  5
C03
330
17
100
AcDbEntity
  8
A-ELEV
100
AcDbPolyline
 90
4
 70
1
 10
50.525
 20
-25.78
 10
52.625
 20
-25.78
 10
52.625
 20
-25.7
 10
50.525
 20
-25.7
  0
LWPOLYLINE
  5
C04
330
17
100
AcDbEntity
  8
A-GLAZ
100
AcDbPolyline
 90
4
 70
1
 10
43.8
 20
-22.3
 10
45.8
 20
-22.3
 10
45.8
 20
-20.8
 10
43.8
 20
-20.8
  0
LWPOLYLINE
  5
C05
330
17
100
AcDbEntity
  8
A-GLAZ
100
AcDbPolyline
 90
4
 70
1
 10
43.86
 20
-22.240000000000002
 10
45.74
 20
-22.240000000000002
 10
45.74
 20
-20.86
 10
43.86
 20
-20.86
  0
LINE
  5
C06
330
17
100
AcDbEntity
  8
A-GLAZ
100
AcDbLine
 10
44.8
 20
-22.240000000000002
 30
0.0
 11
44.8
 21
-20.86
 31
0.0
  0
LWPOLYLINE
  5
C07
330
17
100
AcDbEntity
  8
A-ELEV
100
AcDbPolyline
 90
4
 70
1
 10
43.75
 20
-22.38
 10
45.85
 20
-22.38
 10
45.85
 20
-22.3
 10
43.75
 20
-22.3
  0
LWPOLYLINE
  5
C08
330
17
100
AcDbEntity
  8
A-GLAZ
100
AcDbPolyline
 90
4
 70
1
 10
57.349999999999994
 20
-22.3
 10
59.349999999999994
 20
-22.3
 10
59.349999999999994
 20
-20.8
 10
57.349999999999994
 20
-20.8
  0
LWPOLYLINE
  5
C09
330
17
100
AcDbEntity
  8
A-GLAZ
100
AcDbPolyline
 90
4
 70
1
 10
57.41
 20
-22.240000000000002
 10
59.29
 20
-22.240000000000002
 10
59.29
 20
-20.86
 10
57.41
 20
-20.86
  0
LINE
  5
C0A
330
17
100
AcDbEntity
  8
A-GLAZ
100
AcDbLine
 10
58.349999999999994
 20
-22.240000000000002
 30
0.0
 11
58.349999999999994
 21
-20.86
 31
0.0
  0
LWPOLYLINE
  5
C0B
330
17
100
AcDbEntity
  8
A-ELEV
100
AcDbPolyline
 90
4
 70
1
 10
57.3
 20
-22.38
 10
59.4
 20
-22.38
 10
59.4
 20
-22.3
 10
57.3
 20
-22.3
  0
LWPOLYLINE
  5
C0C
330
17
100
AcDbEntity
  8
A-GLAZ
100
AcDbPolyline
 90
4
 70
1
 10
50.575
 20
-22.3
 10
52.575
 20
-22.3
 10
52.575
 20
-20.8
 10
50.575
 20
-20.8
  0
LWPOLYLINE
  5
C0D
330
17
100
AcDbEntity
  8
A-GLAZ
100
AcDbPolyline
 90
4
 70
1
 10
50.635
 20
-22.240000000000002
 10
52.515
 20
-22.240000000000002
 10
52.515
 20
-20.86
 10
50.635
 20
-20.86
  0
LINE
  5
C0E
330
17
100
AcDbEntity
  8
A-GLAZ
100
AcDbLine
 10
51.575
 20
-22.240000000000002
 30
0.0
 11
51.575
 21
-20.86
 31
0.0
  0
LWPOLYLINE
  5
C0F
330
17
100
AcDbEntity
  8
A-ELEV
100
AcDbPolyline
 90
4
 70
1
 10
50.525
 20
-22.38
 10
52.625
 20
-22.38
 10
52.625
 20
-22.3
 10
50.525
 20
-22.3
  0
LWPOLYLINE
  5
C10
330
17
100
AcDbEntity
  8
A-GLAZ
100
AcDbPolyline
 90
4
 70
1
 10
43.8
 20
-18.9
 10
45.8
 20
-18.9
 10
45.8
 20
-17.4
 10
43.8
 20
-17.4
  0
LWPOLYLINE
  5
C11
330
17
100
AcDbEntity
  8
A-GLAZ
100
AcDbPolyline
 90
4
 70
1
 10
43.86
 20
-18.84
 10
45.74
 20
-18.84
 10
45.74
 20
-17.46
 10
43.86
 20
-17.46
  0
LINE
  5
C12
330
17
100
AcDbEntity
  8
A-GLAZ
100
AcDbLine
 10
44.8
 20
-18.84
 30
0.0
 11
44.8
 21
-17.46
 31
0.0
  0
LWPOLYLINE
  5
C13
330
17
100
AcDbEntity
  8
A-ELEV
100
AcDbPolyline
 90
4
 70
1
 10
43.75
 20
-18.98
 10
45.85
 20
-18.98
 10
45.85
 20
-18.9
 10
43.75
 20
-18.9
  0
LWPOLYLINE
  5
C14
330
17
100
AcDbEntity
  8
A-GLAZ
100
AcDbPolyline
 90
4
 70
1
 10
57.349999999999994
 20
-18.9
 10
59.349999999999994
 20
-18.9
 10
59.349999999999994
 20
-17.4
 10
57.349999999999994
 20
-17.4
  0
LWPOLYLINE
  5
C15
330
17
100
AcDbEntity
  8
A-GLAZ
100
AcDbPolyline
 90
4
 70
1
 10
57.41
 20
-18.84
 10
59.29
 20
-18.84
 10
59.29
 20
-17.46
 10
57.41
 20
-17.46
  0
LINE
  5
C16
330
17
100
AcDbEntity
  8
A-GLAZ
100
AcDbLine
 10
58.349999999999994
 20
-18.84
 30
0.0
 11
58.349999999999994
 21
-17.46
 31
0.0
  0
LWPOLYLINE
  5
C17
330
17
100
AcDbEntity
  8
A-ELEV
100
AcDbPolyline
 90
4
 70
1
 10
57.3
 20
-18.98
 10
59.4
 20
-18.98
 10
59.4
 20
-18.9
 10
57.3
 20
-18.9
  0
LWPOLYLINE
  5
C18
330
17
100
AcDbEntity
  8
A-GLAZ
100
AcDbPolyline
 90
4
 70
1
 10
50.575
 20
-18.9
 10
52.575
 20
-18.9
 10
52.575
 20
-17.4
 10
50.575
 20
-17.4
  0
LWPOLYLINE
  5
C19
330
17
100
AcDbEntity
  8
A-GLAZ
100
AcDbPolyline
 90
4
 70
1
 10
50.635
 20
-18.84
 10
52.515
 20
-18.84
 10
52.515
 20
-17.46
 10
50.635
 20
-17.46
  0
LINE
  5
C1A
330
17
100
AcDbEntity
  8
A-GLAZ
100
AcDbLine
 10
51.575
 20
-18.84
 30
0.0
 11
51.575
 21
-17.46
 31
0.0
  0
LWPOLYLINE
  5
C1B
330
17
100
AcDbEntity
  8
A-ELEV
100
AcDbPolyline
 90
4
 70
1
 10
50.525
 20
-18.98
 10
52.625
 20
-18.98
 10
52.625
 20
-18.9
 10
50.525
 20
-18.9
  0
LWPOLYLINE
  5
C1C
330
17
100
AcDbEntity
  8
A-DOOR
100
AcDbPolyline
 90
4
 70
1
 10
50.825
 20
-30.0
 10
52.325
 20
-30.0
 10
52.325
 20
-27.6
 10
50.825
 20
-27.6
  0
LINE
  5
C1D
330
17
100
AcDbEntity
  8
A-DOOR
100
AcDbLine
 10
51.575
 20
-30.0
 30
0.0
 11
51.575
 21
-27.6
 31
0.0
  0
LWPOLYLINE
  5
C1E
330
17
100
AcDbEntity
  8
A-ELEV
100
AcDbPolyline
 90
4
 70
1
 10
50.375
 20
-27.55
 10
52.775
 20
-27.55
 10
52.775
 20
-27.35
 10
50.375
 20
-27.35
  0
LWPOLYLINE
  5
C1F
330
17
100
AcDbEntity
  8
A-ELEV
100
AcDbPolyline
 90
4
 70
1
 10
50.175
 20
-30.45
 10
52.975
 20
-30.45
 10
52.975
 20
-30.3
 10
50.175
 20
-30.3
  0
LWPOLYLINE
  5
C20
330
17
100
AcDbEntity
  8
A-ELEV
100
AcDbPolyline
 90
4
 70
1
 10
50.175
 20
-30.3
 10
52.975
 20
-30.3
 10
52.975
 20
-30.15
 10
50.175
 20
-30.15
  0
LWPOLYLINE
  5
C21
330
17
100
AcDbEntity
  8
A-ELEV
100
AcDbPolyline
 90
4
 70
1
 10
50.175
 20
-30.15
 10
52.975
 20
-30.15
 10
52.975
 20
-30.0
 10
50.175
 20
-30.0
  0
LWPOLYLINE
  5
C22
330
17
100
AcDbEntity
  8
A-GLAZ
100
AcDbPolyline
 90
4
 70
1
 10
50.975
 20
-15.100000000000001
 10
52.175
 20
-15.100000000000001
 10
52.175
 20
-14.100000000000001
 10
50.975
 20
-14.100000000000001
  0
LWPOLYLINE
  5
C23
330
17
100
AcDbEntity
  8
A-GLAZ
100
AcDbPolyline
 90
4
 70
1
 10
51.035
 20
-15.040000000000001
 10
52.114999999999995
 20
-15.040000000000001
 10
52.114999999999995
 20
-14.160000000000002
 10
51.035
 20
-14.160000000000002
  0
LINE
  5
C24
330
17
100
AcDbEntity
  8
A-GLAZ
100
AcDbLine
 10
51.575
 20
-15.040000000000001
 30
0.0
 11
51.575
 21
-14.160000000000002
 31
0.0
  0
LWPOLYLINE
  5
C25
330
17
100
AcDbEntity
  8
A-ELEV
100
AcDbPolyline
 90
4
 70
1
 10
50.925
 20
-15.180000000000001
 10
52.225
 20
-15.180000000000001
 10
52.225
 20
-15.100000000000001
 10
50.925
 20
-15.100000000000001
  0
LWPOLYLINE
  5
C26
330
17
100
AcDbEntity
  8
A-ANNO-SYMB
100
AcDbPolyline
 90
3
 70
1
 10
62.349999999999994
 20
-30.0
 10
62.17
 20
-29.75
 10
62.53
 20
-29.75
  0
LINE
  5
C27
330
17
100
AcDbEntity
  8
A-ANNO-SYMB
100
AcDbLine
 10
61.849999999999994
 20
-30.0
 30
0.0
 11
64.75
 21
-30.0
 31
0.0
  0
TEXT
  5
C28
330
17
100
AcDbEntity
  8
A-ANNO-LEVL
100
AcDbText
 10
62.7
 20
-29.82
 30
0.0
 40
0.2
  1
FFL ±0.00
  7
OpenSans
 11
62.7
 21
-29.82
 31
0.0
100
AcDbText
 73
1
  0
LWPOLYLINE
  5
C29
330
17
100
AcDbEntity
  8
A-ANNO-SYMB
100
AcDbPolyline
 90
3
 70
1
 10
62.349999999999994
 20
-26.6
 10
62.17
 20
-26.35
 10
62.53
 20
-26.35
  0
LINE
  5
C2A
330
17
100
AcDbEntity
  8
A-ANNO-SYMB
100
AcDbLine
 10
61.849999999999994
 20
-26.6
 30
0.0
 11
64.75
 21
-26.6
 31
0.0
  0
TEXT
  5
C2B
330
17
100
AcDbEntity
  8
A-ANNO-LEVL
100
AcDbText
 10
62.7
 20
-26.42
 30
0.0
 40
0.2
  1
FFL +3.40
  7
OpenSans
 11
62.7
 21
-26.42
 31
0.0
100
AcDbText
 73
1
  0
LWPOLYLINE
  5
C2C
330
17
100
AcDbEntity
  8
A-ANNO-SYMB
100
AcDbPolyline
 90
3
 70
1
 10
62.349999999999994
 20
-23.2
 10
62.17
 20
-22.95
 10
62.53
 20
-22.95
  0
LINE
  5
C2D
330
17
100
AcDbEntity
  8
A-ANNO-SYMB
100
AcDbLine
 10
61.849999999999994
 20
-23.2
 30
0.0
 11
64.75
 21
-23.2
 31
0.0
  0
TEXT
  5
C2E
330
17
100
AcDbEntity
  8
A-ANNO-LEVL
100
AcDbText
 10
62.7
 20
-23.02
 30
0.0
 40
0.2
  1
FFL +6.80
  7
OpenSans
 11
62.7
 21
-23.02
 31
0.0
100
AcDbText
 73
1
  0
LWPOLYLINE
  5
C2F
330
17
100
AcDbEntity
  8
A-ANNO-SYMB
100
AcDbPolyline
 90
3
 70
1
 10
62.349999999999994
 20
-19.8
 10
62.17
 20
-19.55
 10
62.53
 20
-19.55
  0
LINE
  5
C30
330
17
100
AcDbEntity
  8
A-ANNO-SYMB
100
AcDbLine
 10
61.849999999999994
 20
-19.8
 30
0.0
 11
64.75
 21
-19.8
 31
0.0
  0
TEXT
  5
C31
330
17
100
AcDbEntity
  8
A-ANNO-LEVL
100
AcDbText
 10
62.7
 20
-19.62
 30
0.0
 40
0.2
  1
FFL +10.20
  7
OpenSans
 11
62.7
 21
-19.62
 31
0.0
100
AcDbText
 73
1
  0
LWPOLYLINE
  5
C32
330
17
100
AcDbEntity
  8
A-ANNO-SYMB
100
AcDbPolyline
 90
3
 70
1
 10
62.349999999999994
 20
-16.3
 10
62.17
 20
-16.05
 10
62.53
 20
-16.05
  0
LINE
  5
C33
330
17
100
AcDbEntity
  8
A-ANNO-SYMB
100
AcDbLine
 10
61.849999999999994
 20
-16.3
 30
0.0
 11
64.75
 21
-16.3
 31
0.0
  0
TEXT
  5
C34
330
17
100
AcDbEntity
  8
A-ANNO-LEVL
100
AcDbText
 10
62.7
 20
-16.12
 30
0.0
 40
0.2
  1
ROOF +13.70
  7
OpenSans
 11
62.7
 21
-16.12
 31
0.0
100
AcDbText
 73
1
  0
LWPOLYLINE
  5
C35
330
17
100
AcDbEntity
  8
A-ANNO-SYMB
100
AcDbPolyline
 90
3
 70
1
 10
62.349999999999994
 20
-15.100000000000001
 10
62.17
 20
-14.850000000000001
 10
62.53
 20
-14.850000000000001
  0
LINE
  5
C36
330
17
100
AcDbEntity
  8
A-ANNO-SYMB
100
AcDbLine
 10
61.849999999999994
 20
-15.100000000000001
 30
0.0
 11
64.75
 21
-15.100000000000001
 31
0.0
  0
TEXT
  5
C37
330
17
100
AcDbEntity
  8
A-ANNO-LEVL
100
AcDbText
 10
62.7
 20
-14.920000000000002
 30
0.0
 40
0.2
  1
PARAPET +14.90
  7
OpenSans
 11
62.7
 21
-14.920000000000002
 31
0.0
100
AcDbText
 73
1
  0
LWPOLYLINE
  5
C38
330
17
100
AcDbEntity
  8
A-ANNO-SYMB
100
AcDbPolyline
 90
3
 70
1
 10
62.349999999999994
 20
-13.100000000000001
 10
62.17
 20
-12.850000000000001
 10
62.53
 20
-12.850000000000001
  0
LINE
  5
C39
330
17
100
AcDbEntity
  8
A-ANNO-SYMB
100
AcDbLine
 10
61.849999999999994
 20
-13.100000000000001
 30
0.0
 11
64.75
 21
-13.100000000000001
 31
0.0
  0
TEXT
  5
C3A
330
17
100
AcDbEntity
  8
A-ANNO-LEVL
100
AcDbText
 10
62.7
 20
-12.920000000000002
 30
0.0
 40
0.2
  1
STAIR ROOM +16.90
  7
OpenSans
 11
62.7
 21
-12.920000000000002
 31
0.0
100
AcDbText
 73
1
  0
LWPOLYLINE
  5
C3B
330
17
100
AcDbEntity
  8
A-ANNO-SYMB
100
AcDbPolyline
 90
3
 70
1
 10
62.349999999999994
 20
-30.45
 10
62.17
 20
-30.2
 10
62.53
 20
-30.2
  0
LINE
  5
C3C
330
17
100
AcDbEntity
  8
A-ANNO-SYMB
100
AcDbLine
 10
61.849999999999994
 20
-30.45
 30
0.0
 11
64.75
 21
-30.45
 31
0.0
  0
TEXT
  5
C3D
330
17
100
AcDbEntity
  8
A-ANNO-LEVL
100
AcDbText
 10
62.7
 20
-30.27
 30
0.0
 40
0.2
  1
NGL -0.45
  7
OpenSans
 11
62.7
 21
-30.27
 31
0.0
100
AcDbText
 73
1
  0
DIMENSION
  5
C3E
330
17
100
AcDbEntity
  8
A-ANNO-DIMS
100
AcDbDimension
280
0
  2
*D109
  3
EZDXF
 10
42.0
 20
-31.65
 30
0.0
 11
51.575
 21
-31.459999999999997
 31
0.0
 70
32
 71
5
  1
<>
100
AcDbAlignedDimension
 13
42.0
 23
-30.45
 33
0.0
 14
61.15
 24
-30.45
 34
0.0
 50
0.0
100
AcDbRotatedDimension
1001
ACAD
1000
DSTYLE
1002
{
1070
140
1040
0.18
1070
41
1040
0.12
1070
42
1040
0.08
1070
271
1070
2
1070
78
1070
0
1070
144
1040
1.0
1070
77
1070
1
1070
73
1070
0
1070
74
1070
0
1002
}
  0
DIMENSION
  5
C4D
330
17
100
AcDbEntity
  8
A-ANNO-DIMS
100
AcDbDimension
280
0
  2
*D110
  3
EZDXF
 10
40.8
 20
-30.45
 30
0.0
 11
40.61
 21
-21.775
 31
0.0
 70
32
 71
5
  1
<>
100
AcDbAlignedDimension
 13
42.0
 23
-30.45
 33
0.0
 14
42.0
 24
-13.100000000000001
 34
0.0
 50
90.0
100
AcDbRotatedDimension
1001
ACAD
1000
DSTYLE
1002
{
1070
140
1040
0.18
1070
41
1040
0.12
1070
42
1040
0.08
1070
271
1070
2
1070
78
1070
0
1070
144
1040
1.0
1070
77
1070
1
1070
73
1070
0
1070
74
1070
0
1002
}
  0
TEXT
  5
C5C
330
17
100
AcDbEntity
  8
A-ANNO-TEXT
100
AcDbText
 10
51.575
 20
-32.6
 30
0.0
 40
0.55
  1
SOUTH ELEVATION (MAIN ENTRANCE)
  7
OpenSans
 72
1
 11
51.575
 21
-32.6
 31
0.0
100
AcDbText
 73
2
  0
TEXT
  5
C5D
330
17
100
AcDbEntity
  8
A-ANNO-TEXT
100
AcDbText
 10
51.575
 20
-33.4
 30
0.0
 40
0.25
  1
Scale 1:100   |   windows sill +0.90 / head +2.40 above each FFL
  7
OpenSans
 72
1
 11
51.575
 21
-33.4
 31
0.0
100
AcDbText
 73
2
  0
LWPOLYLINE
  5
C5E
330
17
100
AcDbEntity
  8
A-ANNO-TTLB
100
AcDbPolyline
 90
4
 70
1
 10
72.0
 20
-34.0
 10
94.0
 20
-34.0
 10
94.0
 20
-12.0
 10
72.0
 20
-12.0
  0
TEXT
  5
C5F
330
17
100
AcDbEntity
  8
A-ANNO-TTLB
100
AcDbText
 10
72.6
 20
-13.0
 30
0.0
 40
0.6
  1
4-STOREY RESIDENTIAL BUILDING
  7
OpenSans
 11
72.6
 21
-13.0
 31
0.0
100
AcDbText
 73
1
  0
TEXT
  5
C60
330
17
100
AcDbEntity
  8
A-ANNO-TTLB
100
AcDbText
 10
72.6
 20
-14.41
 30
0.0
 40
0.3
  1
8 apartments (2 mirrored units per floor) + common stair
  7
OpenSans
 11
72.6
 21
-14.41
 31
0.0
100
AcDbText
 73
1
  0
TEXT
  5
C61
330
17
100
AcDbEntity
  8
A-ANNO-TTLB
100
AcDbText
 10
72.6
 20
-15.19
 30
0.0
 40
0.2
  1

  7
OpenSans
 11
72.6
 21
-15.19
 31
0.0
100
AcDbText
 73
1
  0
TEXT
  5
C62
330
17
100
AcDbEntity
  8
A-ANNO-TTLB
100
AcDbText
 10
72.6
 20
-15.76
 30
0.0
 40
0.36
  1
VERTICAL DESIGN (SBC 201 / SBC 304)
  7
OpenSans
 11
72.6
 21
-15.76
 31
0.0
100
AcDbText
 73
1
  0
TEXT
  5
C63
330
17
100
AcDbEntity
  8
A-ANNO-TTLB
100
AcDbText
 10
72.6
 20
-16.666
 30
0.0
 40
0.26
  1
Floor-to-floor height            3.40 m
  7
OpenSans
 11
72.6
 21
-16.666
 31
0.0
100
AcDbText
 73
1
  0
TEXT
  5
C64
330
17
100
AcDbEntity
  8
A-ANNO-TTLB
100
AcDbText
 10
72.6
 20
-17.362000000000002
 30
0.0
 40
0.26
  1
Clear ceiling height              3.00 m  (min. habitable 2.40)
  7
OpenSans
 11
72.6
 21
-17.362000000000002
 31
0.0
100
AcDbText
 73
1
  0
TEXT
  5
C65
330
17
100
AcDbEntity
  8
A-ANNO-TTLB
100
AcDbText
 10
72.6
 20
-18.058
 30
0.0
 40
0.26
  1
Structural slab (ribbed/hordi)  0.30 m  (l/18.5 for 5.3 m span)
  7
OpenSans
 11
72.6
 21
-18.058
 31
0.0
100
AcDbText
 73
1
  0
TEXT
  5
C66
330
17
100
AcDbEntity
  8
A-ANNO-TTLB
100
AcDbText
 10
72.6
 20
-18.753999999999998
 30
0.0
 40
0.26
  1
Floor finish (screed + tiles)    0.10 m
  7
OpenSans
 11
72.6
 21
-18.753999999999998
 31
0.0
100
AcDbText
 73
1
  0
TEXT
  5
C67
330
17
100
AcDbEntity
  8
A-ANNO-TTLB
100
AcDbText
 10
72.6
 20
-19.45
 30
0.0
 40
0.26
  1
Roof build-up                         0.20 m  + parapet 1.20 m
  7
OpenSans
 11
72.6
 21
-19.45
 31
0.0
100
AcDbText
 73
1
  0
TEXT
  5
C68
330
17
100
AcDbEntity
  8
A-ANNO-TTLB
100
AcDbText
 10
72.6
 20
-20.146
 30
0.0
 40
0.26
  1
Ground FFL ±0.00 = NGL +0.45 (3 steps x 0.15)
  7
OpenSans
 11
72.6
 21
-20.146
 31
0.0
100
AcDbText
 73
1
  0
TEXT
  5
C69
330
17
100
AcDbEntity
  8
A-ANNO-TTLB
100
AcDbText
 10
72.6
 20
-20.842
 30
0.0
 40
0.2
  1

  7
OpenSans
 11
72.6
 21
-20.842
 31
0.0
100
AcDbText
 73
1
  0
TEXT
  5
C6A
330
17
100
AcDbEntity
  8
A-ANNO-TTLB
100
AcDbText
 10
72.6
 20
-21.412
 30
0.0
 40
0.36
  1
STAIR (SBC 201 means of egress)
  7
OpenSans
 11
72.6
 21
-21.412
 31
0.0
100
AcDbText
 73
1
  0
TEXT
  5
C6B
330
17
100
AcDbEntity
  8
A-ANNO-TTLB
100
AcDbText
 10
72.6
 20
-22.317999999999998
 30
0.0
 40
0.26
  1
20 risers x 0.170 m (max 0.18), tread 0.28 m (min 0.28)
  7
OpenSans
 11
72.6
 21
-22.317999999999998
 31
0.0
100
AcDbText
 73
1
  0
TEXT
  5
C6C
330
17
100
AcDbEntity
  8
A-ANNO-TTLB
100
AcDbText
 10
72.6
 20
-23.014
 30
0.0
 40
0.26
  1
Flight width 1.10 m, landing 1.30 m, handrail 0.90
  7
OpenSans
 11
72.6
 21
-23.014
 31
0.0
100
AcDbText
 73
1
  0
TEXT
  5
C6D
330
17
100
AcDbEntity
  8
A-ANNO-TTLB
100
AcDbText
 10
72.6
 20
-23.709999999999997
 30
0.0
 40
0.26
  1
Stair enclosure & unit walls 0.25 m, 1 h fire rated
  7
OpenSans
 11
72.6
 21
-23.709999999999997
 31
0.0
100
AcDbText
 73
1
  0
TEXT
  5
C6E
330
17
100
AcDbEntity
  8
A-ANNO-TTLB
100
AcDbText
 10
72.6
 20
-24.406
 30
0.0
 40
0.2
  1

  7
OpenSans
 11
72.6
 21
-24.406
 31
0.0
100
AcDbText
 73
1
  0
TEXT
  5
C6F
330
17
100
AcDbEntity
  8
A-ANNO-TTLB
100
AcDbText
 10
72.6
 20
-24.976
 30
0.0
 40
0.36
  1
WALLS
  7
OpenSans
 11
72.6
 21
-24.976
 31
0.0
100
AcDbText
 73
1
  0
TEXT
  5
C70
330
17
100
AcDbEntity
  8
A-ANNO-TTLB
100
AcDbText
 10
72.6
 20
-25.881999999999998
 30
0.0
 40
0.26
  1
Exterior 0.30 insulated block (SBC 602)
  7
OpenSans
 11
72.6
 21
-25.881999999999998
 31
0.0
100
AcDbText
 73
1
  0
TEXT
  5
C71
330
17
100
AcDbEntity
  8
A-ANNO-TTLB
100
AcDbText
 10
72.6
 20
-26.578
 30
0.0
 40
0.26
  1
Partitions 0.15
  7
OpenSans
 11
72.6
 21
-26.578
 31
0.0
100
AcDbText
 73
1
  0
TEXT
  5
C72
330
17
100
AcDbEntity
  8
A-ANNO-TTLB
100
AcDbText
 10
72.6
 20
-27.273999999999997
 30
0.0
 40
0.2
  1

  7
OpenSans
 11
72.6
 21
-27.273999999999997
 31
0.0
100
AcDbText
 73
1
  0
TEXT
  5
C73
330
17
100
AcDbEntity
  8
A-ANNO-TTLB
100
AcDbText
 10
72.6
 20
-27.843999999999998
 30
0.0
 40
0.24
  1
Units: metres  |  Verify with structural & energy calcs
  7
OpenSans
 11
72.6
 21
-27.843999999999998
 31
0.0
100
AcDbText
 73
1
  0
ENDSEC
  0
SECTION
  2
OBJECTS
  0
DICTIONARY
  5
A
330
0
100
AcDbDictionary
281
1
  3
ACAD_COLOR
350
B
  3
ACAD_GROUP
350
C
  3
ACAD_LAYOUT
350
D
  3
ACAD_MATERIAL
350
E
  3
ACAD_MLEADERSTYLE
350
F
  3
ACAD_MLINESTYLE
350
10
  3
ACAD_PLOTSETTINGS
350
11
  3
ACAD_PLOTSTYLENAME
350
12
  3
ACAD_SCALELIST
350
14
  3
ACAD_TABLESTYLE
350
15
  3
ACAD_VISUALSTYLE
350
16
  3
EZDXF_META
350
2D
  0
DICTIONARY
  5
B
330
A
100
AcDbDictionary
281
1
  0
DICTIONARY
  5
C
330
A
100
AcDbDictionary
281
1
  0
DICTIONARY
  5
D
330
A
100
AcDbDictionary
281
1
  3
Model
350
1A
  3
Layout1
350
1E
  0
DICTIONARY
  5
E
330
A
100
AcDbDictionary
281
1
  3
ByBlock
350
1F
  3
ByLayer
350
20
  3
Global
350
21
  0
DICTIONARY
  5
F
330
A
100
AcDbDictionary
281
1
  3
Standard
350
2C
  0
DICTIONARY
  5
10
330
A
100
AcDbDictionary
281
1
  3
Standard
350
22
  0
DICTIONARY
  5
11
330
A
100
AcDbDictionary
281
1
  0
ACDBDICTIONARYWDFLT
  5
12
330
A
100
AcDbDictionary
281
1
  3
Normal
350
13
100
AcDbDictionaryWithDefault
340
13
  0
ACDBPLACEHOLDER
  5
13
330
12
  0
DICTIONARY
  5
14
330
A
100
AcDbDictionary
281
1
  0
DICTIONARY
  5
15
330
A
100
AcDbDictionary
281
1
  0
DICTIONARY
  5
16
330
A
100
AcDbDictionary
281
1
  3
2dWireframe
350
5A
  3
Basic
350
5B
  3
Brighten
350
5C
  3
ColorChange
350
5D
  3
Conceptual
350
5E
  3
Dim
350
5F
  3
EdgeColorOff
350
60
  3
Facepattern
350
61
  3
Flat
350
62
  3
FlatWithEdges
350
63
  3
Gouraud
350
64
  3
GouraudWithEdges
350
65
  3
Hidden
350
66
  3
JitterOff
350
67
  3
Linepattern
350
68
  3
Modeling
350
69
  3
OverhangOff
350
6A
  3
Realistic
350
6B
  3
Shaded
350
6C
  3
Shaded with edges
350
6D
  3
Shades of Gray
350
6E
  3
Sketchy
350
6F
  3
Thicken
350
70
  3
Wireframe
350
71
  3
X-Ray
350
72
  0
LAYOUT
  5
1A
330
D
100
AcDbPlotSettings
  1

  4
A3
  6

 40
7.5
 41
20.0
 42
7.5
 43
20.0
 44
420.0
 45
297.0
 46
0.0
 47
0.0
 48
0.0
 49
0.0
140
0.0
141
0.0
142
1.0
143
1.0
 70
1024
 72
1
 73
0
 74
5
  7

 75
16
 76
0
 77
2
 78
300
147
1.0
148
0.0
149
0.0
100
AcDbLayout
  1
Model
 70
1
 71
0
 10
0.0
 20
0.0
 11
420.0
 21
297.0
 12
0.0
 22
0.0
 32
0.0
 14
1e+20
 24
1e+20
 34
1e+20
 15
-1e+20
 25
-1e+20
 35
-1e+20
146
0.0
 13
0.0
 23
0.0
 33
0.0
 16
1.0
 26
0.0
 36
0.0
 17
0.0
 27
1.0
 37
0.0
 76
1
330
17
  0
LAYOUT
  5
1E
330
D
100
AcDbPlotSettings
  1

  4
A3
  6

 40
7.5
 41
20.0
 42
7.5
 43
20.0
 44
420.0
 45
297.0
 46
0.0
 47
0.0
 48
0.0
 49
0.0
140
0.0
141
0.0
142
1.0
143
1.0
 70
0
 72
1
 73
0
 74
5
  7

 75
16
 76
0
 77
2
 78
300
147
1.0
148
0.0
149
0.0
100
AcDbLayout
  1
Layout1
 70
1
 71
1
 10
0.0
 20
0.0
 11
420.0
 21
297.0
 12
0.0
 22
0.0
 32
0.0
 14
1e+20
 24
1e+20
 34
1e+20
 15
-1e+20
 25
-1e+20
 35
-1e+20
146
0.0
 13
0.0
 23
0.0
 33
0.0
 16
1.0
 26
0.0
 36
0.0
 17
0.0
 27
1.0
 37
0.0
 76
1
330
1B
  0
MATERIAL
  5
1F
102
{ACAD_REACTORS
330
E
102
}
330
E
100
AcDbMaterial
  1
ByBlock
  2

 70
0
 40
1.0
 71
1
 41
1.0
 91
-1023410177
 42
1.0
 72
1
  3

 73
1
 74
1
 75
1
 44
0.5
 73
0
 45
1.0
 46
1.0
 77
1
  4

 78
1
 79
1
170
1
 48
1.0
171
1
  6

172
1
173
1
174
1
140
1.0
141
1.0
175
1
  7

176
1
177
1
178
1
143
1.0
179
1
  8

270
1
271
1
272
1
145
1.0
146
1.0
273
1
  9

274
1
275
1
276
1
 42
1.0
 72
1
  3

 73
1
 74
1
 75
1
 94
63
  0
MATERIAL
  5
20
102
{ACAD_REACTORS
330
E
102
}
330
E
100
AcDbMaterial
  1
ByLayer
  2

 70
0
 40
1.0
 71
1
 41
1.0
 91
-1023410177
 42
1.0
 72
1
  3

 73
1
 74
1
 75
1
 44
0.5
 73
0
 45
1.0
 46
1.0
 77
1
  4

 78
1
 79
1
170
1
 48
1.0
171
1
  6

172
1
173
1
174
1
140
1.0
141
1.0
175
1
  7

176
1
177
1
178
1
143
1.0
179
1
  8

270
1
271
1
272
1
145
1.0
146
1.0
273
1
  9

274
1
275
1
276
1
 42
1.0
 72
1
  3

 73
1
 74
1
 75
1
 94
63
  0
MATERIAL
  5
21
102
{ACAD_REACTORS
330
E
102
}
330
E
100
AcDbMaterial
  1
Global
  2

 70
0
 40
1.0
 71
1
 41
1.0
 91
-1023410177
 42
1.0
 72
1
  3

 73
1
 74
1
 75
1
 44
0.5
 73
0
 45
1.0
 46
1.0
 77
1
  4

 78
1
 79
1
170
1
 48
1.0
171
1
  6

172
1
173
1
174
1
140
1.0
141
1.0
175
1
  7

176
1
177
1
178
1
143
1.0
179
1
  8

270
1
271
1
272
1
145
1.0
146
1.0
273
1
  9

274
1
275
1
276
1
 42
1.0
 72
1
  3

 73
1
 74
1
 75
1
 94
63
  0
MLINESTYLE
  5
22
102
{ACAD_REACTORS
330
10
102
}
330
10
100
AcDbMlineStyle
  2
Standard
 70
0
  3

 62
256
 51
90.0
 52
90.0
 71
2
 49
0.5
 62
256
  6
BYLAYER
 49
-0.5
 62
256
  6
BYLAYER
  0
MLEADERSTYLE
  5
2C
102
{ACAD_REACTORS
330
F
102
}
330
F
100
AcDbMLeaderStyle
179
2
170
2
171
1
172
0
 90
2
 40
0.0
 41
0.0
173
1
 91
-1056964608
 92
-2
290
1
 42
2.0
291
1
 43
8.0
  3
Standard
 44
4.0
300

342
29
174
1
175
1
176
0
178
1
 93
-1056964608
 45
4.0
292
0
297
0
 46
4.0
 94
-1056964608
 47
1.0
 49
1.0
140
1.0
294
1
141
0.0
177
0
142
1.0
295
0
296
0
143
3.75
271
0
272
9
273
9
  0
DICTIONARY
  5
2D
330
A
100
AcDbDictionary
280
1
281
1
  3
CREATED_BY_EZDXF
350
2E
  3
WRITTEN_BY_EZDXF
350
C76
  0
DICTIONARYVAR
  5
2E
330
2D
100
DictionaryVariables
280
0
  1
1.4.4 @ 2026-10-03T04:48:11.790430+00:00
  0
VISUALSTYLE
  5
5A
102
{ACAD_REACTORS
330
16
102
}
330
16
100
AcDbVisualStyle
  2
2dWireframe
 70
4
177
3
291
0
 70
58
 90
2
176
1
 90
2
176
1
 90
0
176
1
 90
0
176
1
 40
0.6
176
1
 40
30.0
176
1
 62
7
420
16777215
176
1
 90
1
176
1
 90
4
176
1
 62
7
176
1
 62
257
176
1
 90
1
176
1
 90
1
176
1
 40
1.0
176
1
 90
8
176
1
 62
7
176
1
 40
1.0
176
1
 90
1
176
1
 90
6
176
1
 90
2
176
1
 62
7
176
1
 90
5
176
1
 90
0
176
1
 90
0
176
1
290
0
176
1
 90
1
176
1
 40
0.0
176
1
 90
0
176
1
290
1
176
1
290
1
176
1
290
0
176
1
290
0
176
1
290
0
176
1
290
0
176
1
290
0
176
1
290
0
176
1
290
0
176
1
 90
50
176
1
 40
0.0
176
1
 40
1.0
176
1
 90
0
176
1
 62
18
420
0
176
1
 90
50
176
1
 90
3
176
1
 62
5
420
255
176
1
290
0
176
1
 90
50
176
1
 90
50
176
1
 90
50
176
1
290
0
176
1
 90
50
176
1
 62
256
176
0
 40
1.0
176
0
 90
2
176
1
  1
strokes_ogs.tif
176
1
290
0
176
1
 40
1.0
176
1
 40
1.0
176
1
  0
VISUALSTYLE
  5
5B
102
{ACAD_REACTORS
330
16
102
}
330
16
100
AcDbVisualStyle
  2
Basic
 70
7
177
3
291
1
 70
58
 90
2
176
1
 90
2
176
1
 90
0
176
1
 90
1
176
1
 40
0.6
176
1
 40
30.0
176
1
 62
7
420
16777215
176
1
 90
1
176
1
 90
4
176
1
 62
7
176
1
 62
257
176
1
 90
1
176
1
 90
1
176
1
 40
1.0
176
1
 90
8
176
1
 62
7
176
1
 40
1.0
176
1
 90
1
176
1
 90
6
176
1
 90
2
176
1
 62
7
176
1
 90
5
176
1
 90
0
176
1
 90
0
176
1
290
0
176
1
 90
1
176
1
 40
0.0
176
1
 90
0
176
1
290
0
176
1
290
1
176
1
290
1
176
1
290
0
176
1
290
0
176
1
290
0
176
1
290
0
176
1
290
0
176
1
290
0
176
1
 90
50
176
1
 40
0.0
176
1
 40
1.0
176
1
 90
0
176
1
 62
18
420
0
176
1
 90
50
176
1
 90
3
176
1
 62
5
420
255
176
1
290
0
176
1
 90
50
176
1
 90
50
176
1
 90
50
176
1
290
0
176
1
 90
50
176
1
 62
256
176
0
 40
1.0
176
0
 90
2
176
1
  1
strokes_ogs.tif
176
1
290
0
176
1
 40
1.0
176
1
 40
1.0
176
1
  0
VISUALSTYLE
  5
5C
102
{ACAD_REACTORS
330
16
102
}
330
16
100
AcDbVisualStyle
  2
Brighten
 70
12
177
3
291
1
 70
58
 90
2
176
1
 90
2
176
1
 90
0
176
1
 90
2
176
1
 40
0.6
176
1
 40
30.0
176
1
 62
7
420
16777215
176
1
 90
1
176
1
 90
4
176
1
 62
7
176
1
 62
257
176
1
 90
1
176
1
 90
1
176
1
 40
1.0
176
1
 90
8
176
1
 62
7
176
1
 40
1.0
176
1
 90
1
176
1
 90
6
176
1
 90
2
176
1
 62
7
176
1
 90
5
176
1
 90
0
176
1
 90
0
176
1
290
0
176
1
 90
1
176
1
 40
0.0
176
1
 90
0
176
1
290
0
176
1
290
1
176
1
290
1
176
1
290
0
176
1
290
0
176
1
290
0
176
1
290
0
176
1
290
0
176
1
290
0
176
1
 90
50
176
1
 40
0.0
176
1
 40
1.0
176
1
 90
0
176
1
 62
18
420
0
176
1
 90
50
176
1
 90
3
176
1
 62
5
420
255
176
1
290
0
176
1
 90
50
176
1
 90
50
176
1
 90
50
176
1
290
0
176
1
 90
50
176
1
 62
256
176
0
 40
1.0
176
0
 90
2
176
1
  1
strokes_ogs.tif
176
1
290
0
176
1
 40
1.0
176
1
 40
1.0
176
1
  0
VISUALSTYLE
  5
5D
102
{ACAD_REACTORS
330
16
102
}
330
16
100
AcDbVisualStyle
  2
ColorChange
 70
16
177
3
291
1
 70
58
 90
2
176
1
 90
2
176
1
 90
0
176
1
 90
2
176
1
 40
0.6
176
1
 40
30.0
176
1
 62
7
420
16777215
176
1
 90
1
176
1
 90
4
176
1
 62
7
176
1
 62
257
176
1
 90
1
176
1
 90
1
176
1
 40
1.0
176
1
 90
8
176
1
 62
7
176
1
 40
1.0
176
1
 90
1
176
1
 90
6
176
1
 90
2
176
1
 62
7
176
1
 90
5
176
1
 90
0
176
1
 90
0
176
1
290
0
176
1
 90
1
176
1
 40
0.0
176
1
 90
0
176
1
290
0
176
1
290
1
176
1
290
1
176
1
290
0
176
1
290
0
176
1
290
0
176
1
290
0
176
1
290
0
176
1
290
0
176
1
 90
50
176
1
 40
0.0
176
1
 40
1.0
176
1
 90
0
176
1
 62
18
420
0
176
1
 90
50
176
1
 90
3
176
1
 62
5
420
255
176
1
290
0
176
1
 90
50
176
1
 90
50
176
1
 90
50
176
1
290
0
176
1
 90
50
176
1
 62
256
176
0
 40
1.0
176
0
 90
2
176
1
  1
strokes_ogs.tif
176
1
290
0
176
1
 40
1.0
176
1
 40
1.0
176
1
  0
VISUALSTYLE
  5
5E
102
{ACAD_REACTORS
330
16
102
}
330
16
100
AcDbVisualStyle
  2
Conceptual
 70
9
177
3
291
0
 70
58
 90
2
176
1
 90
2
176
1
 90
0
176
1
 90
3
176
1
 40
0.6
176
1
 40
30.0
176
1
 62
7
420
16777215
176
1
 90
1
176
1
 90
4
176
1
 62
7
176
1
 62
257
176
1
 90
1
176
1
 90
1
176
1
 40
1.0
176
1
 90
8
176
1
 62
7
176
1
 40
1.0
176
1
 90
1
176
1
 90
6
176
1
 90
2
176
1
 62
7
176
1
 90
5
176
1
 90
0
176
1
 90
0
176
1
290
0
176
1
 90
1
176
1
 40
0.0
176
1
 90
0
176
1
290
0
176
1
290
1
176
1
290
1
176
1
290
0
176
1
290
0
176
1
290
0
176
1
290
0
176
1
290
0
176
1
290
0
176
1
 90
50
176
1
 40
0.0
176
1
 40
1.0
176
1
 90
0
176
1
 62
18
420
0
176
1
 90
50
176
1
 90
3
176
1
 62
5
420
255
176
1
290
0
176
1
 90
50
176
1
 90
50
176
1
 90
50
176
1
290
0
176
1
 90
50
176
1
 62
256
176
0
 40
1.0
176
0
 90
2
176
1
  1
strokes_ogs.tif
176
1
290
0
176
1
 40
1.0
176
1
 40
1.0
176
1
  0
VISUALSTYLE
  5
5F
102
{ACAD_REACTORS
330
16
102
}
330
16
100
AcDbVisualStyle
  2
Dim
 70
11
177
3
291
1
 70
58
 90
2
176
1
 90
2
176
1
 90
0
176
1
 90
2
176
1
 40
0.6
176
1
 40
30.0
176
1
 62
7
420
16777215
176
1
 90
1
176
1
 90
4
176
1
 62
7
176
1
 62
257
176
1
 90
1
176
1
 90
1
176
1
 40
1.0
176
1
 90
8
176
1
 62
7
176
1
 40
1.0
176
1
 90
1
176
1
 90
6
176
1
 90
2
176
1
 62
7
176
1
 90
5
176
1
 90
0
176
1
 90
0
176
1
290
0
176
1
 90
1
176
1
 40
0.0
176
1
 90
0
176
1
290
0
176
1
290
1
176
1
290
1
176
1
290
0
176
1
290
0
176
1
290
0
176
1
290
0
176
1
290
0
176
1
290
0
176
1
 90
50
176
1
 40
0.0
176
1
 40
1.0
176
1
 90
0
176
1
 62
18
420
0
176
1
 90
50
176
1
 90
3
176
1
 62
5
420
255
176
1
290
0
176
1
 90
50
176
1
 90
50
176
1
 90
50
176
1
290
0
176
1
 90
50
176
1
 62
256
176
0
 40
1.0
176
0
 90
2
176
1
  1
strokes_ogs.tif
176
1
290
0
176
1
 40
1.0
176
1
 40
1.0
176
1
  0
VISUALSTYLE
  5
60
102
{ACAD_REACTORS
330
16
102
}
330
16
100
AcDbVisualStyle
  2
EdgeColorOff
 70
22
177
3
291
1
 70
58
 90
2
176
1
 90
2
176
1
 90
0
176
1
 90
2
176
1
 40
0.6
176
1
 40
30.0
176
1
 62
7
420
16777215
176
1
 90
1
176
1
 90
4
176
1
 62
7
176
1
 62
257
176
1
 90
1
176
1
 90
1
176
1
 40
1.0
176
1
 90
8
176
1
 62
7
176
1
 40
1.0
176
1
 90
1
176
1
 90
6
176
1
 90
2
176
1
 62
7
176
1
 90
5
176
1
 90
0
176
1
 90
0
176
1
290
0
176
1
 90
1
176
1
 40
0.0
176
1
 90
0
176
1
290
0
176
1
290
1
176
1
290
1
176
1
290
0
176
1
290
0
176
1
290
0
176
1
290
0
176
1
290
0
176
1
290
0
176
1
 90
50
176
1
 40
0.0
176
1
 40
1.0
176
1
 90
0
176
1
 62
18
420
0
176
1
 90
50
176
1
 90
3
176
1
 62
5
420
255
176
1
290
0
176
1
 90
50
176
1
 90
50
176
1
 90
50
176
1
290
0
176
1
 90
50
176
1
 62
256
176
0
 40
1.0
176
0
 90
2
176
1
  1
strokes_ogs.tif
176
1
290
0
176
1
 40
1.0
176
1
 40
1.0
176
1
  0
VISUALSTYLE
  5
61
102
{ACAD_REACTORS
330
16
102
}
330
16
100
AcDbVisualStyle
  2
Facepattern
 70
15
177
3
291
1
 70
58
 90
2
176
1
 90
2
176
1
 90
0
176
1
 90
2
176
1
 40
0.6
176
1
 40
30.0
176
1
 62
7
420
16777215
176
1
 90
1
176
1
 90
4
176
1
 62
7
176
1
 62
257
176
1
 90
1
176
1
 90
1
176
1
 40
1.0
176
1
 90
8
176
1
 62
7
176
1
 40
1.0
176
1
 90
1
176
1
 90
6
176
1
 90
2
176
1
 62
7
176
1
 90
5
176
1
 90
0
176
1
 90
0
176
1
290
0
176
1
 90
1
176
1
 40
0.0
176
1
 90
0
176
1
290
0
176
1
290
1
176
1
290
1
176
1
290
0
176
1
290
0
176
1
290
0
176
1
290
0
176
1
290
0
176
1
290
0
176
1
 90
50
176
1
 40
0.0
176
1
 40
1.0
176
1
 90
0
176
1
 62
18
420
0
176
1
 90
50
176
1
 90
3
176
1
 62
5
420
255
176
1
290
0
176
1
 90
50
176
1
 90
50
176
1
 90
50
176
1
290
0
176
1
 90
50
176
1
 62
256
176
0
 40
1.0
176
0
 90
2
176
1
  1
strokes_ogs.tif
176
1
290
0
176
1
 40
1.0
176
1
 40
1.0
176
1
  0
VISUALSTYLE
  5
62
102
{ACAD_REACTORS
330
16
102
}
330
16
100
AcDbVisualStyle
  2
Flat
 70
0
177
3
291
1
 70
58
 90
2
176
1
 90
2
176
1
 90
0
176
1
 90
2
176
1
 40
0.6
176
1
 40
30.0
176
1
 62
7
420
16777215
176
1
 90
1
176
1
 90
4
176
1
 62
7
176
1
 62
257
176
1
 90
1
176
1
 90
1
176
1
 40
1.0
176
1
 90
8
176
1
 62
7
176
1
 40
1.0
176
1
 90
1
176
1
 90
6
176
1
 90
2
176
1
 62
7
176
1
 90
5
176
1
 90
0
176
1
 90
0
176
1
290
0
176
1
 90
1
176
1
 40
0.0
176
1
 90
0
176
1
290
0
176
1
290
1
176
1
290
1
176
1
290
0
176
1
290
0
176
1
290
0
176
1
290
0
176
1
290
0
176
1
290
0
176
1
 90
50
176
1
 40
0.0
176
1
 40
1.0
176
1
 90
0
176
1
 62
18
420
0
176
1
 90
50
176
1
 90
3
176
1
 62
5
420
255
176
1
290
0
176
1
 90
50
176
1
 90
50
176
1
 90
50
176
1
290
0
176
1
 90
50
176
1
 62
256
176
0
 40
1.0
176
0
 90
2
176
1
  1
strokes_ogs.tif
176
1
290
0
176
1
 40
1.0
176
1
 40
1.0
176
1
  0
VISUALSTYLE
  5
63
102
{ACAD_REACTORS
330
16
102
}
330
16
100
AcDbVisualStyle
  2
FlatWithEdges
 70
1
177
3
291
1
 70
58
 90
2
176
1
 90
2
176
1
 90
0
176
1
 90
2
176
1
 40
0.6
176
1
 40
30.0
176
1
 62
7
420
16777215
176
1
 90
1
176
1
 90
4
176
1
 62
7
176
1
 62
257
176
1
 90
1
176
1
 90
1
176
1
 40
1.0
176
1
 90
8
176
1
 62
7
176
1
 40
1.0
176
1
 90
1
176
1
 90
6
176
1
 90
2
176
1
 62
7
176
1
 90
5
176
1
 90
0
176
1
 90
0
176
1
290
0
176
1
 90
1
176
1
 40
0.0
176
1
 90
0
176
1
290
0
176
1
290
1
176
1
290
1
176
1
290
0
176
1
290
0
176
1
290
0
176
1
290
0
176
1
290
0
176
1
290
0
176
1
 90
50
176
1
 40
0.0
176
1
 40
1.0
176
1
 90
0
176
1
 62
18
420
0
176
1
 90
50
176
1
 90
3
176
1
 62
5
420
255
176
1
290
0
176
1
 90
50
176
1
 90
50
176
1
 90
50
176
1
290
0
176
1
 90
50
176
1
 62
256
176
0
 40
1.0
176
0
 90
2
176
1
  1
strokes_ogs.tif
176
1
290
0
176
1
 40
1.0
176
1
 40
1.0
176
1
  0
VISUALSTYLE
  5
64
102
{ACAD_REACTORS
330
16
102
}
330
16
100
AcDbVisualStyle
  2
Gouraud
 70
2
177
3
291
1
 70
58
 90
2
176
1
 90
2
176
1
 90
0
176
1
 90
2
176
1
 40
0.6
176
1
 40
30.0
176
1
 62
7
420
16777215
176
1
 90
1
176
1
 90
4
176
1
 62
7
176
1
 62
257
176
1
 90
1
176
1
 90
1
176
1
 40
1.0
176
1
 90
8
176
1
 62
7
176
1
 40
1.0
176
1
 90
1
176
1
 90
6
176
1
 90
2
176
1
 62
7
176
1
 90
5
176
1
 90
0
176
1
 90
0
176
1
290
0
176
1
 90
1
176
1
 40
0.0
176
1
 90
0
176
1
290
0
176
1
290
1
176
1
290
1
176
1
290
0
176
1
290
0
176
1
290
0
176
1
290
0
176
1
290
0
176
1
290
0
176
1
 90
50
176
1
 40
0.0
176
1
 40
1.0
176
1
 90
0
176
1
 62
18
420
0
176
1
 90
50
176
1
 90
3
176
1
 62
5
420
255
176
1
290
0
176
1
 90
50
176
1
 90
50
176
1
 90
50
176
1
290
0
176
1
 90
50
176
1
 62
256
176
0
 40
1.0
176
0
 90
2
176
1
  1
strokes_ogs.tif
176
1
290
0
176
1
 40
1.0
176
1
 40
1.0
176
1
  0
VISUALSTYLE
  5
65
102
{ACAD_REACTORS
330
16
102
}
330
16
100
AcDbVisualStyle
  2
GouraudWithEdges
 70
3
177
3
291
1
 70
58
 90
2
176
1
 90
2
176
1
 90
0
176
1
 90
2
176
1
 40
0.6
176
1
 40
30.0
176
1
 62
7
420
16777215
176
1
 90
1
176
1
 90
4
176
1
 62
7
176
1
 62
257
176
1
 90
1
176
1
 90
1
176
1
 40
1.0
176
1
 90
8
176
1
 62
7
176
1
 40
1.0
176
1
 90
1
176
1
 90
6
176
1
 90
2
176
1
 62
7
176
1
 90
5
176
1
 90
0
176
1
 90
0
176
1
290
0
176
1
 90
1
176
1
 40
0.0
176
1
 90
0
176
1
290
0
176
1
290
1
176
1
290
1
176
1
290
0
176
1
290
0
176
1
290
0
176
1
290
0
176
1
290
0
176
1
290
0
176
1
 90
50
176
1
 40
0.0
176
1
 40
1.0
176
1
 90
0
176
1
 62
18
420
0
176
1
 90
50
176
1
 90
3
176
1
 62
5
420
255
176
1
290
0
176
1
 90
50
176
1
 90
50
176
1
 90
50
176
1
290
0
176
1
 90
50
176
1
 62
256
176
0
 40
1.0
176
0
 90
2
176
1
  1
strokes_ogs.tif
176
1
290
0
176
1
 40
1.0
176
1
 40
1.0
176
1
  0
VISUALSTYLE
  5
66
102
{ACAD_REACTORS
330
16
102
}
330
16
100
AcDbVisualStyle
  2
Hidden
 70
6
177
3
291
0
 70
58
 90
2
176
1
 90
2
176
1
 90
0
176
1
 90
1
176
1
 40
0.6
176
1
 40
30.0
176
1
 62
7
420
16777215
176
1
 90
1
176
1
 90
4
176
1
 62
7
176
1
 62
257
176
1
 90
1
176
1
 90
1
176
1
 40
1.0
176
1
 90
8
176
1
 62
7
176
1
 40
1.0
176
1
 90
1
176
1
 90
6
176
1
 90
2
176
1
 62
7
176
1
 90
5
176
1
 90
0
176
1
 90
0
176
1
290
0
176
1
 90
1
176
1
 40
0.0
176
1
 90
0
176
1
290
0
176
1
290
1
176
1
290
1
176
1
290
0
176
1
290
0
176
1
290
0
176
1
290
0
176
1
290
0
176
1
290
0
176
1
 90
50
176
1
 40
0.0
176
1
 40
1.0
176
1
 90
0
176
1
 62
18
420
0
176
1
 90
50
176
1
 90
3
176
1
 62
5
420
255
176
1
290
0
176
1
 90
50
176
1
 90
50
176
1
 90
50
176
1
290
0
176
1
 90
50
176
1
 62
256
176
0
 40
1.0
176
0
 90
2
176
1
  1
strokes_ogs.tif
176
1
290
0
176
1
 40
1.0
176
1
 40
1.0
176
1
  0
VISUALSTYLE
  5
67
102
{ACAD_REACTORS
330
16
102
}
330
16
100
AcDbVisualStyle
  2
JitterOff
 70
20
177
3
291
1
 70
58
 90
2
176
1
 90
2
176
1
 90
0
176
1
 90
2
176
1
 40
0.6
176
1
 40
30.0
176
1
 62
7
420
16777215
176
1
 90
1
176
1
 90
4
176
1
 62
7
176
1
 62
257
176
1
 90
1
176
1
 90
1
176
1
 40
1.0
176
1
 90
8
176
1
 62
7
176
1
 40
1.0
176
1
 90
1
176
1
 90
6
176
1
 90
2
176
1
 62
7
176
1
 90
5
176
1
 90
0
176
1
 90
0
176
1
290
0
176
1
 90
1
176
1
 40
0.0
176
1
 90
0
176
1
290
0
176
1
290
1
176
1
290
1
176
1
290
0
176
1
290
0
176
1
290
0
176
1
290
0
176
1
290
0
176
1
290
0
176
1
 90
50
176
1
 40
0.0
176
1
 40
1.0
176
1
 90
0
176
1
 62
18
420
0
176
1
 90
50
176
1
 90
3
176
1
 62
5
420
255
176
1
290
0
176
1
 90
50
176
1
 90
50
176
1
 90
50
176
1
290
0
176
1
 90
50
176
1
 62
256
176
0
 40
1.0
176
0
 90
2
176
1
  1
strokes_ogs.tif
176
1
290
0
176
1
 40
1.0
176
1
 40
1.0
176
1
  0
VISUALSTYLE
  5
68
102
{ACAD_REACTORS
330
16
102
}
330
16
100
AcDbVisualStyle
  2
Linepattern
 70
14
177
3
291
1
 70
58
 90
2
176
1
 90
2
176
1
 90
0
176
1
 90
2
176
1
 40
0.6
176
1
 40
30.0
176
1
 62
7
420
16777215
176
1
 90
1
176
1
 90
4
176
1
 62
7
176
1
 62
257
176
1
 90
1
176
1
 90
1
176
1
 40
1.0
176
1
 90
8
176
1
 62
7
176
1
 40
1.0
176
1
 90
1
176
1
 90
6
176
1
 90
2
176
1
 62
7
176
1
 90
5
176
1
 90
0
176
1
 90
0
176
1
290
0
176
1
 90
1
176
1
 40
0.0
176
1
 90
0
176
1
290
0
176
1
290
1
176
1
290
1
176
1
290
0
176
1
290
0
176
1
290
0
176
1
290
0
176
1
290
0
176
1
290
0
176
1
 90
50
176
1
 40
0.0
176
1
 40
1.0
176
1
 90
0
176
1
 62
18
420
0
176
1
 90
50
176
1
 90
3
176
1
 62
5
420
255
176
1
290
0
176
1
 90
50
176
1
 90
50
176
1
 90
50
176
1
290
0
176
1
 90
50
176
1
 62
256
176
0
 40
1.0
176
0
 90
2
176
1
  1
strokes_ogs.tif
176
1
290
0
176
1
 40
1.0
176
1
 40
1.0
176
1
  0
VISUALSTYLE
  5
69
102
{ACAD_REACTORS
330
16
102
}
330
16
100
AcDbVisualStyle
  2
Modeling
 70
10
177
3
291
0
 70
58
 90
2
176
1
 90
2
176
1
 90
0
176
1
 90
2
176
1
 40
0.6
176
1
 40
30.0
176
1
 62
7
420
16777215
176
1
 90
1
176
1
 90
4
176
1
 62
7
176
1
 62
257
176
1
 90
1
176
1
 90
1
176
1
 40
1.0
176
1
 90
8
176
1
 62
7
176
1
 40
1.0
176
1
 90
1
176
1
 90
6
176
1
 90
2
176
1
 62
7
176
1
 90
5
176
1
 90
0
176
1
 90
0
176
1
290
0
176
1
 90
1
176
1
 40
0.0
176
1
 90
0
176
1
290
0
176
1
290
1
176
1
290
1
176
1
290
0
176
1
290
0
176
1
290
0
176
1
290
0
176
1
290
0
176
1
290
0
176
1
 90
50
176
1
 40
0.0
176
1
 40
1.0
176
1
 90
0
176
1
 62
18
420
0
176
1
 90
50
176
1
 90
3
176
1
 62
5
420
255
176
1
290
0
176
1
 90
50
176
1
 90
50
176
1
 90
50
176
1
290
0
176
1
 90
50
176
1
 62
256
176
0
 40
1.0
176
0
 90
2
176
1
  1
strokes_ogs.tif
176
1
290
0
176
1
 40
1.0
176
1
 40
1.0
176
1
  0
VISUALSTYLE
  5
6A
102
{ACAD_REACTORS
330
16
102
}
330
16
100
AcDbVisualStyle
  2
OverhangOff
 70
21
177
3
291
1
 70
58
 90
2
176
1
 90
2
176
1
 90
0
176
1
 90
2
176
1
 40
0.6
176
1
 40
30.0
176
1
 62
7
420
16777215
176
1
 90
1
176
1
 90
4
176
1
 62
7
176
1
 62
257
176
1
 90
1
176
1
 90
1
176
1
 40
1.0
176
1
 90
8
176
1
 62
7
176
1
 40
1.0
176
1
 90
1
176
1
 90
6
176
1
 90
2
176
1
 62
7
176
1
 90
5
176
1
 90
0
176
1
 90
0
176
1
290
0
176
1
 90
1
176
1
 40
0.0
176
1
 90
0
176
1
290
0
176
1
290
1
176
1
290
1
176
1
290
0
176
1
290
0
176
1
290
0
176
1
290
0
176
1
290
0
176
1
290
0
176
1
 90
50
176
1
 40
0.0
176
1
 40
1.0
176
1
 90
0
176
1
 62
18
420
0
176
1
 90
50
176
1
 90
3
176
1
 62
5
420
255
176
1
290
0
176
1
 90
50
176
1
 90
50
176
1
 90
50
176
1
290
0
176
1
 90
50
176
1
 62
256
176
0
 40
1.0
176
0
 90
2
176
1
  1
strokes_ogs.tif
176
1
290
0
176
1
 40
1.0
176
1
 40
1.0
176
1
  0
VISUALSTYLE
  5
6B
102
{ACAD_REACTORS
330
16
102
}
330
16
100
AcDbVisualStyle
  2
Realistic
 70
8
177
3
291
0
 70
58
 90
2
176
1
 90
2
176
1
 90
0
176
1
 90
2
176
1
 40
0.6
176
1
 40
30.0
176
1
 62
7
420
16777215
176
1
 90
1
176
1
 90
4
176
1
 62
7
176
1
 62
257
176
1
 90
1
176
1
 90
1
176
1
 40
1.0
176
1
 90
8
176
1
 62
7
176
1
 40
1.0
176
1
 90
1
176
1
 90
6
176
1
 90
2
176
1
 62
7
176
1
 90
5
176
1
 90
0
176
1
 90
0
176
1
290
0
176
1
 90
1
176
1
 40
0.0
176
1
 90
0
176
1
290
0
176
1
290
1
176
1
290
1
176
1
290
0
176
1
290
0
176
1
290
0
176
1
290
0
176
1
290
0
176
1
290
0
176
1
 90
50
176
1
 40
0.0
176
1
 40
1.0
176
1
 90
0
176
1
 62
18
420
0
176
1
 90
50
176
1
 90
3
176
1
 62
5
420
255
176
1
290
0
176
1
 90
50
176
1
 90
50
176
1
 90
50
176
1
290
0
176
1
 90
50
176
1
 62
256
176
0
 40
1.0
176
0
 90
2
176
1
  1
strokes_ogs.tif
176
1
290
0
176
1
 40
1.0
176
1
 40
1.0
176
1
  0
VISUALSTYLE
  5
6C
102
{ACAD_REACTORS
330
16
102
}
330
16
100
AcDbVisualStyle
  2
Shaded
 70
27
177
3
291
0
 70
58
 90
2
176
1
 90
2
176
1
 90
0
176
1
 90
2
176
1
 40
0.6
176
1
 40
30.0
176
1
 62
7
420
16777215
176
1
 90
1
176
1
 90
4
176
1
 62
7
176
1
 62
257
176
1
 90
1
176
1
 90
1
176
1
 40
1.0
176
1
 90
8
176
1
 62
7
176
1
 40
1.0
176
1
 90
1
176
1
 90
6
176
1
 90
2
176
1
 62
7
176
1
 90
5
176
1
 90
0
176
1
 90
0
176
1
290
0
176
1
 90
1
176
1
 40
0.0
176
1
 90
0
176
1
290
0
176
1
290
1
176
1
290
1
176
1
290
0
176
1
290
0
176
1
290
0
176
1
290
0
176
1
290
0
176
1
290
0
176
1
 90
50
176
1
 40
0.0
176
1
 40
1.0
176
1
 90
0
176
1
 62
18
420
0
176
1
 90
50
176
1
 90
3
176
1
 62
5
420
255
176
1
290
0
176
1
 90
50
176
1
 90
50
176
1
 90
50
176
1
290
0
176
1
 90
50
176
1
 62
256
176
0
 40
1.0
176
0
 90
2
176
1
  1
strokes_ogs.tif
176
1
290
0
176
1
 40
1.0
176
1
 40
1.0
176
1
  0
VISUALSTYLE
  5
6D
102
{ACAD_REACTORS
330
16
102
}
330
16
100
AcDbVisualStyle
  2
Shaded with edges
 70
26
177
3
291
0
 70
58
 90
2
176
1
 90
2
176
1
 90
0
176
1
 90
2
176
1
 40
0.6
176
1
 40
30.0
176
1
 62
7
420
16777215
176
1
 90
1
176
1
 90
4
176
1
 62
7
176
1
 62
257
176
1
 90
1
176
1
 90
1
176
1
 40
1.0
176
1
 90
8
176
1
 62
7
176
1
 40
1.0
176
1
 90
1
176
1
 90
6
176
1
 90
2
176
1
 62
7
176
1
 90
5
176
1
 90
0
176
1
 90
0
176
1
290
0
176
1
 90
1
176
1
 40
0.0
176
1
 90
0
176
1
290
0
176
1
290
1
176
1
290
1
176
1
290
0
176
1
290
0
176
1
290
0
176
1
290
0
176
1
290
0
176
1
290
0
176
1
 90
50
176
1
 40
0.0
176
1
 40
1.0
176
1
 90
0
176
1
 62
18
420
0
176
1
 90
50
176
1
 90
3
176
1
 62
5
420
255
176
1
290
0
176
1
 90
50
176
1
 90
50
176
1
 90
50
176
1
290
0
176
1
 90
50
176
1
 62
256
176
0
 40
1.0
176
0
 90
2
176
1
  1
strokes_ogs.tif
176
1
290
0
176
1
 40
1.0
176
1
 40
1.0
176
1
  0
VISUALSTYLE
  5
6E
102
{ACAD_REACTORS
330
16
102
}
330
16
100
AcDbVisualStyle
  2
Shades of Gray
 70
23
177
3
291
0
 70
58
 90
2
176
1
 90
2
176
1
 90
0
176
1
 90
2
176
1
 40
0.6
176
1
 40
30.0
176
1
 62
7
420
16777215
176
1
 90
1
176
1
 90
4
176
1
 62
7
176
1
 62
257
176
1
 90
1
176
1
 90
1
176
1
 40
1.0
176
1
 90
8
176
1
 62
7
176
1
 40
1.0
176
1
 90
1
176
1
 90
6
176
1
 90
2
176
1
 62
7
176
1
 90
5
176
1
 90
0
176
1
 90
0
176
1
290
0
176
1
 90
1
176
1
 40
0.0
176
1
 90
0
176
1
290
0
176
1
290
1
176
1
290
1
176
1
290
0
176
1
290
0
176
1
290
0
176
1
290
0
176
1
290
0
176
1
290
0
176
1
 90
50
176
1
 40
0.0
176
1
 40
1.0
176
1
 90
0
176
1
 62
18
420
0
176
1
 90
50
176
1
 90
3
176
1
 62
5
420
255
176
1
290
0
176
1
 90
50
176
1
 90
50
176
1
 90
50
176
1
290
0
176
1
 90
50
176
1
 62
256
176
0
 40
1.0
176
0
 90
2
176
1
  1
strokes_ogs.tif
176
1
290
0
176
1
 40
1.0
176
1
 40
1.0
176
1
  0
VISUALSTYLE
  5
6F
102
{ACAD_REACTORS
330
16
102
}
330
16
100
AcDbVisualStyle
  2
Sketchy
 70
24
177
3
291
0
 70
58
 90
2
176
1
 90
2
176
1
 90
0
176
1
 90
1
176
1
 40
0.6
176
1
 40
30.0
176
1
 62
7
420
16777215
176
1
 90
1
176
1
 90
4
176
1
 62
7
176
1
 62
257
176
1
 90
1
176
1
 90
1
176
1
 40
1.0
176
1
 90
8
176
1
 62
7
176
1
 40
1.0
176
1
 90
1
176
1
 90
6
176
1
 90
2
176
1
 62
7
176
1
 90
5
176
1
 90
0
176
1
 90
0
176
1
290
0
176
1
 90
1
176
1
 40
0.0
176
1
 90
0
176
1
290
0
176
1
290
1
176
1
290
1
176
1
290
0
176
1
290
0
176
1
290
0
176
1
290
0
176
1
290
0
176
1
290
0
176
1
 90
50
176
1
 40
0.0
176
1
 40
1.0
176
1
 90
0
176
1
 62
18
420
0
176
1
 90
50
176
1
 90
3
176
1
 62
5
420
255
176
1
290
0
176
1
 90
50
176
1
 90
50
176
1
 90
50
176
1
290
0
176
1
 90
50
176
1
 62
256
176
0
 40
1.0
176
0
 90
2
176
1
  1
strokes_ogs.tif
176
1
290
0
176
1
 40
1.0
176
1
 40
1.0
176
1
  0
VISUALSTYLE
  5
70
102
{ACAD_REACTORS
330
16
102
}
330
16
100
AcDbVisualStyle
  2
Thicken
 70
13
177
3
291
1
 70
58
 90
2
176
1
 90
2
176
1
 90
0
176
1
 90
2
176
1
 40
0.6
176
1
 40
30.0
176
1
 62
7
420
16777215
176
1
 90
1
176
1
 90
4
176
1
 62
7
176
1
 62
257
176
1
 90
1
176
1
 90
1
176
1
 40
1.0
176
1
 90
8
176
1
 62
7
176
1
 40
1.0
176
1
 90
1
176
1
 90
6
176
1
 90
2
176
1
 62
7
176
1
 90
5
176
1
 90
0
176
1
 90
0
176
1
290
0
176
1
 90
1
176
1
 40
0.0
176
1
 90
0
176
1
290
0
176
1
290
1
176
1
290
1
176
1
290
0
176
1
290
0
176
1
290
0
176
1
290
0
176
1
290
0
176
1
290
0
176
1
 90
50
176
1
 40
0.0
176
1
 40
1.0
176
1
 90
0
176
1
 62
18
420
0
176
1
 90
50
176
1
 90
3
176
1
 62
5
420
255
176
1
290
0
176
1
 90
50
176
1
 90
50
176
1
 90
50
176
1
290
0
176
1
 90
50
176
1
 62
256
176
0
 40
1.0
176
0
 90
2
176
1
  1
strokes_ogs.tif
176
1
290
0
176
1
 40
1.0
176
1
 40
1.0
176
1
  0
VISUALSTYLE
  5
71
102
{ACAD_REACTORS
330
16
102
}
330
16
100
AcDbVisualStyle
  2
Wireframe
 70
5
177
3
291
0
 70
58
 90
2
176
1
 90
2
176
1
 90
0
176
1
 90
0
176
1
 40
0.6
176
1
 40
30.0
176
1
 62
7
420
16777215
176
1
 90
1
176
1
 90
4
176
1
 62
7
176
1
 62
257
176
1
 90
1
176
1
 90
1
176
1
 40
1.0
176
1
 90
8
176
1
 62
7
176
1
 40
1.0
176
1
 90
1
176
1
 90
6
176
1
 90
2
176
1
 62
7
176
1
 90
5
176
1
 90
0
176
1
 90
0
176
1
290
0
176
1
 90
1
176
1
 40
0.0
176
1
 90
0
176
1
290
0
176
1
290
1
176
1
290
1
176
1
290
0
176
1
290
0
176
1
290
0
176
1
290
0
176
1
290
0
176
1
290
0
176
1
 90
50
176
1
 40
0.0
176
1
 40
1.0
176
1
 90
0
176
1
 62
18
420
0
176
1
 90
50
176
1
 90
3
176
1
 62
5
420
255
176
1
290
0
176
1
 90
50
176
1
 90
50
176
1
 90
50
176
1
290
0
176
1
 90
50
176
1
 62
256
176
0
 40
1.0
176
0
 90
2
176
1
  1
strokes_ogs.tif
176
1
290
0
176
1
 40
1.0
176
1
 40
1.0
176
1
  0
VISUALSTYLE
  5
72
102
{ACAD_REACTORS
330
16
102
}
330
16
100
AcDbVisualStyle
  2
X-Ray
 70
25
177
3
291
0
 70
58
 90
2
176
1
 90
2
176
1
 90
0
176
1
 90
2
176
1
 40
0.5
176
1
 40
30.0
176
1
 62
7
420
16777215
176
1
 90
1
176
1
 90
4
176
1
 62
7
176
1
 62
257
176
1
 90
1
176
1
 90
1
176
1
 40
1.0
176
1
 90
8
176
1
 62
7
176
1
 40
1.0
176
1
 90
1
176
1
 90
6
176
1
 90
2
176
1
 62
7
176
1
 90
5
176
1
 90
0
176
1
 90
0
176
1
290
0
176
1
 90
1
176
1
 40
0.0
176
1
 90
0
176
1
290
0
176
1
290
1
176
1
290
1
176
1
290
0
176
1
290
0
176
1
290
0
176
1
290
0
176
1
290
0
176
1
290
0
176
1
 90
50
176
1
 40
0.0
176
1
 40
1.0
176
1
 90
0
176
1
 62
18
420
0
176
1
 90
50
176
1
 90
3
176
1
 62
5
420
255
176
1
290
0
176
1
 90
50
176
1
 90
50
176
1
 90
50
176
1
290
0
176
1
 90
50
176
1
 62
256
176
0
 40
1.0
176
0
 90
2
176
1
  1
strokes_ogs.tif
176
1
290
0
176
1
 40
1.0
176
1
 40
1.0
176
1
  0
DICTIONARYVAR
  5
C76
330
2D
100
DictionaryVariables
280
0
  1
1.4.4 @ 2026-10-03T04:48:11.945760+00:00
  0
ENDSEC
  0
EOF
