key,value
Riyadh.quantiles.setpoint_pct[0],7.9
Riyadh.quantiles.setpoint_pct[1],10.75
Riyadh.quantiles.setpoint_pct[2],13.4
Riyadh.quantiles.envelope_pct[0],49.54
Riyadh.quantiles.envelope_pct[1],54.25
Riyadh.quantiles.envelope_pct[2],60.29
Riyadh.quantiles.inverter_pct[0],8.74
Riyadh.quantiles.inverter_pct[1],14.6
Riyadh.quantiles.inverter_pct[2],19.93
Riyadh.quantiles.best_precool_pct[0],0.0
Riyadh.quantiles.best_precool_pct[1],0.0
Riyadh.quantiles.best_precool_pct[2],0.0
Riyadh.quantiles.prepeak2_pct[0],1.67
Riyadh.quantiles.prepeak2_pct[1],2.54
Riyadh.quantiles.prepeak2_pct[2],4.33
Riyadh.quantiles.night2_pct[0],2.34
Riyadh.quantiles.night2_pct[1],4.51
Riyadh.quantiles.night2_pct[2],6.87
Riyadh.n_samples,128
Riyadh.n_reference_admissible,128
Riyadh.n_precode_admissible,62
Riyadh.envelope_quantiles_precode_admissible[0],49.54
Riyadh.envelope_quantiles_precode_admissible[1],54.25
Riyadh.envelope_quantiles_precode_admissible[2],60.29
Riyadh.share_precool_saves_pct,0.0
Riyadh.max_precool_saving_pct,0.0
Riyadh.share_ranking_holds_pct,100.0
Riyadh.n_ranking_samples,62
Riyadh.n_valid.setpoint_pct,128
Riyadh.n_valid.envelope_pct,62
Riyadh.n_valid.inverter_pct,128
Riyadh.n_valid.best_precool_pct,128
Riyadh.n_valid.prepeak2_pct,128
Riyadh.n_valid.night2_pct,128
Riyadh.prepeak2_always_costs,True
Riyadh.prcc.setpoint_pct.gamma_indoor,0.93
Riyadh.prcc.setpoint_pct.cop_slope_outdoor,-0.19
Riyadh.prcc.setpoint_pct.cop_ratio_low,-0.32
Riyadh.prcc.setpoint_pct.cop_ratio_mid,-0.12
Riyadh.prcc.setpoint_pct.cd_inverter,-0.19
Riyadh.prcc.setpoint_pct.cd_fixed,0.04
Riyadh.prcc.setpoint_pct.escalation_scale,-0.22
Riyadh.prcc.setpoint_pct.air_fraction,-0.36
Riyadh.prcc.setpoint_pct.cop_latent,-0.1
Riyadh.prcc.setpoint_pct.ach,-0.85
Riyadh.prcc.setpoint_pct.gains_scale,0.48
Riyadh.prcc.setpoint_pct.wall_u_factor,0.0
Riyadh.prcc.setpoint_pct.absorptance,-0.07
Riyadh.prcc.setpoint_pct.door_scale,-0.03
Riyadh.prcc.setpoint_pct.derating_slope,0.06
Riyadh.prcc.setpoint_pct.weather_swing,-0.43
Riyadh.prcc.setpoint_pct.weather_shift_K,0.73
Riyadh.prcc.envelope_pct.gamma_indoor,0.04
Riyadh.prcc.envelope_pct.cop_slope_outdoor,0.23
Riyadh.prcc.envelope_pct.cop_ratio_low,0.43
Riyadh.prcc.envelope_pct.cop_ratio_mid,0.05
Riyadh.prcc.envelope_pct.cd_inverter,-0.36
Riyadh.prcc.envelope_pct.cd_fixed,0.04
Riyadh.prcc.envelope_pct.escalation_scale,-0.55
Riyadh.prcc.envelope_pct.air_fraction,-0.8
Riyadh.prcc.envelope_pct.cop_latent,0.12
Riyadh.prcc.envelope_pct.ach,-0.88
Riyadh.prcc.envelope_pct.gains_scale,-0.9
Riyadh.prcc.envelope_pct.wall_u_factor,0.35
Riyadh.prcc.envelope_pct.absorptance,0.85
Riyadh.prcc.envelope_pct.door_scale,-0.14
Riyadh.prcc.envelope_pct.derating_slope,-0.31
Riyadh.prcc.envelope_pct.weather_swing,0.05
Riyadh.prcc.envelope_pct.weather_shift_K,-0.52
Riyadh.prcc.inverter_pct.gamma_indoor,-0.17
Riyadh.prcc.inverter_pct.cop_slope_outdoor,0.01
Riyadh.prcc.inverter_pct.cop_ratio_low,0.9
Riyadh.prcc.inverter_pct.cop_ratio_mid,0.13
Riyadh.prcc.inverter_pct.cd_inverter,-0.89
Riyadh.prcc.inverter_pct.cd_fixed,0.94
Riyadh.prcc.inverter_pct.escalation_scale,0.32
Riyadh.prcc.inverter_pct.air_fraction,0.31
Riyadh.prcc.inverter_pct.cop_latent,0.14
Riyadh.prcc.inverter_pct.ach,-0.21
Riyadh.prcc.inverter_pct.gains_scale,-0.15
Riyadh.prcc.inverter_pct.wall_u_factor,-0.07
Riyadh.prcc.inverter_pct.absorptance,0.11
Riyadh.prcc.inverter_pct.door_scale,-0.15
Riyadh.prcc.inverter_pct.derating_slope,-0.05
Riyadh.prcc.inverter_pct.weather_swing,0.07
Riyadh.prcc.inverter_pct.weather_shift_K,0.12
Riyadh.prcc.best_precool_pct.gamma_indoor,0.01
Riyadh.prcc.best_precool_pct.cop_slope_outdoor,-0.0
Riyadh.prcc.best_precool_pct.cop_ratio_low,0.0
Riyadh.prcc.best_precool_pct.cop_ratio_mid,0.01
Riyadh.prcc.best_precool_pct.cd_inverter,0.01
Riyadh.prcc.best_precool_pct.cd_fixed,-0.0
Riyadh.prcc.best_precool_pct.escalation_scale,-0.02
Riyadh.prcc.best_precool_pct.air_fraction,0.0
Riyadh.prcc.best_precool_pct.cop_latent,-0.03
Riyadh.prcc.best_precool_pct.ach,-0.0
Riyadh.prcc.best_precool_pct.gains_scale,-0.0
Riyadh.prcc.best_precool_pct.wall_u_factor,0.02
Riyadh.prcc.best_precool_pct.absorptance,0.03
Riyadh.prcc.best_precool_pct.door_scale,-0.0
Riyadh.prcc.best_precool_pct.derating_slope,-0.06
Riyadh.prcc.best_precool_pct.weather_swing,0.0
Riyadh.prcc.best_precool_pct.weather_shift_K,0.02
Riyadh.prcc.prepeak2_pct.gamma_indoor,0.69
Riyadh.prcc.prepeak2_pct.cop_slope_outdoor,-0.14
Riyadh.prcc.prepeak2_pct.cop_ratio_low,0.35
Riyadh.prcc.prepeak2_pct.cop_ratio_mid,0.1
Riyadh.prcc.prepeak2_pct.cd_inverter,-0.37
Riyadh.prcc.prepeak2_pct.cd_fixed,-0.08
Riyadh.prcc.prepeak2_pct.escalation_scale,-0.36
Riyadh.prcc.prepeak2_pct.air_fraction,-0.44
Riyadh.prcc.prepeak2_pct.cop_latent,-0.06
Riyadh.prcc.prepeak2_pct.ach,0.34
Riyadh.prcc.prepeak2_pct.gains_scale,-0.26
Riyadh.prcc.prepeak2_pct.wall_u_factor,-0.04
Riyadh.prcc.prepeak2_pct.absorptance,0.05
Riyadh.prcc.prepeak2_pct.door_scale,0.02
Riyadh.prcc.prepeak2_pct.derating_slope,0.09
Riyadh.prcc.prepeak2_pct.weather_swing,-0.15
Riyadh.prcc.prepeak2_pct.weather_shift_K,0.02
Riyadh.prcc.night2_pct.gamma_indoor,0.76
Riyadh.prcc.night2_pct.cop_slope_outdoor,-0.78
Riyadh.prcc.night2_pct.cop_ratio_low,0.12
Riyadh.prcc.night2_pct.cop_ratio_mid,0.07
Riyadh.prcc.night2_pct.cd_inverter,-0.15
Riyadh.prcc.night2_pct.cd_fixed,-0.13
Riyadh.prcc.night2_pct.escalation_scale,-0.24
Riyadh.prcc.night2_pct.air_fraction,0.08
Riyadh.prcc.night2_pct.cop_latent,0.04
Riyadh.prcc.night2_pct.ach,0.55
Riyadh.prcc.night2_pct.gains_scale,-0.29
Riyadh.prcc.night2_pct.wall_u_factor,0.02
Riyadh.prcc.night2_pct.absorptance,-0.0
Riyadh.prcc.night2_pct.door_scale,0.05
Riyadh.prcc.night2_pct.derating_slope,0.15
Riyadh.prcc.night2_pct.weather_swing,-0.5
Riyadh.prcc.night2_pct.weather_shift_K,0.21
Riyadh.samples[0].x[0],0.004
Riyadh.samples[0].x[1],0.022
Riyadh.samples[0].x[2],1.32
Riyadh.samples[0].x[3],1.201
Riyadh.samples[0].x[4],0.101
Riyadh.samples[0].x[5],0.244
Riyadh.samples[0].x[6],1.321
Riyadh.samples[0].x[7],0.134
Riyadh.samples[0].x[8],3.008
Riyadh.samples[0].x[9],0.316
Riyadh.samples[0].x[10],0.77
Riyadh.samples[0].x[11],1.167
Riyadh.samples[0].x[12],0.826
Riyadh.samples[0].x[13],0.744
Riyadh.samples[0].x[14],0.012
Riyadh.samples[0].x[15],1.082
Riyadh.samples[0].x[16],1.052
Riyadh.samples[0].setpoint_pct,10.0
Riyadh.samples[0].envelope_pct,58.7
Riyadh.samples[0].inverter_pct,13.5
Riyadh.samples[0].best_precool_pct,0.0
Riyadh.samples[0].prepeak2_pct,1.61
Riyadh.samples[0].night2_pct,3.19
Riyadh.samples[0].admissible,True
Riyadh.samples[0].precode_admissible,False
Riyadh.samples[1].x[0],0.022
Riyadh.samples[1].x[1],0.02
Riyadh.samples[1].x[2],1.391
Riyadh.samples[1].x[3],1.121
Riyadh.samples[1].x[4],0.126
Riyadh.samples[1].x[5],0.271
Riyadh.samples[1].x[6],0.535
Riyadh.samples[1].x[7],0.081
Riyadh.samples[1].x[8],2.742
Riyadh.samples[1].x[9],0.471
Riyadh.samples[1].x[10],0.908
Riyadh.samples[1].x[11],1.079
Riyadh.samples[1].x[12],0.53
Riyadh.samples[1].x[13],1.498
Riyadh.samples[1].x[14],0.012
Riyadh.samples[1].x[15],1.063
Riyadh.samples[1].x[16],0.392
Riyadh.samples[1].setpoint_pct,12.2
Riyadh.samples[1].envelope_pct,53.8
Riyadh.samples[1].inverter_pct,13.7
Riyadh.samples[1].best_precool_pct,0.0
Riyadh.samples[1].prepeak2_pct,3.76
Riyadh.samples[1].night2_pct,5.54
Riyadh.samples[1].admissible,True
Riyadh.samples[1].precode_admissible,True
Riyadh.samples[2].x[0],0.001
Riyadh.samples[2].x[1],0.023
Riyadh.samples[2].x[2],1.465
Riyadh.samples[2].x[3],1.26
Riyadh.samples[2].x[4],0.153
Riyadh.samples[2].x[5],0.331
Riyadh.samples[2].x[6],0.902
Riyadh.samples[2].x[7],0.056
Riyadh.samples[2].x[8],3.622
Riyadh.samples[2].x[9],0.581
Riyadh.samples[2].x[10],1.205
Riyadh.samples[2].x[11],1.152
Riyadh.samples[2].x[12],0.729
Riyadh.samples[2].x[13],1.194
Riyadh.samples[2].x[14],0.015
Riyadh.samples[2].x[15],0.919
Riyadh.samples[2].x[16],0.415
Riyadh.samples[2].setpoint_pct,9.2
Riyadh.samples[2].envelope_pct,53.1
Riyadh.samples[2].inverter_pct,17.8
Riyadh.samples[2].best_precool_pct,0.0
Riyadh.samples[2].prepeak2_pct,2.33
Riyadh.samples[2].night2_pct,3.66
Riyadh.samples[2].admissible,True
Riyadh.samples[2].precode_admissible,True
Riyadh.samples[3].x[0],0.024
Riyadh.samples[3].x[1],0.024
Riyadh.samples[3].x[2],1.353
Riyadh.samples[3].x[3],1.216
Riyadh.samples[3].x[4],0.121
Riyadh.samples[3].x[5],0.152
Riyadh.samples[3].x[6],0.601
Riyadh.samples[3].x[7],0.142
Riyadh.samples[3].x[8],3.229
Riyadh.samples[3].x[9],0.577
Riyadh.samples[3].x[10],1.172
Riyadh.samples[3].x[11],1.179
Riyadh.samples[3].x[12],0.834
Riyadh.samples[3].x[13],1.149
Riyadh.samples[3].x[14],0.011
Riyadh.samples[3].x[15],1.179
Riyadh.samples[3].x[16],1.195
Riyadh.samples[3].setpoint_pct,12.2
Riyadh.samples[3].envelope_pct,52.6
Riyadh.samples[3].inverter_pct,10.1
Riyadh.samples[3].best_precool_pct,0.0
Riyadh.samples[3].prepeak2_pct,3.0
Riyadh.samples[3].night2_pct,4.94
Riyadh.samples[3].admissible,True
Riyadh.samples[3].precode_admissible,True
Riyadh.samples[4].x[0],0.026
Riyadh.samples[4].x[1],0.013
Riyadh.samples[4].x[2],1.324
Riyadh.samples[4].x[3],1.279
Riyadh.samples[4].x[4],0.143
Riyadh.samples[4].x[5],0.269
Riyadh.samples[4].x[6],0.759
Riyadh.samples[4].x[7],0.022
Riyadh.samples[4].x[8],3.518
Riyadh.samples[4].x[9],0.28
Riyadh.samples[4].x[10],1.187
Riyadh.samples[4].x[11],1.145
Riyadh.samples[4].x[12],0.88
Riyadh.samples[4].x[13],0.69
Riyadh.samples[4].x[14],0.019
Riyadh.samples[4].x[15],1.022
Riyadh.samples[4].x[16],-0.953
Riyadh.samples[4].setpoint_pct,14.0
Riyadh.samples[4].envelope_pct,60.9
Riyadh.samples[4].inverter_pct,12.6
Riyadh.samples[4].best_precool_pct,0.0
Riyadh.samples[4].prepeak2_pct,4.46
Riyadh.samples[4].night2_pct,5.95
Riyadh.samples[4].admissible,True
Riyadh.samples[4].precode_admissible,True
Riyadh.samples[5].x[0],0.011
Riyadh.samples[5].x[1],0.028
Riyadh.samples[5].x[2],1.418
Riyadh.samples[5].x[3],1.137
Riyadh.samples[5].x[4],0.225
Riyadh.samples[5].x[5],0.18
Riyadh.samples[5].x[6],0.556
Riyadh.samples[5].x[7],0.125
Riyadh.samples[5].x[8],2.725
Riyadh.samples[5].x[9],0.23
Riyadh.samples[5].x[10],0.748
Riyadh.samples[5].x[11],1.177
Riyadh.samples[5].x[12],0.81
Riyadh.samples[5].x[13],0.725
Riyadh.samples[5].x[14],0.019
Riyadh.samples[5].x[15],1.016
Riyadh.samples[5].x[16],0.169
Riyadh.samples[5].setpoint_pct,10.9
Riyadh.samples[5].envelope_pct,60.3
Riyadh.samples[5].inverter_pct,9.9
Riyadh.samples[5].best_precool_pct,0.0
Riyadh.samples[5].prepeak2_pct,1.7
Riyadh.samples[5].night2_pct,2.11
Riyadh.samples[5].admissible,True
Riyadh.samples[5].precode_admissible,True
Riyadh.samples[6].x[0],0.018
Riyadh.samples[6].x[1],0.023
Riyadh.samples[6].x[2],1.547
Riyadh.samples[6].x[3],1.3
Riyadh.samples[6].x[4],0.118
Riyadh.samples[6].x[5],0.197
Riyadh.samples[6].x[6],1.36
Riyadh.samples[6].x[7],0.121
Riyadh.samples[6].x[8],3.383
Riyadh.samples[6].x[9],0.545
Riyadh.samples[6].x[10],1.02
Riyadh.samples[6].x[11],1.159
Riyadh.samples[6].x[12],0.652
Riyadh.samples[6].x[13],0.781
Riyadh.samples[6].x[14],0.006
Riyadh.samples[6].x[15],1.099
Riyadh.samples[6].x[16],1.268
Riyadh.samples[6].setpoint_pct,11.3
Riyadh.samples[6].envelope_pct,51.9
Riyadh.samples[6].inverter_pct,15.9
Riyadh.samples[6].best_precool_pct,0.0
Riyadh.samples[6].prepeak2_pct,2.86
Riyadh.samples[6].night2_pct,4.85
Riyadh.samples[6].admissible,True
Riyadh.samples[6].precode_admissible,False
Riyadh.samples[7].x[0],0.0
Riyadh.samples[7].x[1],0.014
Riyadh.samples[7].x[2],1.502
Riyadh.samples[7].x[3],1.218
Riyadh.samples[7].x[4],0.07
Riyadh.samples[7].x[5],0.237
Riyadh.samples[7].x[6],0.545
Riyadh.samples[7].x[7],0.145
Riyadh.samples[7].x[8],3.897
Riyadh.samples[7].x[9],0.207
Riyadh.samples[7].x[10],0.829
Riyadh.samples[7].x[11],1.136
Riyadh.samples[7].x[12],0.695
Riyadh.samples[7].x[13],1.369
Riyadh.samples[7].x[14],0.009
Riyadh.samples[7].x[15],0.858
Riyadh.samples[7].x[16],1.446
Riyadh.samples[7].setpoint_pct,10.5
Riyadh.samples[7].envelope_pct,58.4
Riyadh.samples[7].inverter_pct,17.9
Riyadh.samples[7].best_precool_pct,0.0
Riyadh.samples[7].prepeak2_pct,2.45
Riyadh.samples[7].night2_pct,4.65
Riyadh.samples[7].admissible,True
Riyadh.samples[7].precode_admissible,True
Riyadh.samples[8].x[0],0.007
Riyadh.samples[8].x[1],0.011
Riyadh.samples[8].x[2],1.372
Riyadh.samples[8].x[3],1.146
Riyadh.samples[8].x[4],0.197
Riyadh.samples[8].x[5],0.154
Riyadh.samples[8].x[6],1.706
Riyadh.samples[8].x[7],0.107
Riyadh.samples[8].x[8],3.192
Riyadh.samples[8].x[9],0.541
Riyadh.samples[8].x[10],1.243
Riyadh.samples[8].x[11],1.028
Riyadh.samples[8].x[12],0.587
Riyadh.samples[8].x[13],0.662
Riyadh.samples[8].x[14],0.012
Riyadh.samples[8].x[15],1.127
Riyadh.samples[8].x[16],-0.92
Riyadh.samples[8].setpoint_pct,8.9
Riyadh.samples[8].envelope_pct,49.3
Riyadh.samples[8].inverter_pct,8.6
Riyadh.samples[8].best_precool_pct,0.0
Riyadh.samples[8].prepeak2_pct,1.78
Riyadh.samples[8].night2_pct,4.46
Riyadh.samples[8].admissible,True
Riyadh.samples[8].precode_admissible,False
Riyadh.samples[9].x[0],0.02
Riyadh.samples[9].x[1],0.01
Riyadh.samples[9].x[2],1.41
Riyadh.samples[9].x[3],1.213
Riyadh.samples[9].x[4],0.163
Riyadh.samples[9].x[5],0.183
Riyadh.samples[9].x[6],1.862
Riyadh.samples[9].x[7],0.035
Riyadh.samples[9].x[8],3.819
Riyadh.samples[9].x[9],0.358
Riyadh.samples[9].x[10],1.076
Riyadh.samples[9].x[11],1.19
Riyadh.samples[9].x[12],0.797
Riyadh.samples[9].x[13],1.125
Riyadh.samples[9].x[14],0.013
Riyadh.samples[9].x[15],0.932
Riyadh.samples[9].x[16],0.677
Riyadh.samples[9].setpoint_pct,13.3
Riyadh.samples[9].envelope_pct,57.6
Riyadh.samples[9].inverter_pct,12.0
Riyadh.samples[9].best_precool_pct,0.0
Riyadh.samples[9].prepeak2_pct,3.28
Riyadh.samples[9].night2_pct,6.45
Riyadh.samples[9].admissible,True
Riyadh.samples[9].precode_admissible,False
Riyadh.samples[10].x[0],0.016
Riyadh.samples[10].x[1],0.019
Riyadh.samples[10].x[2],1.306
Riyadh.samples[10].x[3],1.219
Riyadh.samples[10].x[4],0.138
Riyadh.samples[10].x[5],0.205
Riyadh.samples[10].x[6],0.935
Riyadh.samples[10].x[7],0.098
Riyadh.samples[10].x[8],3.369
Riyadh.samples[10].x[9],0.339
Riyadh.samples[10].x[10],0.856
Riyadh.samples[10].x[11],1.09
Riyadh.samples[10].x[12],0.691
Riyadh.samples[10].x[13],1.094
Riyadh.samples[10].x[14],0.012
Riyadh.samples[10].x[15],0.926
Riyadh.samples[10].x[16],-0.947
Riyadh.samples[10].setpoint_pct,10.8
Riyadh.samples[10].envelope_pct,56.4
Riyadh.samples[10].inverter_pct,10.1
Riyadh.samples[10].best_precool_pct,0.0
Riyadh.samples[10].prepeak2_pct,2.08
Riyadh.samples[10].night2_pct,4.2
Riyadh.samples[10].admissible,True
Riyadh.samples[10].precode_admissible,True
Riyadh.samples[11].x[0],0.017
Riyadh.samples[11].x[1],0.021
Riyadh.samples[11].x[2],1.367
Riyadh.samples[11].x[3],1.211
Riyadh.samples[11].x[4],0.09
Riyadh.samples[11].x[5],0.199
Riyadh.samples[11].x[6],0.704
Riyadh.samples[11].x[7],0.042
Riyadh.samples[11].x[8],3.49
Riyadh.samples[11].x[9],0.36
Riyadh.samples[11].x[10],0.793
Riyadh.samples[11].x[11],1.148
Riyadh.samples[11].x[12],0.658
Riyadh.samples[11].x[13],1.338
Riyadh.samples[11].x[14],0.007
Riyadh.samples[11].x[15],0.866
Riyadh.samples[11].x[16],0.717
Riyadh.samples[11].setpoint_pct,12.5
Riyadh.samples[11].envelope_pct,59.8
Riyadh.samples[11].inverter_pct,12.2
Riyadh.samples[11].best_precool_pct,0.0
Riyadh.samples[11].prepeak2_pct,4.03
Riyadh.samples[11].night2_pct,6.86
Riyadh.samples[11].admissible,True
Riyadh.samples[11].precode_admissible,True
Riyadh.samples[12].x[0],0.019
Riyadh.samples[12].x[1],0.024
Riyadh.samples[12].x[2],1.6
Riyadh.samples[12].x[3],1.259
Riyadh.samples[12].x[4],0.233
Riyadh.samples[12].x[5],0.274
Riyadh.samples[12].x[6],0.685
Riyadh.samples[12].x[7],0.03
Riyadh.samples[12].x[8],2.673
Riyadh.samples[12].x[9],0.348
Riyadh.samples[12].x[10],0.822
Riyadh.samples[12].x[11],1.085
Riyadh.samples[12].x[12],0.727
Riyadh.samples[12].x[13],0.891
Riyadh.samples[12].x[14],0.018
Riyadh.samples[12].x[15],0.807
Riyadh.samples[12].x[16],1.17
Riyadh.samples[12].setpoint_pct,13.4
Riyadh.samples[12].envelope_pct,61.6
Riyadh.samples[12].inverter_pct,13.0
Riyadh.samples[12].best_precool_pct,0.0
Riyadh.samples[12].prepeak2_pct,5.02
Riyadh.samples[12].night2_pct,7.33
Riyadh.samples[12].admissible,True
Riyadh.samples[12].precode_admissible,True
Riyadh.samples[13].x[0],0.023
Riyadh.samples[13].x[1],0.027
Riyadh.samples[13].x[2],1.47
Riyadh.samples[13].x[3],1.237
Riyadh.samples[13].x[4],0.1
Riyadh.samples[13].x[5],0.337
Riyadh.samples[13].x[6],1.813
Riyadh.samples[13].x[7],0.086
Riyadh.samples[13].x[8],3.146
Riyadh.samples[13].x[9],0.575
Riyadh.samples[13].x[10],0.971
Riyadh.samples[13].x[11],1.055
Riyadh.samples[13].x[12],0.804
Riyadh.samples[13].x[13],0.762
Riyadh.samples[13].x[14],0.013
Riyadh.samples[13].x[15],0.924
Riyadh.samples[13].x[16],0.039
Riyadh.samples[13].setpoint_pct,11.4
Riyadh.samples[13].envelope_pct,53.3
Riyadh.samples[13].inverter_pct,20.0
Riyadh.samples[13].best_precool_pct,0.0
Riyadh.samples[13].prepeak2_pct,2.54
Riyadh.samples[13].night2_pct,4.15
Riyadh.samples[13].admissible,True
Riyadh.samples[13].precode_admissible,False
Riyadh.samples[14].x[0],0.016
Riyadh.samples[14].x[1],0.018
Riyadh.samples[14].x[2],1.577
Riyadh.samples[14].x[3],1.197
Riyadh.samples[14].x[4],0.194
Riyadh.samples[14].x[5],0.234
Riyadh.samples[14].x[6],1.987
Riyadh.samples[14].x[7],0.113
Riyadh.samples[14].x[8],3.35
Riyadh.samples[14].x[9],0.368
Riyadh.samples[14].x[10],1.267
Riyadh.samples[14].x[11],1.192
Riyadh.samples[14].x[12],0.863
Riyadh.samples[14].x[13],1.303
Riyadh.samples[14].x[14],0.01
Riyadh.samples[14].x[15],1.293
Riyadh.samples[14].x[16],1.376
Riyadh.samples[14].setpoint_pct,11.2
Riyadh.samples[14].envelope_pct,54.2
Riyadh.samples[14].inverter_pct,15.8
Riyadh.samples[14].best_precool_pct,0.0
Riyadh.samples[14].prepeak2_pct,2.22
Riyadh.samples[14].night2_pct,4.05
Riyadh.samples[14].admissible,True
Riyadh.samples[14].precode_admissible,False
Riyadh.samples[15].x[0],0.001
Riyadh.samples[15].x[1],0.021
Riyadh.samples[15].x[2],1.584
Riyadh.samples[15].x[3],1.141
Riyadh.samples[15].x[4],0.14
Riyadh.samples[15].x[5],0.338
Riyadh.samples[15].x[6],0.857
Riyadh.samples[15].x[7],0.084
Riyadh.samples[15].x[8],3.065
Riyadh.samples[15].x[9],0.45
Riyadh.samples[15].x[10],1.182
Riyadh.samples[15].x[11],1.18
Riyadh.samples[15].x[12],0.706
Riyadh.samples[15].x[13],0.618
Riyadh.samples[15].x[14],0.006
Riyadh.samples[15].x[15],0.882
Riyadh.samples[15].x[16],1.134
Riyadh.samples[15].setpoint_pct,9.8
Riyadh.samples[15].envelope_pct,54.1
Riyadh.samples[15].inverter_pct,21.8
Riyadh.samples[15].best_precool_pct,0.0
Riyadh.samples[15].prepeak2_pct,2.02
Riyadh.samples[15].night2_pct,3.23
Riyadh.samples[15].admissible,True
Riyadh.samples[15].precode_admissible,True
Riyadh.samples[16].x[0],0.002
Riyadh.samples[16].x[1],0.023
Riyadh.samples[16].x[2],1.334
Riyadh.samples[16].x[3],1.152
Riyadh.samples[16].x[4],0.178
Riyadh.samples[16].x[5],0.18
Riyadh.samples[16].x[6],0.648
Riyadh.samples[16].x[7],0.05
Riyadh.samples[16].x[8],3.909
Riyadh.samples[16].x[9],0.602
Riyadh.samples[16].x[10],1.299
Riyadh.samples[16].x[11],1.05
Riyadh.samples[16].x[12],0.753
Riyadh.samples[16].x[13],1.423
Riyadh.samples[16].x[14],0.016
Riyadh.samples[16].x[15],0.843
Riyadh.samples[16].x[16],1.824
Riyadh.samples[16].setpoint_pct,10.0
Riyadh.samples[16].envelope_pct,52.1
Riyadh.samples[16].inverter_pct,7.1
Riyadh.samples[16].best_precool_pct,0.0
Riyadh.samples[16].prepeak2_pct,2.24
Riyadh.samples[16].night2_pct,4.32
Riyadh.samples[16].admissible,True
Riyadh.samples[16].precode_admissible,True
Riyadh.samples[17].x[0],0.024
Riyadh.samples[17].x[1],0.021
Riyadh.samples[17].x[2],1.449
Riyadh.samples[17].x[3],1.25
Riyadh.samples[17].x[4],0.188
Riyadh.samples[17].x[5],0.238
Riyadh.samples[17].x[6],0.506
Riyadh.samples[17].x[7],0.102
Riyadh.samples[17].x[8],3.038
Riyadh.samples[17].x[9],0.493
Riyadh.samples[17].x[10],1.142
Riyadh.samples[17].x[11],1.172
Riyadh.samples[17].x[12],0.78
Riyadh.samples[17].x[13],1.125
Riyadh.samples[17].x[14],0.02
Riyadh.samples[17].x[15],0.838
Riyadh.samples[17].x[16],0.282
Riyadh.samples[17].setpoint_pct,13.1
Riyadh.samples[17].envelope_pct,53.4
Riyadh.samples[17].inverter_pct,12.9
Riyadh.samples[17].best_precool_pct,0.0
Riyadh.samples[17].prepeak2_pct,3.17
Riyadh.samples[17].night2_pct,5.12
Riyadh.samples[17].admissible,True
Riyadh.samples[17].precode_admissible,True
Riyadh.samples[18].x[0],0.021
Riyadh.samples[18].x[1],0.021
Riyadh.samples[18].x[2],1.35
Riyadh.samples[18].x[3],1.15
Riyadh.samples[18].x[4],0.108
Riyadh.samples[18].x[5],0.21
Riyadh.samples[18].x[6],1.642
Riyadh.samples[18].x[7],0.12
Riyadh.samples[18].x[8],2.783
Riyadh.samples[18].x[9],0.63
Riyadh.samples[18].x[10],0.942
Riyadh.samples[18].x[11],1.023
Riyadh.samples[18].x[12],0.725
Riyadh.samples[18].x[13],0.734
Riyadh.samples[18].x[14],0.017
Riyadh.samples[18].x[15],1.113
Riyadh.samples[18].x[16],1.124
Riyadh.samples[18].setpoint_pct,11.5
Riyadh.samples[18].envelope_pct,51.4
Riyadh.samples[18].inverter_pct,12.4
Riyadh.samples[18].best_precool_pct,0.0
Riyadh.samples[18].prepeak2_pct,2.94
Riyadh.samples[18].night2_pct,5.4
Riyadh.samples[18].admissible,True
Riyadh.samples[18].precode_admissible,False
Riyadh.samples[19].x[0],0.025
Riyadh.samples[19].x[1],0.012
Riyadh.samples[19].x[2],1.544
Riyadh.samples[19].x[3],1.276
Riyadh.samples[19].x[4],0.059
Riyadh.samples[19].x[5],0.308
Riyadh.samples[19].x[6],0.83
Riyadh.samples[19].x[7],0.085
Riyadh.samples[19].x[8],2.712
Riyadh.samples[19].x[9],0.503
Riyadh.samples[19].x[10],0.781
Riyadh.samples[19].x[11],1.143
Riyadh.samples[19].x[12],0.574
Riyadh.samples[19].x[13],0.814
Riyadh.samples[19].x[14],0.018
Riyadh.samples[19].x[15],1.167
Riyadh.samples[19].x[16],-0.6
Riyadh.samples[19].setpoint_pct,10.2
Riyadh.samples[19].envelope_pct,55.4
Riyadh.samples[19].inverter_pct,21.2
Riyadh.samples[19].best_precool_pct,0.0
Riyadh.samples[19].prepeak2_pct,3.41
Riyadh.samples[19].night2_pct,6.45
Riyadh.samples[19].admissible,True
Riyadh.samples[19].precode_admissible,True
Riyadh.samples[20].x[0],0.019
Riyadh.samples[20].x[1],0.023
Riyadh.samples[20].x[2],1.433
Riyadh.samples[20].x[3],1.127
Riyadh.samples[20].x[4],0.113
Riyadh.samples[20].x[5],0.285
Riyadh.samples[20].x[6],1.045
Riyadh.samples[20].x[7],0.059
Riyadh.samples[20].x[8],3.061
Riyadh.samples[20].x[9],0.323
Riyadh.samples[20].x[10],0.732
Riyadh.samples[20].x[11],1.138
Riyadh.samples[20].x[12],0.665
Riyadh.samples[20].x[13],0.801
Riyadh.samples[20].x[14],0.014
Riyadh.samples[20].x[15],1.086
Riyadh.samples[20].x[16],1.735
Riyadh.samples[20].setpoint_pct,12.5
Riyadh.samples[20].envelope_pct,59.0
Riyadh.samples[20].inverter_pct,17.3
Riyadh.samples[20].best_precool_pct,0.0
Riyadh.samples[20].prepeak2_pct,2.68
Riyadh.samples[20].night2_pct,3.63
Riyadh.samples[20].admissible,True
Riyadh.samples[20].precode_admissible,True
Riyadh.samples[21].x[0],0.017
Riyadh.samples[21].x[1],0.02
Riyadh.samples[21].x[2],1.404
Riyadh.samples[21].x[3],1.143
Riyadh.samples[21].x[4],0.183
Riyadh.samples[21].x[5],0.258
Riyadh.samples[21].x[6],1.288
Riyadh.samples[21].x[7],0.093
Riyadh.samples[21].x[8],3.878
Riyadh.samples[21].x[9],0.238
Riyadh.samples[21].x[10],0.714
Riyadh.samples[21].x[11],1.155
Riyadh.samples[21].x[12],0.521
Riyadh.samples[21].x[13],1.31
Riyadh.samples[21].x[14],0.02
Riyadh.samples[21].x[15],0.801
Riyadh.samples[21].x[16],-0.027
Riyadh.samples[21].setpoint_pct,12.2
Riyadh.samples[21].envelope_pct,56.8
Riyadh.samples[21].inverter_pct,13.0
Riyadh.samples[21].best_precool_pct,0.0
Riyadh.samples[21].prepeak2_pct,2.13
Riyadh.samples[21].night2_pct,4.25
Riyadh.samples[21].admissible,True
Riyadh.samples[21].precode_admissible,False
Riyadh.samples[22].x[0],0.013
Riyadh.samples[22].x[1],0.025
Riyadh.samples[22].x[2],1.422
Riyadh.samples[22].x[3],1.189
Riyadh.samples[22].x[4],0.084
Riyadh.samples[22].x[5],0.343
Riyadh.samples[22].x[6],0.664
Riyadh.samples[22].x[7],0.091
Riyadh.samples[22].x[8],2.998
Riyadh.samples[22].x[9],0.448
Riyadh.samples[22].x[10],1.12
Riyadh.samples[22].x[11],1.057
Riyadh.samples[22].x[12],0.559
Riyadh.samples[22].x[13],0.961
Riyadh.samples[22].x[14],0.018
Riyadh.samples[22].x[15],0.987
Riyadh.samples[22].x[16],-0.479
Riyadh.samples[22].setpoint_pct,10.5
Riyadh.samples[22].envelope_pct,52.4
Riyadh.samples[22].inverter_pct,19.4
Riyadh.samples[22].best_precool_pct,0.0
Riyadh.samples[22].prepeak2_pct,2.51
Riyadh.samples[22].night2_pct,3.23
Riyadh.samples[22].admissible,True
Riyadh.samples[22].precode_admissible,True
Riyadh.samples[23].x[0],0.028
Riyadh.samples[23].x[1],0.013
Riyadh.samples[23].x[2],1.318
Riyadh.samples[23].x[3],1.244
Riyadh.samples[23].x[4],0.247
Riyadh.samples[23].x[5],0.328
Riyadh.samples[23].x[6],1.908
Riyadh.samples[23].x[7],0.136
Riyadh.samples[23].x[8],3.102
Riyadh.samples[23].x[9],0.518
Riyadh.samples[23].x[10],0.952
Riyadh.samples[23].x[11],1.17
Riyadh.samples[23].x[12],0.525
Riyadh.samples[23].x[13],0.796
Riyadh.samples[23].x[14],0.009
Riyadh.samples[23].x[15],0.842
Riyadh.samples[23].x[16],-0.501
Riyadh.samples[23].setpoint_pct,11.9
Riyadh.samples[23].envelope_pct,50.4
Riyadh.samples[23].inverter_pct,12.0
Riyadh.samples[23].best_precool_pct,0.0
Riyadh.samples[23].prepeak2_pct,2.51
Riyadh.samples[23].night2_pct,6.39
Riyadh.samples[23].admissible,True
Riyadh.samples[23].precode_admissible,False
Riyadh.samples[24].x[0],0.013
Riyadh.samples[24].x[1],0.019
Riyadh.samples[24].x[2],1.344
Riyadh.samples[24].x[3],1.274
Riyadh.samples[24].x[4],0.127
Riyadh.samples[24].x[5],0.329
Riyadh.samples[24].x[6],1.972
Riyadh.samples[24].x[7],0.027
Riyadh.samples[24].x[8],3.522
Riyadh.samples[24].x[9],0.432
Riyadh.samples[24].x[10],0.742
Riyadh.samples[24].x[11],1.019
Riyadh.samples[24].x[12],0.581
Riyadh.samples[24].x[13],0.653
Riyadh.samples[24].x[14],0.015
Riyadh.samples[24].x[15],1.258
Riyadh.samples[24].x[16],0.212
Riyadh.samples[24].setpoint_pct,9.7
Riyadh.samples[24].envelope_pct,55.7
Riyadh.samples[24].inverter_pct,17.4
Riyadh.samples[24].best_precool_pct,0.0
Riyadh.samples[24].prepeak2_pct,2.21
Riyadh.samples[24].night2_pct,3.01
Riyadh.samples[24].admissible,True
Riyadh.samples[24].precode_admissible,True
Riyadh.samples[25].x[0],0.002
Riyadh.samples[25].x[1],0.029
Riyadh.samples[25].x[2],1.476
Riyadh.samples[25].x[3],1.272
Riyadh.samples[25].x[4],0.167
Riyadh.samples[25].x[5],0.335
Riyadh.samples[25].x[6],1.226
Riyadh.samples[25].x[7],0.149
Riyadh.samples[25].x[8],3.919
Riyadh.samples[25].x[9],0.49
Riyadh.samples[25].x[10],0.934
Riyadh.samples[25].x[11],1.068
Riyadh.samples[25].x[12],0.649
Riyadh.samples[25].x[13],1.411
Riyadh.samples[25].x[14],0.009
Riyadh.samples[25].x[15],1.149
Riyadh.samples[25].x[16],0.489
Riyadh.samples[25].setpoint_pct,8.4
Riyadh.samples[25].envelope_pct,52.3
Riyadh.samples[25].inverter_pct,18.5
Riyadh.samples[25].best_precool_pct,0.0
Riyadh.samples[25].prepeak2_pct,1.75
Riyadh.samples[25].night2_pct,2.9
Riyadh.samples[25].admissible,True
Riyadh.samples[25].precode_admissible,False
Riyadh.samples[26].x[0],0.028
Riyadh.samples[26].x[1],0.016
Riyadh.samples[26].x[2],1.482
Riyadh.samples[26].x[3],1.134
Riyadh.samples[26].x[4],0.08
Riyadh.samples[26].x[5],0.34
Riyadh.samples[26].x[6],0.669
Riyadh.samples[26].x[7],0.055
Riyadh.samples[26].x[8],3.637
Riyadh.samples[26].x[9],0.467
Riyadh.samples[26].x[10],0.924
Riyadh.samples[26].x[11],1.161
Riyadh.samples[26].x[12],0.686
Riyadh.samples[26].x[13],0.929
Riyadh.samples[26].x[14],0.016
Riyadh.samples[26].x[15],1.067
Riyadh.samples[26].x[16],0.94
Riyadh.samples[26].setpoint_pct,13.9
Riyadh.samples[26].envelope_pct,57.3
Riyadh.samples[26].inverter_pct,18.7
Riyadh.samples[26].best_precool_pct,0.0
Riyadh.samples[26].prepeak2_pct,4.71
Riyadh.samples[26].night2_pct,7.63
Riyadh.samples[26].admissible,True
Riyadh.samples[26].precode_admissible,True
Riyadh.samples[27].x[0],0.011
Riyadh.samples[27].x[1],0.026
Riyadh.samples[27].x[2],1.437
Riyadh.samples[27].x[3],1.266
Riyadh.samples[27].x[4],0.16
Riyadh.samples[27].x[5],0.257
Riyadh.samples[27].x[6],1.424
Riyadh.samples[27].x[7],0.068
Riyadh.samples[27].x[8],3.137
Riyadh.samples[27].x[9],0.777
Riyadh.samples[27].x[10],1.134
Riyadh.samples[27].x[11],1.11
Riyadh.samples[27].x[12],0.87
Riyadh.samples[27].x[13],0.959
Riyadh.samples[27].x[14],0.01
Riyadh.samples[27].x[15],1.076
Riyadh.samples[27].x[16],1.582
Riyadh.samples[27].setpoint_pct,9.6
Riyadh.samples[27].envelope_pct,50.0
Riyadh.samples[27].inverter_pct,14.7
Riyadh.samples[27].best_precool_pct,0.0
Riyadh.samples[27].prepeak2_pct,2.14
Riyadh.samples[27].night2_pct,3.42
Riyadh.samples[27].admissible,True
Riyadh.samples[27].precode_admissible,False
Riyadh.samples[28].x[0],0.012
Riyadh.samples[28].x[1],0.028
Riyadh.samples[28].x[2],1.588
Riyadh.samples[28].x[3],1.157
Riyadh.samples[28].x[4],0.203
Riyadh.samples[28].x[5],0.342
Riyadh.samples[28].x[6],0.896
Riyadh.samples[28].x[7],0.075
Riyadh.samples[28].x[8],2.64
Riyadh.samples[28].x[9],0.308
Riyadh.samples[28].x[10],1.192
Riyadh.samples[28].x[11],1.026
Riyadh.samples[28].x[12],0.888
Riyadh.samples[28].x[13],0.718
Riyadh.samples[28].x[14],0.009
Riyadh.samples[28].x[15],1.278
Riyadh.samples[28].x[16],-0.244
Riyadh.samples[28].setpoint_pct,10.5
Riyadh.samples[28].envelope_pct,57.9
Riyadh.samples[28].inverter_pct,20.2
Riyadh.samples[28].best_precool_pct,0.0
Riyadh.samples[28].prepeak2_pct,1.89
Riyadh.samples[28].night2_pct,1.21
Riyadh.samples[28].admissible,True
Riyadh.samples[28].precode_admissible,True
Riyadh.samples[29].x[0],0.03
Riyadh.samples[29].x[1],0.018
Riyadh.samples[29].x[2],1.46
Riyadh.samples[29].x[3],1.296
Riyadh.samples[29].x[4],0.148
Riyadh.samples[29].x[5],0.306
Riyadh.samples[29].x[6],1.096
Riyadh.samples[29].x[7],0.035
Riyadh.samples[29].x[8],3.598
Riyadh.samples[29].x[9],0.566
Riyadh.samples[29].x[10],0.999
Riyadh.samples[29].x[11],1.134
Riyadh.samples[29].x[12],0.69
Riyadh.samples[29].x[13],0.606
Riyadh.samples[29].x[14],0.017
Riyadh.samples[29].x[15],1.095
Riyadh.samples[29].x[16],1.911
Riyadh.samples[29].setpoint_pct,13.8
Riyadh.samples[29].envelope_pct,54.6
Riyadh.samples[29].inverter_pct,16.9
Riyadh.samples[29].best_precool_pct,0.0
Riyadh.samples[29].prepeak2_pct,3.88
Riyadh.samples[29].night2_pct,6.4
Riyadh.samples[29].admissible,True
Riyadh.samples[29].precode_admissible,True
Riyadh.samples[30].x[0],0.01
Riyadh.samples[30].x[1],0.021
Riyadh.samples[30].x[2],1.565
Riyadh.samples[30].x[3],1.164
Riyadh.samples[30].x[4],0.159
Riyadh.samples[30].x[5],0.208
Riyadh.samples[30].x[6],1.01
Riyadh.samples[30].x[7],0.033
Riyadh.samples[30].x[8],2.798
Riyadh.samples[30].x[9],0.523
Riyadh.samples[30].x[10],1.161
Riyadh.samples[30].x[11],1.194
Riyadh.samples[30].x[12],0.538
Riyadh.samples[30].x[13],0.519
Riyadh.samples[30].x[14],0.01
Riyadh.samples[30].x[15],0.938
Riyadh.samples[30].x[16],-0.389
Riyadh.samples[30].setpoint_pct,10.6
Riyadh.samples[30].envelope_pct,55.1
Riyadh.samples[30].inverter_pct,12.8
Riyadh.samples[30].best_precool_pct,0.0
Riyadh.samples[30].prepeak2_pct,3.42
Riyadh.samples[30].night2_pct,5.14
Riyadh.samples[30].admissible,True
Riyadh.samples[30].precode_admissible,True
Riyadh.samples[31].x[0],0.008
Riyadh.samples[31].x[1],0.015
Riyadh.samples[31].x[2],1.45
Riyadh.samples[31].x[3],1.183
Riyadh.samples[31].x[4],0.249
Riyadh.samples[31].x[5],0.279
Riyadh.samples[31].x[6],1.379
Riyadh.samples[31].x[7],0.089
Riyadh.samples[31].x[8],2.943
Riyadh.samples[31].x[9],0.699
Riyadh.samples[31].x[10],1.178
Riyadh.samples[31].x[11],1.054
Riyadh.samples[31].x[12],0.67
Riyadh.samples[31].x[13],1.206
Riyadh.samples[31].x[14],0.005
Riyadh.samples[31].x[15],0.899
Riyadh.samples[31].x[16],0.826
Riyadh.samples[31].setpoint_pct,9.6
Riyadh.samples[31].envelope_pct,46.9
Riyadh.samples[31].inverter_pct,13.3
Riyadh.samples[31].best_precool_pct,0.0
Riyadh.samples[31].prepeak2_pct,1.78
Riyadh.samples[31].night2_pct,4.54
Riyadh.samples[31].admissible,True
Riyadh.samples[31].precode_admissible,False
Riyadh.samples[32].x[0],0.003
Riyadh.samples[32].x[1],0.011
Riyadh.samples[32].x[2],1.386
Riyadh.samples[32].x[3],1.139
Riyadh.samples[32].x[4],0.063
Riyadh.samples[32].x[5],0.321
Riyadh.samples[32].x[6],1.685
Riyadh.samples[32].x[7],0.106
Riyadh.samples[32].x[8],3.432
Riyadh.samples[32].x[9],0.412
Riyadh.samples[32].x[10],1.283
Riyadh.samples[32].x[11],1.035
Riyadh.samples[32].x[12],0.82
Riyadh.samples[32].x[13],0.905
Riyadh.samples[32].x[14],0.009
Riyadh.samples[32].x[15],0.97
Riyadh.samples[32].x[16],0.502
Riyadh.samples[32].setpoint_pct,10.5
Riyadh.samples[32].envelope_pct,52.8
Riyadh.samples[32].inverter_pct,18.4
Riyadh.samples[32].best_precool_pct,0.0
Riyadh.samples[32].prepeak2_pct,1.87
Riyadh.samples[32].night2_pct,4.54
Riyadh.samples[32].admissible,True
Riyadh.samples[32].precode_admissible,False
Riyadh.samples[33].x[0],0.001
Riyadh.samples[33].x[1],0.022
Riyadh.samples[33].x[2],1.345
Riyadh.samples[33].x[3],1.243
Riyadh.samples[33].x[4],0.174
Riyadh.samples[33].x[5],0.195
Riyadh.samples[33].x[6],0.574
Riyadh.samples[33].x[7],0.045
Riyadh.samples[33].x[8],2.899
Riyadh.samples[33].x[9],0.417
Riyadh.samples[33].x[10],0.775
Riyadh.samples[33].x[11],1.049
Riyadh.samples[33].x[12],0.767
Riyadh.samples[33].x[13],1.248
Riyadh.samples[33].x[14],0.016
Riyadh.samples[33].x[15],1.216
Riyadh.samples[33].x[16],0.569
Riyadh.samples[33].setpoint_pct,8.7
Riyadh.samples[33].envelope_pct,59.7
Riyadh.samples[33].inverter_pct,9.0
Riyadh.samples[33].best_precool_pct,0.0
Riyadh.samples[33].prepeak2_pct,2.39
Riyadh.samples[33].night2_pct,3.47
Riyadh.samples[33].admissible,True
Riyadh.samples[33].precode_admissible,True
Riyadh.samples[34].x[0],0.027
Riyadh.samples[34].x[1],0.012
Riyadh.samples[34].x[2],1.348
Riyadh.samples[34].x[3],1.159
Riyadh.samples[34].x[4],0.093
Riyadh.samples[34].x[5],0.316
Riyadh.samples[34].x[6],1.175
Riyadh.samples[34].x[7],0.078
Riyadh.samples[34].x[8],3.12
Riyadh.samples[34].x[9],0.383
Riyadh.samples[34].x[10],0.985
Riyadh.samples[34].x[11],1.187
Riyadh.samples[34].x[12],0.858
Riyadh.samples[34].x[13],0.511
Riyadh.samples[34].x[14],0.016
Riyadh.samples[34].x[15],1.155
Riyadh.samples[34].x[16],0.332
Riyadh.samples[34].setpoint_pct,13.5
Riyadh.samples[34].envelope_pct,57.2
Riyadh.samples[34].inverter_pct,16.9
Riyadh.samples[34].best_precool_pct,0.0
Riyadh.samples[34].prepeak2_pct,2.74
Riyadh.samples[34].night2_pct,5.41
Riyadh.samples[34].admissible,True
Riyadh.samples[34].precode_admissible,True
Riyadh.samples[35].x[0],0.002
Riyadh.samples[35].x[1],0.03
Riyadh.samples[35].x[2],1.458
Riyadh.samples[35].x[3],1.147
Riyadh.samples[35].x[4],0.2
Riyadh.samples[35].x[5],0.194
Riyadh.samples[35].x[6],1.581
Riyadh.samples[35].x[7],0.063
Riyadh.samples[35].x[8],2.987
Riyadh.samples[35].x[9],0.618
Riyadh.samples[35].x[10],1.166
Riyadh.samples[35].x[11],1.017
Riyadh.samples[35].x[12],0.593
Riyadh.samples[35].x[13],0.503
Riyadh.samples[35].x[14],0.02
Riyadh.samples[35].x[15],1.183
Riyadh.samples[35].x[16],0.967
Riyadh.samples[35].setpoint_pct,8.4
Riyadh.samples[35].envelope_pct,48.0
Riyadh.samples[35].inverter_pct,12.2
Riyadh.samples[35].best_precool_pct,0.0
Riyadh.samples[35].prepeak2_pct,1.72
Riyadh.samples[35].night2_pct,2.16
Riyadh.samples[35].admissible,True
Riyadh.samples[35].precode_admissible,False
Riyadh.samples[36].x[0],0.023
Riyadh.samples[36].x[1],0.016
Riyadh.samples[36].x[2],1.41
Riyadh.samples[36].x[3],1.116
Riyadh.samples[36].x[4],0.073
Riyadh.samples[36].x[5],0.228
Riyadh.samples[36].x[6],1.575
Riyadh.samples[36].x[7],0.032
Riyadh.samples[36].x[8],3.933
Riyadh.samples[36].x[9],0.712
Riyadh.samples[36].x[10],0.987
Riyadh.samples[36].x[11],1.077
Riyadh.samples[36].x[12],0.866
Riyadh.samples[36].x[13],0.994
Riyadh.samples[36].x[14],0.008
Riyadh.samples[36].x[15],1.231
Riyadh.samples[36].x[16],-0.905
Riyadh.samples[36].setpoint_pct,10.1
Riyadh.samples[36].envelope_pct,56.8
Riyadh.samples[36].inverter_pct,15.5
Riyadh.samples[36].best_precool_pct,0.0
Riyadh.samples[36].prepeak2_pct,4.23
Riyadh.samples[36].night2_pct,5.33
Riyadh.samples[36].admissible,True
Riyadh.samples[36].precode_admissible,True
Riyadh.samples[37].x[0],0.009
Riyadh.samples[37].x[1],0.023
Riyadh.samples[37].x[2],1.568
Riyadh.samples[37].x[3],1.247
Riyadh.samples[37].x[4],0.076
Riyadh.samples[37].x[5],0.306
Riyadh.samples[37].x[6],1.509
Riyadh.samples[37].x[7],0.04
Riyadh.samples[37].x[8],3.207
Riyadh.samples[37].x[9],0.677
Riyadh.samples[37].x[10],0.895
Riyadh.samples[37].x[11],1.082
Riyadh.samples[37].x[12],0.846
Riyadh.samples[37].x[13],0.561
Riyadh.samples[37].x[14],0.008
Riyadh.samples[37].x[15],0.983
Riyadh.samples[37].x[16],1.611
Riyadh.samples[37].setpoint_pct,10.0
Riyadh.samples[37].envelope_pct,55.9
Riyadh.samples[37].inverter_pct,22.1
Riyadh.samples[37].best_precool_pct,0.0
Riyadh.samples[37].prepeak2_pct,3.16
Riyadh.samples[37].night2_pct,3.73
Riyadh.samples[37].admissible,True
Riyadh.samples[37].precode_admissible,True
Riyadh.samples[38].x[0],0.023
Riyadh.samples[38].x[1],0.027
Riyadh.samples[38].x[2],1.415
Riyadh.samples[38].x[3],1.25
Riyadh.samples[38].x[4],0.227
Riyadh.samples[38].x[5],0.249
Riyadh.samples[38].x[6],1.795
Riyadh.samples[38].x[7],0.083
Riyadh.samples[38].x[8],3.439
Riyadh.samples[38].x[9],0.766
Riyadh.samples[38].x[10],0.963
Riyadh.samples[38].x[11],1.075
Riyadh.samples[38].x[12],0.51
Riyadh.samples[38].x[13],0.845
Riyadh.samples[38].x[14],0.015
Riyadh.samples[38].x[15],1.0
Riyadh.samples[38].x[16],1.238
Riyadh.samples[38].setpoint_pct,11.0
Riyadh.samples[38].envelope_pct,45.5
Riyadh.samples[38].inverter_pct,12.1
Riyadh.samples[38].best_precool_pct,0.0
Riyadh.samples[38].prepeak2_pct,2.79
Riyadh.samples[38].night2_pct,4.84
Riyadh.samples[38].admissible,True
Riyadh.samples[38].precode_admissible,False
Riyadh.samples[39].x[0],0.03
Riyadh.samples[39].x[1],0.02
Riyadh.samples[39].x[2],1.396
Riyadh.samples[39].x[3],1.236
Riyadh.samples[39].x[4],0.183
Riyadh.samples[39].x[5],0.213
Riyadh.samples[39].x[6],0.778
Riyadh.samples[39].x[7],0.099
Riyadh.samples[39].x[8],3.475
Riyadh.samples[39].x[9],0.407
Riyadh.samples[39].x[10],0.899
Riyadh.samples[39].x[11],1.188
Riyadh.samples[39].x[12],0.547
Riyadh.samples[39].x[13],0.974
Riyadh.samples[39].x[14],0.019
Riyadh.samples[39].x[15],1.143
Riyadh.samples[39].x[16],0.639
Riyadh.samples[39].setpoint_pct,13.4
Riyadh.samples[39].envelope_pct,53.2
Riyadh.samples[39].inverter_pct,11.4
Riyadh.samples[39].best_precool_pct,0.0
Riyadh.samples[39].prepeak2_pct,3.25
Riyadh.samples[39].night2_pct,6.01
Riyadh.samples[39].admissible,True
Riyadh.samples[39].precode_admissible,True
Riyadh.samples[40].x[0],0.018
Riyadh.samples[40].x[1],0.028
Riyadh.samples[40].x[2],1.497
Riyadh.samples[40].x[3],1.215
Riyadh.samples[40].x[4],0.105
Riyadh.samples[40].x[5],0.232
Riyadh.samples[40].x[6],1.662
Riyadh.samples[40].x[7],0.022
Riyadh.samples[40].x[8],3.653
Riyadh.samples[40].x[9],0.655
Riyadh.samples[40].x[10],0.92
Riyadh.samples[40].x[11],1.08
Riyadh.samples[40].x[12],0.532
Riyadh.samples[40].x[13],1.403
Riyadh.samples[40].x[14],0.013
Riyadh.samples[40].x[15],0.832
Riyadh.samples[40].x[16],0.131
Riyadh.samples[40].setpoint_pct,10.7
Riyadh.samples[40].envelope_pct,53.9
Riyadh.samples[40].inverter_pct,16.3
Riyadh.samples[40].best_precool_pct,0.0
Riyadh.samples[40].prepeak2_pct,4.43
Riyadh.samples[40].night2_pct,5.19
Riyadh.samples[40].admissible,True
Riyadh.samples[40].precode_admissible,False
Riyadh.samples[41].x[0],0.006
Riyadh.samples[41].x[1],0.027
Riyadh.samples[41].x[2],1.589
Riyadh.samples[41].x[3],1.224
Riyadh.samples[41].x[4],0.191
Riyadh.samples[41].x[5],0.292
Riyadh.samples[41].x[6],1.854
Riyadh.samples[41].x[7],0.028
Riyadh.samples[41].x[8],3.341
Riyadh.samples[41].x[9],0.648
Riyadh.samples[41].x[10],0.814
Riyadh.samples[41].x[11],1.096
Riyadh.samples[41].x[12],0.746
Riyadh.samples[41].x[13],0.882
Riyadh.samples[41].x[14],0.007
Riyadh.samples[41].x[15],1.222
Riyadh.samples[41].x[16],1.299
Riyadh.samples[41].setpoint_pct,8.8
Riyadh.samples[41].envelope_pct,56.1
Riyadh.samples[41].inverter_pct,19.0
Riyadh.samples[41].best_precool_pct,0.0
Riyadh.samples[41].prepeak2_pct,3.41
Riyadh.samples[41].night2_pct,2.65
Riyadh.samples[41].admissible,True
Riyadh.samples[41].precode_admissible,True
Riyadh.samples[42].x[0],0.015
Riyadh.samples[42].x[1],0.011
Riyadh.samples[42].x[2],1.518
Riyadh.samples[42].x[3],1.193
Riyadh.samples[42].x[4],0.185
Riyadh.samples[42].x[5],0.159
Riyadh.samples[42].x[6],1.545
Riyadh.samples[42].x[7],0.114
Riyadh.samples[42].x[8],2.594
Riyadh.samples[42].x[9],0.247
Riyadh.samples[42].x[10],1.207
Riyadh.samples[42].x[11],1.021
Riyadh.samples[42].x[12],0.841
Riyadh.samples[42].x[13],0.541
Riyadh.samples[42].x[14],0.017
Riyadh.samples[42].x[15],1.29
Riyadh.samples[42].x[16],0.371
Riyadh.samples[42].setpoint_pct,11.5
Riyadh.samples[42].envelope_pct,55.1
Riyadh.samples[42].inverter_pct,12.3
Riyadh.samples[42].best_precool_pct,0.0
Riyadh.samples[42].prepeak2_pct,2.18
Riyadh.samples[42].night2_pct,4.16
Riyadh.samples[42].admissible,True
Riyadh.samples[42].precode_admissible,False
Riyadh.samples[43].x[0],0.012
Riyadh.samples[43].x[1],0.018
Riyadh.samples[43].x[2],1.572
Riyadh.samples[43].x[3],1.169
Riyadh.samples[43].x[4],0.204
Riyadh.samples[43].x[5],0.26
Riyadh.samples[43].x[6],1.242
Riyadh.samples[43].x[7],0.042
Riyadh.samples[43].x[8],2.555
Riyadh.samples[43].x[9],0.342
Riyadh.samples[43].x[10],1.059
Riyadh.samples[43].x[11],1.03
Riyadh.samples[43].x[12],0.815
Riyadh.samples[43].x[13],0.917
Riyadh.samples[43].x[14],0.018
Riyadh.samples[43].x[15],1.012
Riyadh.samples[43].x[16],0.896
Riyadh.samples[43].setpoint_pct,11.6
Riyadh.samples[43].envelope_pct,59.0
Riyadh.samples[43].inverter_pct,16.9
Riyadh.samples[43].best_precool_pct,0.0
Riyadh.samples[43].prepeak2_pct,3.76
Riyadh.samples[43].night2_pct,4.52
Riyadh.samples[43].admissible,True
Riyadh.samples[43].precode_admissible,True
Riyadh.samples[44].x[0],0.016
Riyadh.samples[44].x[1],0.015
Riyadh.samples[44].x[2],1.491
Riyadh.samples[44].x[3],1.131
Riyadh.samples[44].x[4],0.108
Riyadh.samples[44].x[5],0.292
Riyadh.samples[44].x[6],0.991
Riyadh.samples[44].x[7],0.101
Riyadh.samples[44].x[8],3.628
Riyadh.samples[44].x[9],0.327
Riyadh.samples[44].x[10],0.874
Riyadh.samples[44].x[11],1.1
Riyadh.samples[44].x[12],0.535
Riyadh.samples[44].x[13],1.469
Riyadh.samples[44].x[14],0.008
Riyadh.samples[44].x[15],1.243
Riyadh.samples[44].x[16],-0.132
Riyadh.samples[44].setpoint_pct,11.2
Riyadh.samples[44].envelope_pct,55.5
Riyadh.samples[44].inverter_pct,18.2
Riyadh.samples[44].best_precool_pct,0.0
Riyadh.samples[44].prepeak2_pct,2.49
Riyadh.samples[44].night2_pct,4.35
Riyadh.samples[44].admissible,True
Riyadh.samples[44].precode_admissible,True
Riyadh.samples[45].x[0],0.029
Riyadh.samples[45].x[1],0.012
Riyadh.samples[45].x[2],1.53
Riyadh.samples[45].x[3],1.101
Riyadh.samples[45].x[4],0.116
Riyadh.samples[45].x[5],0.177
Riyadh.samples[45].x[6],1.605
Riyadh.samples[45].x[7],0.023
Riyadh.samples[45].x[8],3.186
Riyadh.samples[45].x[9],0.705
Riyadh.samples[45].x[10],0.725
Riyadh.samples[45].x[11],1.072
Riyadh.samples[45].x[12],0.873
Riyadh.samples[45].x[13],1.01
Riyadh.samples[45].x[14],0.019
Riyadh.samples[45].x[15],1.118
Riyadh.samples[45].x[16],1.28
Riyadh.samples[45].setpoint_pct,12.9
Riyadh.samples[45].envelope_pct,58.7
Riyadh.samples[45].inverter_pct,12.9
Riyadh.samples[45].best_precool_pct,0.0
Riyadh.samples[45].prepeak2_pct,5.0
Riyadh.samples[45].night2_pct,7.65
Riyadh.samples[45].admissible,True
Riyadh.samples[45].precode_admissible,False
Riyadh.samples[46].x[0],0.005
Riyadh.samples[46].x[1],0.026
Riyadh.samples[46].x[2],1.342
Riyadh.samples[46].x[3],1.232
Riyadh.samples[46].x[4],0.246
Riyadh.samples[46].x[5],0.223
Riyadh.samples[46].x[6],0.594
Riyadh.samples[46].x[7],0.099
Riyadh.samples[46].x[8],3.847
Riyadh.samples[46].x[9],0.53
Riyadh.samples[46].x[10],1.092
Riyadh.samples[46].x[11],1.015
Riyadh.samples[46].x[12],0.566
Riyadh.samples[46].x[13],0.854
Riyadh.samples[46].x[14],0.006
Riyadh.samples[46].x[15],0.824
Riyadh.samples[46].x[16],1.408
Riyadh.samples[46].setpoint_pct,10.3
Riyadh.samples[46].envelope_pct,48.2
Riyadh.samples[46].inverter_pct,9.0
Riyadh.samples[46].best_precool_pct,0.0
Riyadh.samples[46].prepeak2_pct,1.69
Riyadh.samples[46].night2_pct,2.88
Riyadh.samples[46].admissible,True
Riyadh.samples[46].precode_admissible,True
Riyadh.samples[47].x[0],0.009
Riyadh.samples[47].x[1],0.021
Riyadh.samples[47].x[2],1.549
Riyadh.samples[47].x[3],1.124
Riyadh.samples[47].x[4],0.165
Riyadh.samples[47].x[5],0.248
Riyadh.samples[47].x[6],0.87
Riyadh.samples[47].x[7],0.049
Riyadh.samples[47].x[8],3.685
Riyadh.samples[47].x[9],0.768
Riyadh.samples[47].x[10],0.794
Riyadh.samples[47].x[11],1.032
Riyadh.samples[47].x[12],0.632
Riyadh.samples[47].x[13],0.867
Riyadh.samples[47].x[14],0.012
Riyadh.samples[47].x[15],0.909
Riyadh.samples[47].x[16],-0.206
Riyadh.samples[47].setpoint_pct,7.9
Riyadh.samples[47].envelope_pct,53.5
Riyadh.samples[47].inverter_pct,14.3
Riyadh.samples[47].best_precool_pct,0.0
Riyadh.samples[47].prepeak2_pct,3.55
Riyadh.samples[47].night2_pct,5.1
Riyadh.samples[47].admissible,True
Riyadh.samples[47].precode_admissible,True
Riyadh.samples[48].x[0],0.007
Riyadh.samples[48].x[1],0.017
Riyadh.samples[48].x[2],1.384
Riyadh.samples[48].x[3],1.191
Riyadh.samples[48].x[4],0.17
Riyadh.samples[48].x[5],0.235
Riyadh.samples[48].x[6],1.025
Riyadh.samples[48].x[7],0.048
Riyadh.samples[48].x[8],3.613
Riyadh.samples[48].x[9],0.61
Riyadh.samples[48].x[10],1.125
Riyadh.samples[48].x[11],1.043
Riyadh.samples[48].x[12],0.653
Riyadh.samples[48].x[13],1.318
Riyadh.samples[48].x[14],0.007
Riyadh.samples[48].x[15],1.204
Riyadh.samples[48].x[16],-0.611
Riyadh.samples[48].setpoint_pct,8.4
Riyadh.samples[48].envelope_pct,53.1
Riyadh.samples[48].inverter_pct,12.1
Riyadh.samples[48].best_precool_pct,0.0
Riyadh.samples[48].prepeak2_pct,2.44
Riyadh.samples[48].night2_pct,3.77
Riyadh.samples[48].admissible,True
Riyadh.samples[48].precode_admissible,True
Riyadh.samples[49].x[0],0.018
Riyadh.samples[49].x[1],0.025
Riyadh.samples[49].x[2],1.555
Riyadh.samples[49].x[3],1.297
Riyadh.samples[49].x[4],0.23
Riyadh.samples[49].x[5],0.347
Riyadh.samples[49].x[6],1.43
Riyadh.samples[49].x[7],0.128
Riyadh.samples[49].x[8],3.268
Riyadh.samples[49].x[9],0.204
Riyadh.samples[49].x[10],1.088
Riyadh.samples[49].x[11],1.105
Riyadh.samples[49].x[12],0.503
Riyadh.samples[49].x[13],0.707
Riyadh.samples[49].x[14],0.016
Riyadh.samples[49].x[15],1.273
Riyadh.samples[49].x[16],1.882
Riyadh.samples[49].setpoint_pct,11.5
Riyadh.samples[49].envelope_pct,51.9
Riyadh.samples[49].inverter_pct,19.2
Riyadh.samples[49].best_precool_pct,0.0
Riyadh.samples[49].prepeak2_pct,2.0
Riyadh.samples[49].night2_pct,2.64
Riyadh.samples[49].admissible,True
Riyadh.samples[49].precode_admissible,False
Riyadh.samples[50].x[0],0.008
Riyadh.samples[50].x[1],0.012
Riyadh.samples[50].x[2],1.472
Riyadh.samples[50].x[3],1.203
Riyadh.samples[50].x[4],0.134
Riyadh.samples[50].x[5],0.16
Riyadh.samples[50].x[6],1.931
Riyadh.samples[50].x[7],0.122
Riyadh.samples[50].x[8],2.625
Riyadh.samples[50].x[9],0.597
Riyadh.samples[50].x[10],1.25
Riyadh.samples[50].x[11],1.004
Riyadh.samples[50].x[12],0.612
Riyadh.samples[50].x[13],0.55
Riyadh.samples[50].x[14],0.012
Riyadh.samples[50].x[15],1.092
Riyadh.samples[50].x[16],1.982
Riyadh.samples[50].setpoint_pct,10.6
Riyadh.samples[50].envelope_pct,47.8
Riyadh.samples[50].inverter_pct,12.8
Riyadh.samples[50].best_precool_pct,0.0
Riyadh.samples[50].prepeak2_pct,2.28
Riyadh.samples[50].night2_pct,4.97
Riyadh.samples[50].admissible,True
Riyadh.samples[50].precode_admissible,False
Riyadh.samples[51].x[0],0.014
Riyadh.samples[51].x[1],0.025
Riyadh.samples[51].x[2],1.425
Riyadh.samples[51].x[3],1.114
Riyadh.samples[51].x[4],0.155
Riyadh.samples[51].x[5],0.246
Riyadh.samples[51].x[6],1.343
Riyadh.samples[51].x[7],0.126
Riyadh.samples[51].x[8],2.822
Riyadh.samples[51].x[9],0.626
Riyadh.samples[51].x[10],0.959
Riyadh.samples[51].x[11],1.089
Riyadh.samples[51].x[12],0.555
Riyadh.samples[51].x[13],0.809
Riyadh.samples[51].x[14],0.011
Riyadh.samples[51].x[15],1.195
Riyadh.samples[51].x[16],-0.432
Riyadh.samples[51].setpoint_pct,8.4
Riyadh.samples[51].envelope_pct,50.0
Riyadh.samples[51].inverter_pct,14.0
Riyadh.samples[51].best_precool_pct,0.0
Riyadh.samples[51].prepeak2_pct,2.03
Riyadh.samples[51].night2_pct,3.53
Riyadh.samples[51].admissible,True
Riyadh.samples[51].precode_admissible,False
Riyadh.samples[52].x[0],0.029
Riyadh.samples[52].x[1],0.015
Riyadh.samples[52].x[2],1.494
Riyadh.samples[52].x[3],1.11
Riyadh.samples[52].x[4],0.068
Riyadh.samples[52].x[5],0.298
Riyadh.samples[52].x[6],1.233
Riyadh.samples[52].x[7],0.134
Riyadh.samples[52].x[8],3.55
Riyadh.samples[52].x[9],0.744
Riyadh.samples[52].x[10],1.039
Riyadh.samples[52].x[11],1.066
Riyadh.samples[52].x[12],0.85
Riyadh.samples[52].x[13],0.979
Riyadh.samples[52].x[14],0.007
Riyadh.samples[52].x[15],1.055
Riyadh.samples[52].x[16],-0.663
Riyadh.samples[52].setpoint_pct,10.9
Riyadh.samples[52].envelope_pct,52.7
Riyadh.samples[52].inverter_pct,19.2
Riyadh.samples[52].best_precool_pct,0.0
Riyadh.samples[52].prepeak2_pct,3.84
Riyadh.samples[52].night2_pct,7.07
Riyadh.samples[52].admissible,True
Riyadh.samples[52].precode_admissible,False
Riyadh.samples[53].x[0],0.027
Riyadh.samples[53].x[1],0.027
Riyadh.samples[53].x[2],1.44
Riyadh.samples[53].x[3],1.14
Riyadh.samples[53].x[4],0.214
Riyadh.samples[53].x[5],0.269
Riyadh.samples[53].x[6],1.31
Riyadh.samples[53].x[7],0.115
Riyadh.samples[53].x[8],3.168
Riyadh.samples[53].x[9],0.56
Riyadh.samples[53].x[10],0.764
Riyadh.samples[53].x[11],1.182
Riyadh.samples[53].x[12],0.561
Riyadh.samples[53].x[13],1.348
Riyadh.samples[53].x[14],0.017
Riyadh.samples[53].x[15],1.006
Riyadh.samples[53].x[16],1.488
Riyadh.samples[53].setpoint_pct,12.4
Riyadh.samples[53].envelope_pct,50.9
Riyadh.samples[53].inverter_pct,13.5
Riyadh.samples[53].best_precool_pct,0.0
Riyadh.samples[53].prepeak2_pct,3.3
Riyadh.samples[53].night2_pct,5.59
Riyadh.samples[53].admissible,True
Riyadh.samples[53].precode_admissible,False
Riyadh.samples[54].x[0],0.013
Riyadh.samples[54].x[1],0.029
Riyadh.samples[54].x[2],1.421
Riyadh.samples[54].x[3],1.255
Riyadh.samples[54].x[4],0.178
Riyadh.samples[54].x[5],0.217
Riyadh.samples[54].x[6],1.806
Riyadh.samples[54].x[7],0.105
Riyadh.samples[54].x[8],2.593
Riyadh.samples[54].x[9],0.456
Riyadh.samples[54].x[10],1.11
Riyadh.samples[54].x[11],1.012
Riyadh.samples[54].x[12],0.571
Riyadh.samples[54].x[13],0.58
Riyadh.samples[54].x[14],0.01
Riyadh.samples[54].x[15],1.027
Riyadh.samples[54].x[16],1.808
Riyadh.samples[54].setpoint_pct,11.1
Riyadh.samples[54].envelope_pct,49.1
Riyadh.samples[54].inverter_pct,12.5
Riyadh.samples[54].best_precool_pct,0.0
Riyadh.samples[54].prepeak2_pct,2.16
Riyadh.samples[54].night2_pct,3.19
Riyadh.samples[54].admissible,True
Riyadh.samples[54].precode_admissible,False
Riyadh.samples[55].x[0],0.009
Riyadh.samples[55].x[1],0.027
Riyadh.samples[55].x[2],1.427
Riyadh.samples[55].x[3],1.156
Riyadh.samples[55].x[4],0.167
Riyadh.samples[55].x[5],0.219
Riyadh.samples[55].x[6],1.872
Riyadh.samples[55].x[7],0.137
Riyadh.samples[55].x[8],3.777
Riyadh.samples[55].x[9],0.214
Riyadh.samples[55].x[10],1.018
Riyadh.samples[55].x[11],1.029
Riyadh.samples[55].x[12],0.734
Riyadh.samples[55].x[13],1.414
Riyadh.samples[55].x[14],0.014
Riyadh.samples[55].x[15],1.286
Riyadh.samples[55].x[16],0.45
Riyadh.samples[55].setpoint_pct,10.5
Riyadh.samples[55].envelope_pct,56.0
Riyadh.samples[55].inverter_pct,12.9
Riyadh.samples[55].best_precool_pct,0.0
Riyadh.samples[55].prepeak2_pct,1.57
Riyadh.samples[55].night2_pct,1.51
Riyadh.samples[55].admissible,True
Riyadh.samples[55].precode_admissible,False
Riyadh.samples[56].x[0],0.013
Riyadh.samples[56].x[1],0.03
Riyadh.samples[56].x[2],1.339
Riyadh.samples[56].x[3],1.278
Riyadh.samples[56].x[4],0.111
Riyadh.samples[56].x[5],0.161
Riyadh.samples[56].x[6],1.153
Riyadh.samples[56].x[7],0.116
Riyadh.samples[56].x[8],3.311
Riyadh.samples[56].x[9],0.221
Riyadh.samples[56].x[10],0.84
Riyadh.samples[56].x[11],1.131
Riyadh.samples[56].x[12],0.772
Riyadh.samples[56].x[13],1.455
Riyadh.samples[56].x[14],0.008
Riyadh.samples[56].x[15],1.139
Riyadh.samples[56].x[16],1.088
Riyadh.samples[56].setpoint_pct,11.3
Riyadh.samples[56].envelope_pct,58.3
Riyadh.samples[56].inverter_pct,10.4
Riyadh.samples[56].best_precool_pct,0.0
Riyadh.samples[56].prepeak2_pct,2.26
Riyadh.samples[56].night2_pct,2.1
Riyadh.samples[56].admissible,True
Riyadh.samples[56].precode_admissible,False
Riyadh.samples[57].x[0],0.021
Riyadh.samples[57].x[1],0.025
Riyadh.samples[57].x[2],1.303
Riyadh.samples[57].x[3],1.125
Riyadh.samples[57].x[4],0.111
Riyadh.samples[57].x[5],0.201
Riyadh.samples[57].x[6],1.539
Riyadh.samples[57].x[7],0.138
Riyadh.samples[57].x[8],2.965
Riyadh.samples[57].x[9],0.442
Riyadh.samples[57].x[10],1.222
Riyadh.samples[57].x[11],1.036
Riyadh.samples[57].x[12],0.667
Riyadh.samples[57].x[13],0.988
Riyadh.samples[57].x[14],0.016
Riyadh.samples[57].x[15],1.061
Riyadh.samples[57].x[16],1.348
Riyadh.samples[57].setpoint_pct,12.4
Riyadh.samples[57].envelope_pct,50.5
Riyadh.samples[57].inverter_pct,10.7
Riyadh.samples[57].best_precool_pct,0.0
Riyadh.samples[57].prepeak2_pct,2.51
Riyadh.samples[57].night2_pct,4.34
Riyadh.samples[57].admissible,True
Riyadh.samples[57].precode_admissible,False
Riyadh.samples[58].x[0],0.006
Riyadh.samples[58].x[1],0.017
Riyadh.samples[58].x[2],1.534
Riyadh.samples[58].x[3],1.129
Riyadh.samples[58].x[4],0.206
Riyadh.samples[58].x[5],0.205
Riyadh.samples[58].x[6],0.561
Riyadh.samples[58].x[7],0.096
Riyadh.samples[58].x[8],2.709
Riyadh.samples[58].x[9],0.722
Riyadh.samples[58].x[10],1.268
Riyadh.samples[58].x[11],1.193
Riyadh.samples[58].x[12],0.84
Riyadh.samples[58].x[13],1.223
Riyadh.samples[58].x[14],0.007
Riyadh.samples[58].x[15],1.21
Riyadh.samples[58].x[16],0.999
Riyadh.samples[58].setpoint_pct,9.1
Riyadh.samples[58].envelope_pct,51.1
Riyadh.samples[58].inverter_pct,11.8
Riyadh.samples[58].best_precool_pct,0.0
Riyadh.samples[58].prepeak2_pct,2.5
Riyadh.samples[58].night2_pct,4.25
Riyadh.samples[58].admissible,True
Riyadh.samples[58].precode_admissible,True
Riyadh.samples[59].x[0],0.002
Riyadh.samples[59].x[1],0.017
Riyadh.samples[59].x[2],1.478
Riyadh.samples[59].x[3],1.173
Riyadh.samples[59].x[4],0.123
Riyadh.samples[59].x[5],0.346
Riyadh.samples[59].x[6],1.191
Riyadh.samples[59].x[7],0.092
Riyadh.samples[59].x[8],2.813
Riyadh.samples[59].x[9],0.461
Riyadh.samples[59].x[10],1.216
Riyadh.samples[59].x[11],1.112
Riyadh.samples[59].x[12],0.761
Riyadh.samples[59].x[13],1.433
Riyadh.samples[59].x[14],0.013
Riyadh.samples[59].x[15],1.18
Riyadh.samples[59].x[16],-0.741
Riyadh.samples[59].setpoint_pct,8.5
Riyadh.samples[59].envelope_pct,53.6
Riyadh.samples[59].inverter_pct,19.8
Riyadh.samples[59].best_precool_pct,0.0
Riyadh.samples[59].prepeak2_pct,1.32
Riyadh.samples[59].night2_pct,2.96
Riyadh.samples[59].admissible,True
Riyadh.samples[59].precode_admissible,False
Riyadh.samples[60].x[0],0.024
Riyadh.samples[60].x[1],0.02
Riyadh.samples[60].x[2],1.562
Riyadh.samples[60].x[3],1.238
Riyadh.samples[60].x[4],0.115
Riyadh.samples[60].x[5],0.254
Riyadh.samples[60].x[6],1.453
Riyadh.samples[60].x[7],0.078
Riyadh.samples[60].x[8],3.25
Riyadh.samples[60].x[9],0.253
Riyadh.samples[60].x[10],0.853
Riyadh.samples[60].x[11],1.033
Riyadh.samples[60].x[12],0.753
Riyadh.samples[60].x[13],1.487
Riyadh.samples[60].x[14],0.013
Riyadh.samples[60].x[15],0.957
Riyadh.samples[60].x[16],1.552
Riyadh.samples[60].setpoint_pct,13.4
Riyadh.samples[60].envelope_pct,56.9
Riyadh.samples[60].inverter_pct,18.3
Riyadh.samples[60].best_precool_pct,0.0
Riyadh.samples[60].prepeak2_pct,2.69
Riyadh.samples[60].night2_pct,4.65
Riyadh.samples[60].admissible,True
Riyadh.samples[60].precode_admissible,False
Riyadh.samples[61].x[0],0.014
Riyadh.samples[61].x[1],0.013
Riyadh.samples[61].x[2],1.487
Riyadh.samples[61].x[3],1.169
Riyadh.samples[61].x[4],0.119
Riyadh.samples[61].x[5],0.215
Riyadh.samples[61].x[6],1.675
Riyadh.samples[61].x[7],0.052
Riyadh.samples[61].x[8],2.834
Riyadh.samples[61].x[9],0.525
Riyadh.samples[61].x[10],0.761
Riyadh.samples[61].x[11],1.199
Riyadh.samples[61].x[12],0.882
Riyadh.samples[61].x[13],1.468
Riyadh.samples[61].x[14],0.006
Riyadh.samples[61].x[15],1.261
Riyadh.samples[61].x[16],-0.826
Riyadh.samples[61].setpoint_pct,8.0
Riyadh.samples[61].envelope_pct,59.4
Riyadh.samples[61].inverter_pct,15.3
Riyadh.samples[61].best_precool_pct,0.0
Riyadh.samples[61].prepeak2_pct,2.59
Riyadh.samples[61].night2_pct,4.95
Riyadh.samples[61].admissible,True
Riyadh.samples[61].precode_admissible,False
Riyadh.samples[62].x[0],0.015
Riyadh.samples[62].x[1],0.013
Riyadh.samples[62].x[2],1.5
Riyadh.samples[62].x[3],1.261
Riyadh.samples[62].x[4],0.15
Riyadh.samples[62].x[5],0.288
Riyadh.samples[62].x[6],1.463
Riyadh.samples[62].x[7],0.044
Riyadh.samples[62].x[8],2.691
Riyadh.samples[62].x[9],0.59
Riyadh.samples[62].x[10],0.889
Riyadh.samples[62].x[11],1.06
Riyadh.samples[62].x[12],0.824
Riyadh.samples[62].x[13],1.257
Riyadh.samples[62].x[14],0.015
Riyadh.samples[62].x[15],0.973
Riyadh.samples[62].x[16],0.031
Riyadh.samples[62].setpoint_pct,10.0
Riyadh.samples[62].envelope_pct,56.4
Riyadh.samples[62].inverter_pct,17.8
Riyadh.samples[62].best_precool_pct,0.0
Riyadh.samples[62].prepeak2_pct,2.89
Riyadh.samples[62].night2_pct,5.47
Riyadh.samples[62].admissible,True
Riyadh.samples[62].precode_admissible,False
Riyadh.samples[63].x[0],0.028
Riyadh.samples[63].x[1],0.029
Riyadh.samples[63].x[2],1.336
Riyadh.samples[63].x[3],1.162
Riyadh.samples[63].x[4],0.181
Riyadh.samples[63].x[5],0.312
Riyadh.samples[63].x[6],1.449
Riyadh.samples[63].x[7],0.119
Riyadh.samples[63].x[8],3.283
Riyadh.samples[63].x[9],0.369
Riyadh.samples[63].x[10],1.082
Riyadh.samples[63].x[11],1.166
Riyadh.samples[63].x[12],0.784
Riyadh.samples[63].x[13],0.679
Riyadh.samples[63].x[14],0.006
Riyadh.samples[63].x[15],1.072
Riyadh.samples[63].x[16],1.032
Riyadh.samples[63].setpoint_pct,13.3
Riyadh.samples[63].envelope_pct,53.7
Riyadh.samples[63].inverter_pct,14.0
Riyadh.samples[63].best_precool_pct,0.0
Riyadh.samples[63].prepeak2_pct,2.77
Riyadh.samples[63].night2_pct,4.15
Riyadh.samples[63].admissible,True
Riyadh.samples[63].precode_admissible,False
Riyadh.samples[64].x[0],0.008
Riyadh.samples[64].x[1],0.016
Riyadh.samples[64].x[2],1.542
Riyadh.samples[64].x[3],1.229
Riyadh.samples[64].x[4],0.187
Riyadh.samples[64].x[5],0.282
Riyadh.samples[64].x[6],1.564
Riyadh.samples[64].x[7],0.081
Riyadh.samples[64].x[8],3.943
Riyadh.samples[64].x[9],0.64
Riyadh.samples[64].x[10],0.701
Riyadh.samples[64].x[11],1.105
Riyadh.samples[64].x[12],0.72
Riyadh.samples[64].x[13],1.057
Riyadh.samples[64].x[14],0.011
Riyadh.samples[64].x[15],0.871
Riyadh.samples[64].x[16],0.459
Riyadh.samples[64].setpoint_pct,7.9
Riyadh.samples[64].envelope_pct,52.5
Riyadh.samples[64].inverter_pct,16.8
Riyadh.samples[64].best_precool_pct,0.0
Riyadh.samples[64].prepeak2_pct,2.3
Riyadh.samples[64].night2_pct,5.43
Riyadh.samples[64].admissible,True
Riyadh.samples[64].precode_admissible,False
Riyadh.samples[65].x[0],0.017
Riyadh.samples[65].x[1],0.025
Riyadh.samples[65].x[2],1.358
Riyadh.samples[65].x[3],1.118
Riyadh.samples[65].x[4],0.24
Riyadh.samples[65].x[5],0.175
Riyadh.samples[65].x[6],1.345
Riyadh.samples[65].x[7],0.058
Riyadh.samples[65].x[8],3.535
Riyadh.samples[65].x[9],0.262
Riyadh.samples[65].x[10],0.745
Riyadh.samples[65].x[11],1.001
Riyadh.samples[65].x[12],0.661
Riyadh.samples[65].x[13],0.566
Riyadh.samples[65].x[14],0.011
Riyadh.samples[65].x[15],1.227
Riyadh.samples[65].x[16],0.71
Riyadh.samples[65].setpoint_pct,11.8
Riyadh.samples[65].envelope_pct,57.6
Riyadh.samples[65].inverter_pct,8.0
Riyadh.samples[65].best_precool_pct,0.0
Riyadh.samples[65].prepeak2_pct,1.61
Riyadh.samples[65].night2_pct,2.14
Riyadh.samples[65].admissible,True
Riyadh.samples[65].precode_admissible,True
Riyadh.samples[66].x[0],0.01
Riyadh.samples[66].x[1],0.018
Riyadh.samples[66].x[2],1.534
Riyadh.samples[66].x[3],1.295
Riyadh.samples[66].x[4],0.13
Riyadh.samples[66].x[5],0.349
Riyadh.samples[66].x[6],0.727
Riyadh.samples[66].x[7],0.062
Riyadh.samples[66].x[8],2.841
Riyadh.samples[66].x[9],0.242
Riyadh.samples[66].x[10],1.044
Riyadh.samples[66].x[11],1.121
Riyadh.samples[66].x[12],0.525
Riyadh.samples[66].x[13],1.367
Riyadh.samples[66].x[14],0.018
Riyadh.samples[66].x[15],0.813
Riyadh.samples[66].x[16],-0.357
Riyadh.samples[66].setpoint_pct,11.9
Riyadh.samples[66].envelope_pct,56.0
Riyadh.samples[66].inverter_pct,20.8
Riyadh.samples[66].best_precool_pct,0.0
Riyadh.samples[66].prepeak2_pct,2.76
Riyadh.samples[66].night2_pct,3.52
Riyadh.samples[66].admissible,True
Riyadh.samples[66].precode_admissible,True
Riyadh.samples[67].x[0],0.025
Riyadh.samples[67].x[1],0.024
Riyadh.samples[67].x[2],1.591
Riyadh.samples[67].x[3],1.269
Riyadh.samples[67].x[4],0.236
Riyadh.samples[67].x[5],0.186
Riyadh.samples[67].x[6],1.394
Riyadh.samples[67].x[7],0.146
Riyadh.samples[67].x[8],2.542
Riyadh.samples[67].x[9],0.297
Riyadh.samples[67].x[10],1.104
Riyadh.samples[67].x[11],1.038
Riyadh.samples[67].x[12],0.898
Riyadh.samples[67].x[13],1.33
Riyadh.samples[67].x[14],0.017
Riyadh.samples[67].x[15],1.11
Riyadh.samples[67].x[16],1.951
Riyadh.samples[67].setpoint_pct,12.3
Riyadh.samples[67].envelope_pct,55.2
Riyadh.samples[67].inverter_pct,13.4
Riyadh.samples[67].best_precool_pct,0.0
Riyadh.samples[67].prepeak2_pct,2.8
Riyadh.samples[67].night2_pct,4.29
Riyadh.samples[67].admissible,True
Riyadh.samples[67].precode_admissible,False
Riyadh.samples[68].x[0],0.022
Riyadh.samples[68].x[1],0.024
Riyadh.samples[68].x[2],1.584
Riyadh.samples[68].x[3],1.112
Riyadh.samples[68].x[4],0.129
Riyadh.samples[68].x[5],0.223
Riyadh.samples[68].x[6],1.144
Riyadh.samples[68].x[7],0.07
Riyadh.samples[68].x[8],3.986
Riyadh.samples[68].x[9],0.664
Riyadh.samples[68].x[10],1.055
Riyadh.samples[68].x[11],1.119
Riyadh.samples[68].x[12],0.759
Riyadh.samples[68].x[13],0.698
Riyadh.samples[68].x[14],0.009
Riyadh.samples[68].x[15],0.915
Riyadh.samples[68].x[16],-0.457
Riyadh.samples[68].setpoint_pct,10.3
Riyadh.samples[68].envelope_pct,54.1
Riyadh.samples[68].inverter_pct,16.9
Riyadh.samples[68].best_precool_pct,0.0
Riyadh.samples[68].prepeak2_pct,2.89
Riyadh.samples[68].night2_pct,4.57
Riyadh.samples[68].admissible,True
Riyadh.samples[68].precode_admissible,True
Riyadh.samples[69].x[0],0.025
Riyadh.samples[69].x[1],0.028
Riyadh.samples[69].x[2],1.389
Riyadh.samples[69].x[3],1.196
Riyadh.samples[69].x[4],0.173
Riyadh.samples[69].x[5],0.284
Riyadh.samples[69].x[6],1.715
Riyadh.samples[69].x[7],0.128
Riyadh.samples[69].x[8],2.526
Riyadh.samples[69].x[9],0.4
Riyadh.samples[69].x[10],1.138
Riyadh.samples[69].x[11],1.052
Riyadh.samples[69].x[12],0.736
Riyadh.samples[69].x[13],0.531
Riyadh.samples[69].x[14],0.017
Riyadh.samples[69].x[15],0.887
Riyadh.samples[69].x[16],0.801
Riyadh.samples[69].setpoint_pct,13.1
Riyadh.samples[69].envelope_pct,52.0
Riyadh.samples[69].inverter_pct,14.3
Riyadh.samples[69].best_precool_pct,0.0
Riyadh.samples[69].prepeak2_pct,2.77
Riyadh.samples[69].night2_pct,4.83
Riyadh.samples[69].admissible,True
Riyadh.samples[69].precode_admissible,False
Riyadh.samples[70].x[0],0.009
Riyadh.samples[70].x[1],0.015
Riyadh.samples[70].x[2],1.453
Riyadh.samples[70].x[3],1.205
Riyadh.samples[70].x[4],0.201
Riyadh.samples[70].x[5],0.188
Riyadh.samples[70].x[6],1.117
Riyadh.samples[70].x[7],0.051
Riyadh.samples[70].x[8],3.401
Riyadh.samples[70].x[9],0.607
Riyadh.samples[70].x[10],0.843
Riyadh.samples[70].x[11],1.184
Riyadh.samples[70].x[12],0.622
Riyadh.samples[70].x[13],1.018
Riyadh.samples[70].x[14],0.016
Riyadh.samples[70].x[15],1.032
Riyadh.samples[70].x[16],1.484
Riyadh.samples[70].setpoint_pct,10.0
Riyadh.samples[70].envelope_pct,54.0
Riyadh.samples[70].inverter_pct,11.6
Riyadh.samples[70].best_precool_pct,0.0
Riyadh.samples[70].prepeak2_pct,3.21
Riyadh.samples[70].night2_pct,5.12
Riyadh.samples[70].admissible,True
Riyadh.samples[70].precode_admissible,True
Riyadh.samples[71].x[0],0.011
Riyadh.samples[71].x[1],0.028
Riyadh.samples[71].x[2],1.516
Riyadh.samples[71].x[3],1.239
Riyadh.samples[71].x[4],0.052
Riyadh.samples[71].x[5],0.221
Riyadh.samples[71].x[6],0.851
Riyadh.samples[71].x[7],0.136
Riyadh.samples[71].x[8],3.751
Riyadh.samples[71].x[9],0.514
Riyadh.samples[71].x[10],0.905
Riyadh.samples[71].x[11],1.128
Riyadh.samples[71].x[12],0.677
Riyadh.samples[71].x[13],0.646
Riyadh.samples[71].x[14],0.013
Riyadh.samples[71].x[15],0.988
Riyadh.samples[71].x[16],0.61
Riyadh.samples[71].setpoint_pct,9.9
Riyadh.samples[71].envelope_pct,54.0
Riyadh.samples[71].inverter_pct,17.9
Riyadh.samples[71].best_precool_pct,0.0
Riyadh.samples[71].prepeak2_pct,2.99
Riyadh.samples[71].night2_pct,4.71
Riyadh.samples[71].admissible,True
Riyadh.samples[71].precode_admissible,True
Riyadh.samples[72].x[0],0.002
Riyadh.samples[72].x[1],0.026
Riyadh.samples[72].x[2],1.441
Riyadh.samples[72].x[3],1.231
Riyadh.samples[72].x[4],0.086
Riyadh.samples[72].x[5],0.29
Riyadh.samples[72].x[6],1.524
Riyadh.samples[72].x[7],0.046
Riyadh.samples[72].x[8],2.768
Riyadh.samples[72].x[9],0.731
Riyadh.samples[72].x[10],1.008
Riyadh.samples[72].x[11],1.025
Riyadh.samples[72].x[12],0.895
Riyadh.samples[72].x[13],0.741
Riyadh.samples[72].x[14],0.014
Riyadh.samples[72].x[15],0.997
Riyadh.samples[72].x[16],0.904
Riyadh.samples[72].setpoint_pct,8.2
Riyadh.samples[72].envelope_pct,53.7
Riyadh.samples[72].inverter_pct,18.3
Riyadh.samples[72].best_precool_pct,0.0
Riyadh.samples[72].prepeak2_pct,2.11
Riyadh.samples[72].night2_pct,2.91
Riyadh.samples[72].admissible,True
Riyadh.samples[72].precode_admissible,False
Riyadh.samples[73].x[0],0.001
Riyadh.samples[73].x[1],0.016
Riyadh.samples[73].x[2],1.456
Riyadh.samples[73].x[3],1.222
Riyadh.samples[73].x[4],0.05
Riyadh.samples[73].x[5],0.287
Riyadh.samples[73].x[6],0.757
Riyadh.samples[73].x[7],0.065
Riyadh.samples[73].x[8],3.042
Riyadh.samples[73].x[9],0.394
Riyadh.samples[73].x[10],0.849
Riyadh.samples[73].x[11],1.127
Riyadh.samples[73].x[12],0.514
Riyadh.samples[73].x[13],1.054
Riyadh.samples[73].x[14],0.011
Riyadh.samples[73].x[15],0.946
Riyadh.samples[73].x[16],-0.563
Riyadh.samples[73].setpoint_pct,8.2
Riyadh.samples[73].envelope_pct,56.6
Riyadh.samples[73].inverter_pct,18.7
Riyadh.samples[73].best_precool_pct,0.0
Riyadh.samples[73].prepeak2_pct,2.43
Riyadh.samples[73].night2_pct,3.58
Riyadh.samples[73].admissible,True
Riyadh.samples[73].precode_admissible,True
Riyadh.samples[74].x[0],0.005
Riyadh.samples[74].x[1],0.011
Riyadh.samples[74].x[2],1.488
Riyadh.samples[74].x[3],1.194
Riyadh.samples[74].x[4],0.104
Riyadh.samples[74].x[5],0.231
Riyadh.samples[74].x[6],1.846
Riyadh.samples[74].x[7],0.104
Riyadh.samples[74].x[8],3.416
Riyadh.samples[74].x[9],0.695
Riyadh.samples[74].x[10],1.146
Riyadh.samples[74].x[11],1.123
Riyadh.samples[74].x[12],0.801
Riyadh.samples[74].x[13],1.242
Riyadh.samples[74].x[14],0.005
Riyadh.samples[74].x[15],0.849
Riyadh.samples[74].x[16],0.854
Riyadh.samples[74].setpoint_pct,9.6
Riyadh.samples[74].envelope_pct,51.2
Riyadh.samples[74].inverter_pct,16.0
Riyadh.samples[74].best_precool_pct,0.0
Riyadh.samples[74].prepeak2_pct,2.55
Riyadh.samples[74].night2_pct,5.68
Riyadh.samples[74].admissible,True
Riyadh.samples[74].precode_admissible,False
Riyadh.samples[75].x[0],0.016
Riyadh.samples[75].x[1],0.013
Riyadh.samples[75].x[2],1.398
Riyadh.samples[75].x[3],1.105
Riyadh.samples[75].x[4],0.219
Riyadh.samples[75].x[5],0.25
Riyadh.samples[75].x[6],1.489
Riyadh.samples[75].x[7],0.073
Riyadh.samples[75].x[8],3.867
Riyadh.samples[75].x[9],0.496
Riyadh.samples[75].x[10],1.049
Riyadh.samples[75].x[11],1.113
Riyadh.samples[75].x[12],0.849
Riyadh.samples[75].x[13],1.229
Riyadh.samples[75].x[14],0.009
Riyadh.samples[75].x[15],1.189
Riyadh.samples[75].x[16],1.853
Riyadh.samples[75].setpoint_pct,11.7
Riyadh.samples[75].envelope_pct,52.9
Riyadh.samples[75].inverter_pct,12.0
Riyadh.samples[75].best_precool_pct,0.0
Riyadh.samples[75].prepeak2_pct,1.92
Riyadh.samples[75].night2_pct,4.41
Riyadh.samples[75].admissible,True
Riyadh.samples[75].precode_admissible,False
Riyadh.samples[76].x[0],0.006
Riyadh.samples[76].x[1],0.012
Riyadh.samples[76].x[2],1.528
Riyadh.samples[76].x[3],1.107
Riyadh.samples[76].x[4],0.243
Riyadh.samples[76].x[5],0.302
Riyadh.samples[76].x[6],1.898
Riyadh.samples[76].x[7],0.102
Riyadh.samples[76].x[8],3.076
Riyadh.samples[76].x[9],0.552
Riyadh.samples[76].x[10],1.277
Riyadh.samples[76].x[11],1.163
Riyadh.samples[76].x[12],0.853
Riyadh.samples[76].x[13],1.0
Riyadh.samples[76].x[14],0.014
Riyadh.samples[76].x[15],1.135
Riyadh.samples[76].x[16],0.572
Riyadh.samples[76].setpoint_pct,9.6
Riyadh.samples[76].envelope_pct,51.7
Riyadh.samples[76].inverter_pct,16.2
Riyadh.samples[76].best_precool_pct,0.0
Riyadh.samples[76].prepeak2_pct,1.91
Riyadh.samples[76].night2_pct,4.77
Riyadh.samples[76].admissible,True
Riyadh.samples[76].precode_admissible,False
Riyadh.samples[77].x[0],0.017
Riyadh.samples[77].x[1],0.022
Riyadh.samples[77].x[2],1.363
Riyadh.samples[77].x[3],1.113
Riyadh.samples[77].x[4],0.075
Riyadh.samples[77].x[5],0.155
Riyadh.samples[77].x[6],1.474
Riyadh.samples[77].x[7],0.071
Riyadh.samples[77].x[8],3.732
Riyadh.samples[77].x[9],0.403
Riyadh.samples[77].x[10],1.155
Riyadh.samples[77].x[11],1.074
Riyadh.samples[77].x[12],0.738
Riyadh.samples[77].x[13],1.186
Riyadh.samples[77].x[14],0.01
Riyadh.samples[77].x[15],1.253
Riyadh.samples[77].x[16],0.112
Riyadh.samples[77].setpoint_pct,11.4
Riyadh.samples[77].envelope_pct,54.2
Riyadh.samples[77].inverter_pct,11.4
Riyadh.samples[77].best_precool_pct,0.0
Riyadh.samples[77].prepeak2_pct,2.07
Riyadh.samples[77].night2_pct,2.79
Riyadh.samples[77].admissible,True
Riyadh.samples[77].precode_admissible,False
Riyadh.samples[78].x[0],0.005
Riyadh.samples[78].x[1],0.012
Riyadh.samples[78].x[2],1.505
Riyadh.samples[78].x[3],1.161
Riyadh.samples[78].x[4],0.191
Riyadh.samples[78].x[5],0.275
Riyadh.samples[78].x[6],1.075
Riyadh.samples[78].x[7],0.028
Riyadh.samples[78].x[8],3.095
Riyadh.samples[78].x[9],0.216
Riyadh.samples[78].x[10],0.707
Riyadh.samples[78].x[11],1.002
Riyadh.samples[78].x[12],0.712
Riyadh.samples[78].x[13],0.685
Riyadh.samples[78].x[14],0.014
Riyadh.samples[78].x[15],1.249
Riyadh.samples[78].x[16],-0.259
Riyadh.samples[78].setpoint_pct,10.7
Riyadh.samples[78].envelope_pct,64.1
Riyadh.samples[78].inverter_pct,15.4
Riyadh.samples[78].best_precool_pct,0.0
Riyadh.samples[78].prepeak2_pct,4.08
Riyadh.samples[78].night2_pct,4.88
Riyadh.samples[78].admissible,True
Riyadh.samples[78].precode_admissible,True
Riyadh.samples[79].x[0],0.003
Riyadh.samples[79].x[1],0.018
Riyadh.samples[79].x[2],1.374
Riyadh.samples[79].x[3],1.19
Riyadh.samples[79].x[4],0.083
Riyadh.samples[79].x[5],0.311
Riyadh.samples[79].x[6],1.0
Riyadh.samples[79].x[7],0.065
Riyadh.samples[79].x[8],2.778
Riyadh.samples[79].x[9],0.55
Riyadh.samples[79].x[10],0.947
Riyadh.samples[79].x[11],1.048
Riyadh.samples[79].x[12],0.638
Riyadh.samples[79].x[13],1.294
Riyadh.samples[79].x[14],0.006
Riyadh.samples[79].x[15],1.199
Riyadh.samples[79].x[16],1.959
Riyadh.samples[79].setpoint_pct,9.5
Riyadh.samples[79].envelope_pct,52.5
Riyadh.samples[79].inverter_pct,17.2
Riyadh.samples[79].best_precool_pct,0.0
Riyadh.samples[79].prepeak2_pct,2.21
Riyadh.samples[79].night2_pct,3.24
Riyadh.samples[79].admissible,True
Riyadh.samples[79].precode_admissible,True
Riyadh.samples[80].x[0],0.021
Riyadh.samples[80].x[1],0.022
Riyadh.samples[80].x[2],1.497
Riyadh.samples[80].x[3],1.205
Riyadh.samples[80].x[4],0.132
Riyadh.samples[80].x[5],0.202
Riyadh.samples[80].x[6],1.834
Riyadh.samples[80].x[7],0.111
Riyadh.samples[80].x[8],2.653
Riyadh.samples[80].x[9],0.709
Riyadh.samples[80].x[10],0.822
Riyadh.samples[80].x[11],1.086
Riyadh.samples[80].x[12],0.715
Riyadh.samples[80].x[13],1.269
Riyadh.samples[80].x[14],0.009
Riyadh.samples[80].x[15],0.894
Riyadh.samples[80].x[16],-0.101
Riyadh.samples[80].setpoint_pct,9.5
Riyadh.samples[80].envelope_pct,51.6
Riyadh.samples[80].inverter_pct,14.1
Riyadh.samples[80].best_precool_pct,0.0
Riyadh.samples[80].prepeak2_pct,3.07
Riyadh.samples[80].night2_pct,5.54
Riyadh.samples[80].admissible,True
Riyadh.samples[80].precode_admissible,False
Riyadh.samples[81].x[0],0.025
Riyadh.samples[81].x[1],0.01
Riyadh.samples[81].x[2],1.401
Riyadh.samples[81].x[3],1.145
Riyadh.samples[81].x[4],0.232
Riyadh.samples[81].x[5],0.299
Riyadh.samples[81].x[6],0.93
Riyadh.samples[81].x[7],0.074
Riyadh.samples[81].x[8],2.607
Riyadh.samples[81].x[9],0.635
Riyadh.samples[81].x[10],1.212
Riyadh.samples[81].x[11],1.135
Riyadh.samples[81].x[12],0.829
Riyadh.samples[81].x[13],1.202
Riyadh.samples[81].x[14],0.008
Riyadh.samples[81].x[15],0.886
Riyadh.samples[81].x[16],-0.983
Riyadh.samples[81].setpoint_pct,11.3
Riyadh.samples[81].envelope_pct,52.8
Riyadh.samples[81].inverter_pct,13.0
Riyadh.samples[81].best_precool_pct,0.0
Riyadh.samples[81].prepeak2_pct,3.15
Riyadh.samples[81].night2_pct,5.93
Riyadh.samples[81].admissible,True
Riyadh.samples[81].precode_admissible,True
Riyadh.samples[82].x[0],0.018
Riyadh.samples[82].x[1],0.014
Riyadh.samples[82].x[2],1.309
Riyadh.samples[82].x[3],1.271
Riyadh.samples[82].x[4],0.223
Riyadh.samples[82].x[5],0.191
Riyadh.samples[82].x[6],1.254
Riyadh.samples[82].x[7],0.066
Riyadh.samples[82].x[8],2.503
Riyadh.samples[82].x[9],0.481
Riyadh.samples[82].x[10],1.246
Riyadh.samples[82].x[11],1.141
Riyadh.samples[82].x[12],0.702
Riyadh.samples[82].x[13],1.084
Riyadh.samples[82].x[14],0.011
Riyadh.samples[82].x[15],1.174
Riyadh.samples[82].x[16],-0.841
Riyadh.samples[82].setpoint_pct,10.9
Riyadh.samples[82].envelope_pct,51.3
Riyadh.samples[82].inverter_pct,7.6
Riyadh.samples[82].best_precool_pct,0.0
Riyadh.samples[82].prepeak2_pct,1.72
Riyadh.samples[82].night2_pct,3.9
Riyadh.samples[82].admissible,True
Riyadh.samples[82].precode_admissible,True
Riyadh.samples[83].x[0],0.012
Riyadh.samples[83].x[1],0.021
Riyadh.samples[83].x[2],1.526
Riyadh.samples[83].x[3],1.176
Riyadh.samples[83].x[4],0.067
Riyadh.samples[83].x[5],0.157
Riyadh.samples[83].x[6],1.785
Riyadh.samples[83].x[7],0.061
Riyadh.samples[83].x[8],3.566
Riyadh.samples[83].x[9],0.429
Riyadh.samples[83].x[10],1.256
Riyadh.samples[83].x[11],1.175
Riyadh.samples[83].x[12],0.635
Riyadh.samples[83].x[13],0.769
Riyadh.samples[83].x[14],0.01
Riyadh.samples[83].x[15],1.165
Riyadh.samples[83].x[16],1.743
Riyadh.samples[83].setpoint_pct,10.8
Riyadh.samples[83].envelope_pct,52.0
Riyadh.samples[83].inverter_pct,15.4
Riyadh.samples[83].best_precool_pct,0.0
Riyadh.samples[83].prepeak2_pct,2.0
Riyadh.samples[83].night2_pct,2.92
Riyadh.samples[83].admissible,True
Riyadh.samples[83].precode_admissible,False
Riyadh.samples[84].x[0],0.02
Riyadh.samples[84].x[1],0.023
Riyadh.samples[84].x[2],1.558
Riyadh.samples[84].x[3],1.291
Riyadh.samples[84].x[4],0.152
Riyadh.samples[84].x[5],0.333
Riyadh.samples[84].x[6],0.956
Riyadh.samples[84].x[7],0.096
Riyadh.samples[84].x[8],3.455
Riyadh.samples[84].x[9],0.279
Riyadh.samples[84].x[10],1.275
Riyadh.samples[84].x[11],1.098
Riyadh.samples[84].x[12],0.578
Riyadh.samples[84].x[13],0.952
Riyadh.samples[84].x[14],0.018
Riyadh.samples[84].x[15],0.867
Riyadh.samples[84].x[16],0.977
Riyadh.samples[84].setpoint_pct,12.4
Riyadh.samples[84].envelope_pct,50.6
Riyadh.samples[84].inverter_pct,20.2
Riyadh.samples[84].best_precool_pct,0.0
Riyadh.samples[84].prepeak2_pct,2.24
Riyadh.samples[84].night2_pct,4.19
Riyadh.samples[84].admissible,True
Riyadh.samples[84].precode_admissible,True
Riyadh.samples[85].x[0],0.0
Riyadh.samples[85].x[1],0.03
Riyadh.samples[85].x[2],1.36
Riyadh.samples[85].x[3],1.164
Riyadh.samples[85].x[4],0.146
Riyadh.samples[85].x[5],0.166
Riyadh.samples[85].x[6],0.515
Riyadh.samples[85].x[7],0.148
Riyadh.samples[85].x[8],3.763
Riyadh.samples[85].x[9],0.565
Riyadh.samples[85].x[10],1.291
Riyadh.samples[85].x[11],1.013
Riyadh.samples[85].x[12],0.716
Riyadh.samples[85].x[13],0.575
Riyadh.samples[85].x[14],0.005
Riyadh.samples[85].x[15],0.95
Riyadh.samples[85].x[16],0.099
Riyadh.samples[85].setpoint_pct,8.8
Riyadh.samples[85].envelope_pct,50.2
Riyadh.samples[85].inverter_pct,10.4
Riyadh.samples[85].best_precool_pct,0.0
Riyadh.samples[85].prepeak2_pct,1.49
Riyadh.samples[85].night2_pct,2.33
Riyadh.samples[85].admissible,True
Riyadh.samples[85].precode_admissible,True
Riyadh.samples[86].x[0],0.027
Riyadh.samples[86].x[1],0.029
Riyadh.samples[86].x[2],1.378
Riyadh.samples[86].x[3],1.247
Riyadh.samples[86].x[4],0.08
Riyadh.samples[86].x[5],0.297
Riyadh.samples[86].x[6],1.766
Riyadh.samples[86].x[7],0.054
Riyadh.samples[86].x[8],3.794
Riyadh.samples[86].x[9],0.779
Riyadh.samples[86].x[10],1.004
Riyadh.samples[86].x[11],1.186
Riyadh.samples[86].x[12],0.673
Riyadh.samples[86].x[13],1.16
Riyadh.samples[86].x[14],0.008
Riyadh.samples[86].x[15],1.043
Riyadh.samples[86].x[16],0.832
Riyadh.samples[86].setpoint_pct,11.7
Riyadh.samples[86].envelope_pct,49.8
Riyadh.samples[86].inverter_pct,16.7
Riyadh.samples[86].best_precool_pct,0.0
Riyadh.samples[86].prepeak2_pct,3.53
Riyadh.samples[86].night2_pct,5.25
Riyadh.samples[86].admissible,True
Riyadh.samples[86].precode_admissible,False
Riyadh.samples[87].x[0],0.007
Riyadh.samples[87].x[1],0.019
Riyadh.samples[87].x[2],1.316
Riyadh.samples[87].x[3],1.253
Riyadh.samples[87].x[4],0.217
Riyadh.samples[87].x[5],0.324
Riyadh.samples[87].x[6],0.978
Riyadh.samples[87].x[7],0.125
Riyadh.samples[87].x[8],3.989
Riyadh.samples[87].x[9],0.319
Riyadh.samples[87].x[10],0.937
Riyadh.samples[87].x[11],1.063
Riyadh.samples[87].x[12],0.502
Riyadh.samples[87].x[13],1.04
Riyadh.samples[87].x[14],0.013
Riyadh.samples[87].x[15],1.273
Riyadh.samples[87].x[16],-0.144
Riyadh.samples[87].setpoint_pct,10.0
Riyadh.samples[87].envelope_pct,52.9
Riyadh.samples[87].inverter_pct,13.0
Riyadh.samples[87].best_precool_pct,0.0
Riyadh.samples[87].prepeak2_pct,0.92
Riyadh.samples[87].night2_pct,2.37
Riyadh.samples[87].admissible,True
Riyadh.samples[87].precode_admissible,False
Riyadh.samples[88].x[0],0.02
Riyadh.samples[88].x[1],0.011
Riyadh.samples[88].x[2],1.508
Riyadh.samples[88].x[3],1.268
Riyadh.samples[88].x[4],0.222
Riyadh.samples[88].x[5],0.277
Riyadh.samples[88].x[6],1.057
Riyadh.samples[88].x[7],0.11
Riyadh.samples[88].x[8],2.924
Riyadh.samples[88].x[9],0.383
Riyadh.samples[88].x[10],0.865
Riyadh.samples[88].x[11],1.094
Riyadh.samples[88].x[12],0.507
Riyadh.samples[88].x[13],1.093
Riyadh.samples[88].x[14],0.019
Riyadh.samples[88].x[15],1.265
Riyadh.samples[88].x[16],-0.2
Riyadh.samples[88].setpoint_pct,11.0
Riyadh.samples[88].envelope_pct,53.6
Riyadh.samples[88].inverter_pct,14.9
Riyadh.samples[88].best_precool_pct,0.0
Riyadh.samples[88].prepeak2_pct,2.47
Riyadh.samples[88].night2_pct,5.63
Riyadh.samples[88].admissible,True
Riyadh.samples[88].precode_admissible,False
Riyadh.samples[89].x[0],0.026
Riyadh.samples[89].x[1],0.027
Riyadh.samples[89].x[2],1.515
Riyadh.samples[89].x[3],1.234
Riyadh.samples[89].x[4],0.193
Riyadh.samples[89].x[5],0.191
Riyadh.samples[89].x[6],1.949
Riyadh.samples[89].x[7],0.086
Riyadh.samples[89].x[8],2.921
Riyadh.samples[89].x[9],0.641
Riyadh.samples[89].x[10],1.011
Riyadh.samples[89].x[11],1.058
Riyadh.samples[89].x[12],0.817
Riyadh.samples[89].x[13],0.63
Riyadh.samples[89].x[14],0.006
Riyadh.samples[89].x[15],0.953
Riyadh.samples[89].x[16],-0.881
Riyadh.samples[89].setpoint_pct,10.4
Riyadh.samples[89].envelope_pct,52.3
Riyadh.samples[89].inverter_pct,12.8
Riyadh.samples[89].best_precool_pct,0.0
Riyadh.samples[89].prepeak2_pct,2.69
Riyadh.samples[89].night2_pct,4.46
Riyadh.samples[89].admissible,True
Riyadh.samples[89].precode_admissible,False
Riyadh.samples[90].x[0],0.024
Riyadh.samples[90].x[1],0.014
Riyadh.samples[90].x[2],1.509
Riyadh.samples[90].x[3],1.167
Riyadh.samples[90].x[4],0.135
Riyadh.samples[90].x[5],0.175
Riyadh.samples[90].x[6],1.271
Riyadh.samples[90].x[7],0.071
Riyadh.samples[90].x[8],3.711
Riyadh.samples[90].x[9],0.237
Riyadh.samples[90].x[10],1.228
Riyadh.samples[90].x[11],1.006
Riyadh.samples[90].x[12],0.627
Riyadh.samples[90].x[13],0.783
Riyadh.samples[90].x[14],0.017
Riyadh.samples[90].x[15],0.852
Riyadh.samples[90].x[16],0.738
Riyadh.samples[90].setpoint_pct,13.2
Riyadh.samples[90].envelope_pct,51.9
Riyadh.samples[90].inverter_pct,13.6
Riyadh.samples[90].best_precool_pct,0.0
Riyadh.samples[90].prepeak2_pct,2.45
Riyadh.samples[90].night2_pct,5.19
Riyadh.samples[90].admissible,True
Riyadh.samples[90].precode_admissible,True
Riyadh.samples[91].x[0],0.026
Riyadh.samples[91].x[1],0.022
Riyadh.samples[91].x[2],1.381
Riyadh.samples[91].x[3],1.151
Riyadh.samples[91].x[4],0.218
Riyadh.samples[91].x[5],0.295
Riyadh.samples[91].x[6],1.371
Riyadh.samples[91].x[7],0.092
Riyadh.samples[91].x[8],3.578
Riyadh.samples[91].x[9],0.738
Riyadh.samples[91].x[10],0.863
Riyadh.samples[91].x[11],1.171
Riyadh.samples[91].x[12],0.878
Riyadh.samples[91].x[13],1.484
Riyadh.samples[91].x[14],0.01
Riyadh.samples[91].x[15],0.964
Riyadh.samples[91].x[16],-0.173
Riyadh.samples[91].setpoint_pct,10.3
Riyadh.samples[91].envelope_pct,52.0
Riyadh.samples[91].inverter_pct,13.0
Riyadh.samples[91].best_precool_pct,0.0
Riyadh.samples[91].prepeak2_pct,2.54
Riyadh.samples[91].night2_pct,5.01
Riyadh.samples[91].admissible,True
Riyadh.samples[91].precode_admissible,False
Riyadh.samples[92].x[0],0.003
Riyadh.samples[92].x[1],0.018
Riyadh.samples[92].x[2],1.576
Riyadh.samples[92].x[3],1.258
Riyadh.samples[92].x[4],0.06
Riyadh.samples[92].x[5],0.186
Riyadh.samples[92].x[6],0.69
Riyadh.samples[92].x[7],0.118
Riyadh.samples[92].x[8],3.294
Riyadh.samples[92].x[9],0.718
Riyadh.samples[92].x[10],1.062
Riyadh.samples[92].x[11],1.151
Riyadh.samples[92].x[12],0.551
Riyadh.samples[92].x[13],1.445
Riyadh.samples[92].x[14],0.007
Riyadh.samples[92].x[15],1.041
Riyadh.samples[92].x[16],1.422
Riyadh.samples[92].setpoint_pct,8.7
Riyadh.samples[92].envelope_pct,49.4
Riyadh.samples[92].inverter_pct,17.2
Riyadh.samples[92].best_precool_pct,0.0
Riyadh.samples[92].prepeak2_pct,2.88
Riyadh.samples[92].night2_pct,5.11
Riyadh.samples[92].admissible,True
Riyadh.samples[92].precode_admissible,True
Riyadh.samples[93].x[0],0.003
Riyadh.samples[93].x[1],0.013
Riyadh.samples[93].x[2],1.563
Riyadh.samples[93].x[3],1.105
Riyadh.samples[93].x[4],0.137
Riyadh.samples[93].x[5],0.243
Riyadh.samples[93].x[6],0.613
Riyadh.samples[93].x[7],0.08
Riyadh.samples[93].x[8],3.779
Riyadh.samples[93].x[9],0.652
Riyadh.samples[93].x[10],0.721
Riyadh.samples[93].x[11],1.092
Riyadh.samples[93].x[12],0.707
Riyadh.samples[93].x[13],0.821
Riyadh.samples[93].x[14],0.015
Riyadh.samples[93].x[15],0.992
Riyadh.samples[93].x[16],0.31
Riyadh.samples[93].setpoint_pct,7.8
Riyadh.samples[93].envelope_pct,56.2
Riyadh.samples[93].inverter_pct,15.9
Riyadh.samples[93].best_precool_pct,0.0
Riyadh.samples[93].prepeak2_pct,3.22
Riyadh.samples[93].night2_pct,4.93
Riyadh.samples[93].admissible,True
Riyadh.samples[93].precode_admissible,True
Riyadh.samples[94].x[0],0.007
Riyadh.samples[94].x[1],0.029
Riyadh.samples[94].x[2],1.54
Riyadh.samples[94].x[3],1.242
Riyadh.samples[94].x[4],0.211
Riyadh.samples[94].x[5],0.317
Riyadh.samples[94].x[6],1.729
Riyadh.samples[94].x[7],0.025
Riyadh.samples[94].x[8],3.409
Riyadh.samples[94].x[9],0.66
Riyadh.samples[94].x[10],0.789
Riyadh.samples[94].x[11],1.01
Riyadh.samples[94].x[12],0.775
Riyadh.samples[94].x[13],0.588
Riyadh.samples[94].x[14],0.011
Riyadh.samples[94].x[15],1.077
Riyadh.samples[94].x[16],-0.527
Riyadh.samples[94].setpoint_pct,7.3
Riyadh.samples[94].envelope_pct,55.9
Riyadh.samples[94].inverter_pct,17.8
Riyadh.samples[94].best_precool_pct,0.0
Riyadh.samples[94].prepeak2_pct,3.0
Riyadh.samples[94].night2_pct,2.41
Riyadh.samples[94].admissible,True
Riyadh.samples[94].precode_admissible,True
Riyadh.samples[95].x[0],0.015
Riyadh.samples[95].x[1],0.028
Riyadh.samples[95].x[2],1.331
Riyadh.samples[95].x[3],1.199
Riyadh.samples[95].x[4],0.162
Riyadh.samples[95].x[5],0.267
Riyadh.samples[95].x[6],1.496
Riyadh.samples[95].x[7],0.108
Riyadh.samples[95].x[8],3.223
Riyadh.samples[95].x[9],0.374
Riyadh.samples[95].x[10],1.067
Riyadh.samples[95].x[11],1.147
Riyadh.samples[95].x[12],0.608
Riyadh.samples[95].x[13],1.352
Riyadh.samples[95].x[14],0.018
Riyadh.samples[95].x[15],1.299
Riyadh.samples[95].x[16],0.658
Riyadh.samples[95].setpoint_pct,11.0
Riyadh.samples[95].envelope_pct,52.3
Riyadh.samples[95].inverter_pct,12.5
Riyadh.samples[95].best_precool_pct,0.0
Riyadh.samples[95].prepeak2_pct,2.0
Riyadh.samples[95].night2_pct,2.57
Riyadh.samples[95].admissible,True
Riyadh.samples[95].precode_admissible,False
Riyadh.samples[96].x[0],0.027
Riyadh.samples[96].x[1],0.017
Riyadh.samples[96].x[2],1.311
Riyadh.samples[96].x[3],1.289
Riyadh.samples[96].x[4],0.171
Riyadh.samples[96].x[5],0.227
Riyadh.samples[96].x[6],1.751
Riyadh.samples[96].x[7],0.03
Riyadh.samples[96].x[8],2.565
Riyadh.samples[96].x[9],0.274
Riyadh.samples[96].x[10],0.8
Riyadh.samples[96].x[11],1.042
Riyadh.samples[96].x[12],0.862
Riyadh.samples[96].x[13],1.392
Riyadh.samples[96].x[14],0.012
Riyadh.samples[96].x[15],1.192
Riyadh.samples[96].x[16],-0.682
Riyadh.samples[96].setpoint_pct,13.1
Riyadh.samples[96].envelope_pct,61.1
Riyadh.samples[96].inverter_pct,11.4
Riyadh.samples[96].best_precool_pct,0.0
Riyadh.samples[96].prepeak2_pct,3.93
Riyadh.samples[96].night2_pct,5.29
Riyadh.samples[96].admissible,True
Riyadh.samples[96].precode_admissible,False
Riyadh.samples[97].x[0],0.019
Riyadh.samples[97].x[1],0.016
Riyadh.samples[97].x[2],1.375
Riyadh.samples[97].x[3],1.207
Riyadh.samples[97].x[4],0.094
Riyadh.samples[97].x[5],0.273
Riyadh.samples[97].x[6],1.411
Riyadh.samples[97].x[7],0.145
Riyadh.samples[97].x[8],3.824
Riyadh.samples[97].x[9],0.485
Riyadh.samples[97].x[10],1.233
Riyadh.samples[97].x[11],1.094
Riyadh.samples[97].x[12],0.763
Riyadh.samples[97].x[13],1.144
Riyadh.samples[97].x[14],0.014
Riyadh.samples[97].x[15],0.861
Riyadh.samples[97].x[16],-0.054
Riyadh.samples[97].setpoint_pct,12.4
Riyadh.samples[97].envelope_pct,52.5
Riyadh.samples[97].inverter_pct,15.3
Riyadh.samples[97].best_precool_pct,0.0
Riyadh.samples[97].prepeak2_pct,2.74
Riyadh.samples[97].night2_pct,5.43
Riyadh.samples[97].admissible,True
Riyadh.samples[97].precode_admissible,False
Riyadh.samples[98].x[0],0.008
Riyadh.samples[98].x[1],0.026
Riyadh.samples[98].x[2],1.362
Riyadh.samples[98].x[3],1.171
Riyadh.samples[98].x[4],0.158
Riyadh.samples[98].x[5],0.326
Riyadh.samples[98].x[6],1.299
Riyadh.samples[98].x[7],0.034
Riyadh.samples[98].x[8],2.948
Riyadh.samples[98].x[9],0.798
Riyadh.samples[98].x[10],1.238
Riyadh.samples[98].x[11],1.046
Riyadh.samples[98].x[12],0.631
Riyadh.samples[98].x[13],0.755
Riyadh.samples[98].x[14],0.005
Riyadh.samples[98].x[15],1.107
Riyadh.samples[98].x[16],-0.765
Riyadh.samples[98].setpoint_pct,7.9
Riyadh.samples[98].envelope_pct,49.5
Riyadh.samples[98].inverter_pct,15.2
Riyadh.samples[98].best_precool_pct,0.0
Riyadh.samples[98].prepeak2_pct,2.66
Riyadh.samples[98].night2_pct,2.96
Riyadh.samples[98].admissible,True
Riyadh.samples[98].precode_admissible,True
Riyadh.samples[99].x[0],0.01
Riyadh.samples[99].x[1],0.011
Riyadh.samples[99].x[2],1.446
Riyadh.samples[99].x[3],1.28
Riyadh.samples[99].x[4],0.224
Riyadh.samples[99].x[5],0.253
Riyadh.samples[99].x[6],1.763
Riyadh.samples[99].x[7],0.057
Riyadh.samples[99].x[8],3.245
Riyadh.samples[99].x[9],0.794
Riyadh.samples[99].x[10],0.718
Riyadh.samples[99].x[11],1.114
Riyadh.samples[99].x[12],0.605
Riyadh.samples[99].x[13],1.376
Riyadh.samples[99].x[14],0.01
Riyadh.samples[99].x[15],1.054
Riyadh.samples[99].x[16],-0.782
Riyadh.samples[99].setpoint_pct,5.2
Riyadh.samples[99].envelope_pct,49.5
Riyadh.samples[99].inverter_pct,12.7
Riyadh.samples[99].best_precool_pct,0.0
Riyadh.samples[99].prepeak2_pct,1.98
Riyadh.samples[99].night2_pct,5.11
Riyadh.samples[99].admissible,True
Riyadh.samples[99].precode_admissible,False
Riyadh.samples[100].x[0],0.004
Riyadh.samples[100].x[1],0.012
Riyadh.samples[100].x[2],1.479
Riyadh.samples[100].x[3],1.266
Riyadh.samples[100].x[4],0.236
Riyadh.samples[100].x[5],0.151
Riyadh.samples[100].x[6],1.735
Riyadh.samples[100].x[7],0.038
Riyadh.samples[100].x[8],2.892
Riyadh.samples[100].x[9],0.435
Riyadh.samples[100].x[10],0.957
Riyadh.samples[100].x[11],1.107
Riyadh.samples[100].x[12],0.601
Riyadh.samples[100].x[13],1.452
Riyadh.samples[100].x[14],0.008
Riyadh.samples[100].x[15],1.155
Riyadh.samples[100].x[16],1.77
Riyadh.samples[100].setpoint_pct,10.6
Riyadh.samples[100].envelope_pct,54.7
Riyadh.samples[100].inverter_pct,10.4
Riyadh.samples[100].best_precool_pct,0.0
Riyadh.samples[100].prepeak2_pct,2.16
Riyadh.samples[100].night2_pct,4.85
Riyadh.samples[100].admissible,True
Riyadh.samples[100].precode_admissible,False
Riyadh.samples[101].x[0],0.006
Riyadh.samples[101].x[1],0.014
Riyadh.samples[101].x[2],1.33
Riyadh.samples[101].x[3],1.122
Riyadh.samples[101].x[4],0.144
Riyadh.samples[101].x[5],0.216
Riyadh.samples[101].x[6],0.635
Riyadh.samples[101].x[7],0.133
Riyadh.samples[101].x[8],3.97
Riyadh.samples[101].x[9],0.68
Riyadh.samples[101].x[10],0.808
Riyadh.samples[101].x[11],1.071
Riyadh.samples[101].x[12],0.62
Riyadh.samples[101].x[13],1.14
Riyadh.samples[101].x[14],0.019
Riyadh.samples[101].x[15],1.104
Riyadh.samples[101].x[16],1.069
Riyadh.samples[101].setpoint_pct,8.5
Riyadh.samples[101].envelope_pct,50.7
Riyadh.samples[101].inverter_pct,11.3
Riyadh.samples[101].best_precool_pct,0.0
Riyadh.samples[101].prepeak2_pct,2.49
Riyadh.samples[101].night2_pct,5.7
Riyadh.samples[101].admissible,True
Riyadh.samples[101].precode_admissible,True
Riyadh.samples[102].x[0],0.027
Riyadh.samples[102].x[1],0.019
Riyadh.samples[102].x[2],1.58
Riyadh.samples[102].x[3],1.135
Riyadh.samples[102].x[4],0.242
Riyadh.samples[102].x[5],0.281
Riyadh.samples[102].x[6],0.711
Riyadh.samples[102].x[7],0.072
Riyadh.samples[102].x[8],3.019
Riyadh.samples[102].x[9],0.299
Riyadh.samples[102].x[10],0.77
Riyadh.samples[102].x[11],1.008
Riyadh.samples[102].x[12],0.679
Riyadh.samples[102].x[13],0.667
Riyadh.samples[102].x[14],0.015
Riyadh.samples[102].x[15],1.253
Riyadh.samples[102].x[16],0.006
Riyadh.samples[102].setpoint_pct,13.0
Riyadh.samples[102].envelope_pct,60.2
Riyadh.samples[102].inverter_pct,16.1
Riyadh.samples[102].best_precool_pct,0.0
Riyadh.samples[102].prepeak2_pct,4.66
Riyadh.samples[102].night2_pct,4.5
Riyadh.samples[102].admissible,True
Riyadh.samples[102].precode_admissible,True
Riyadh.samples[103].x[0],0.015
Riyadh.samples[103].x[1],0.014
Riyadh.samples[103].x[2],1.413
Riyadh.samples[103].x[3],1.282
Riyadh.samples[103].x[4],0.088
Riyadh.samples[103].x[5],0.261
Riyadh.samples[103].x[6],1.163
Riyadh.samples[103].x[7],0.132
Riyadh.samples[103].x[8],3.468
Riyadh.samples[103].x[9],0.335
Riyadh.samples[103].x[10],0.925
Riyadh.samples[103].x[11],1.125
Riyadh.samples[103].x[12],0.518
Riyadh.samples[103].x[13],1.036
Riyadh.samples[103].x[14],0.014
Riyadh.samples[103].x[15],1.124
Riyadh.samples[103].x[16],0.547
Riyadh.samples[103].setpoint_pct,12.0
Riyadh.samples[103].envelope_pct,54.0
Riyadh.samples[103].inverter_pct,16.0
Riyadh.samples[103].best_precool_pct,0.0
Riyadh.samples[103].prepeak2_pct,3.11
Riyadh.samples[103].night2_pct,6.27
Riyadh.samples[103].admissible,True
Riyadh.samples[103].precode_admissible,False
Riyadh.samples[104].x[0],0.011
Riyadh.samples[104].x[1],0.025
Riyadh.samples[104].x[2],1.559
Riyadh.samples[104].x[3],1.228
Riyadh.samples[104].x[4],0.078
Riyadh.samples[104].x[5],0.242
Riyadh.samples[104].x[6],1.595
Riyadh.samples[104].x[7],0.112
Riyadh.samples[104].x[8],2.856
Riyadh.samples[104].x[9],0.786
Riyadh.samples[104].x[10],0.978
Riyadh.samples[104].x[11],1.117
Riyadh.samples[104].x[12],0.599
Riyadh.samples[104].x[13],1.076
Riyadh.samples[104].x[14],0.005
Riyadh.samples[104].x[15],0.944
Riyadh.samples[104].x[16],0.359
Riyadh.samples[104].setpoint_pct,8.4
Riyadh.samples[104].envelope_pct,48.9
Riyadh.samples[104].inverter_pct,18.3
Riyadh.samples[104].best_precool_pct,0.0
Riyadh.samples[104].prepeak2_pct,2.54
Riyadh.samples[104].night2_pct,4.24
Riyadh.samples[104].admissible,True
Riyadh.samples[104].precode_admissible,False
Riyadh.samples[105].x[0],0.014
Riyadh.samples[105].x[1],0.014
Riyadh.samples[105].x[2],1.401
Riyadh.samples[105].x[3],1.109
Riyadh.samples[105].x[4],0.245
Riyadh.samples[105].x[5],0.315
Riyadh.samples[105].x[6],0.788
Riyadh.samples[105].x[7],0.15
Riyadh.samples[105].x[8],3.498
Riyadh.samples[105].x[9],0.749
Riyadh.samples[105].x[10],0.809
Riyadh.samples[105].x[11],1.149
Riyadh.samples[105].x[12],0.886
Riyadh.samples[105].x[13],0.615
Riyadh.samples[105].x[14],0.01
Riyadh.samples[105].x[15],1.239
Riyadh.samples[105].x[16],1.575
Riyadh.samples[105].setpoint_pct,9.5
Riyadh.samples[105].envelope_pct,51.9
Riyadh.samples[105].inverter_pct,14.5
Riyadh.samples[105].best_precool_pct,0.0
Riyadh.samples[105].prepeak2_pct,2.35
Riyadh.samples[105].night2_pct,5.68
Riyadh.samples[105].admissible,True
Riyadh.samples[105].precode_admissible,False
Riyadh.samples[106].x[0],0.016
Riyadh.samples[106].x[1],0.017
Riyadh.samples[106].x[2],1.301
Riyadh.samples[106].x[3],1.173
Riyadh.samples[106].x[4],0.213
Riyadh.samples[106].x[5],0.165
Riyadh.samples[106].x[6],0.919
Riyadh.samples[106].x[7],0.141
Riyadh.samples[106].x[8],3.954
Riyadh.samples[106].x[9],0.586
Riyadh.samples[106].x[10],0.831
Riyadh.samples[106].x[11],1.118
Riyadh.samples[106].x[12],0.799
Riyadh.samples[106].x[13],0.908
Riyadh.samples[106].x[14],0.019
Riyadh.samples[106].x[15],0.964
Riyadh.samples[106].x[16],1.218
Riyadh.samples[106].setpoint_pct,11.1
Riyadh.samples[106].envelope_pct,52.7
Riyadh.samples[106].inverter_pct,7.3
Riyadh.samples[106].best_precool_pct,0.0
Riyadh.samples[106].prepeak2_pct,2.46
Riyadh.samples[106].night2_pct,5.82
Riyadh.samples[106].admissible,True
Riyadh.samples[106].precode_admissible,False
Riyadh.samples[107].x[0],0.006
Riyadh.samples[107].x[1],0.025
Riyadh.samples[107].x[2],1.522
Riyadh.samples[107].x[3],1.177
Riyadh.samples[107].x[4],0.057
Riyadh.samples[107].x[5],0.227
Riyadh.samples[107].x[6],1.63
Riyadh.samples[107].x[7],0.123
Riyadh.samples[107].x[8],3.586
Riyadh.samples[107].x[9],0.686
Riyadh.samples[107].x[10],1.197
Riyadh.samples[107].x[11],1.084
Riyadh.samples[107].x[12],0.807
Riyadh.samples[107].x[13],1.215
Riyadh.samples[107].x[14],0.017
Riyadh.samples[107].x[15],1.225
Riyadh.samples[107].x[16],0.067
Riyadh.samples[107].setpoint_pct,8.1
Riyadh.samples[107].envelope_pct,52.3
Riyadh.samples[107].inverter_pct,17.6
Riyadh.samples[107].best_precool_pct,0.0
Riyadh.samples[107].prepeak2_pct,2.18
Riyadh.samples[107].night2_pct,3.21
Riyadh.samples[107].admissible,True
Riyadh.samples[107].precode_admissible,False
Riyadh.samples[108].x[0],0.01
Riyadh.samples[108].x[1],0.026
Riyadh.samples[108].x[2],1.524
Riyadh.samples[108].x[3],1.181
Riyadh.samples[108].x[4],0.238
Riyadh.samples[108].x[5],0.345
Riyadh.samples[108].x[6],0.809
Riyadh.samples[108].x[7],0.131
Riyadh.samples[108].x[8],3.675
Riyadh.samples[108].x[9],0.473
Riyadh.samples[108].x[10],1.031
Riyadh.samples[108].x[11],1.008
Riyadh.samples[108].x[12],0.835
Riyadh.samples[108].x[13],0.597
Riyadh.samples[108].x[14],0.019
Riyadh.samples[108].x[15],1.147
Riyadh.samples[108].x[16],1.682
Riyadh.samples[108].setpoint_pct,10.4
Riyadh.samples[108].envelope_pct,52.6
Riyadh.samples[108].inverter_pct,18.5
Riyadh.samples[108].best_precool_pct,0.0
Riyadh.samples[108].prepeak2_pct,1.74
Riyadh.samples[108].night2_pct,3.23
Riyadh.samples[108].admissible,True
Riyadh.samples[108].precode_admissible,False
Riyadh.samples[109].x[0],0.014
Riyadh.samples[109].x[1],0.029
Riyadh.samples[109].x[2],1.327
Riyadh.samples[109].x[3],1.287
Riyadh.samples[109].x[4],0.23
Riyadh.samples[109].x[5],0.164
Riyadh.samples[109].x[6],1.62
Riyadh.samples[109].x[7],0.117
Riyadh.samples[109].x[8],2.869
Riyadh.samples[109].x[9],0.671
Riyadh.samples[109].x[10],0.756
Riyadh.samples[109].x[11],1.195
Riyadh.samples[109].x[12],0.582
Riyadh.samples[109].x[13],0.837
Riyadh.samples[109].x[14],0.008
Riyadh.samples[109].x[15],0.912
Riyadh.samples[109].x[16],-0.548
Riyadh.samples[109].setpoint_pct,7.8
Riyadh.samples[109].envelope_pct,49.9
Riyadh.samples[109].inverter_pct,7.1
Riyadh.samples[109].best_precool_pct,0.0
Riyadh.samples[109].prepeak2_pct,1.7
Riyadh.samples[109].night2_pct,3.5
Riyadh.samples[109].admissible,True
Riyadh.samples[109].precode_admissible,False
Riyadh.samples[110].x[0],0.019
Riyadh.samples[110].x[1],0.017
Riyadh.samples[110].x[2],1.431
Riyadh.samples[110].x[3],1.252
Riyadh.samples[110].x[4],0.096
Riyadh.samples[110].x[5],0.32
Riyadh.samples[110].x[6],1.036
Riyadh.samples[110].x[7],0.067
Riyadh.samples[110].x[8],3.807
Riyadh.samples[110].x[9],0.422
Riyadh.samples[110].x[10],0.881
Riyadh.samples[110].x[11],1.133
Riyadh.samples[110].x[12],0.548
Riyadh.samples[110].x[13],1.287
Riyadh.samples[110].x[14],0.014
Riyadh.samples[110].x[15],1.282
Riyadh.samples[110].x[16],1.634
Riyadh.samples[110].setpoint_pct,12.0
Riyadh.samples[110].envelope_pct,53.7
Riyadh.samples[110].inverter_pct,18.6
Riyadh.samples[110].best_precool_pct,0.0
Riyadh.samples[110].prepeak2_pct,2.63
Riyadh.samples[110].night2_pct,4.45
Riyadh.samples[110].admissible,True
Riyadh.samples[110].precode_admissible,True
Riyadh.samples[111].x[0],0.022
Riyadh.samples[111].x[1],0.014
Riyadh.samples[111].x[2],1.483
Riyadh.samples[111].x[3],1.285
Riyadh.samples[111].x[4],0.056
Riyadh.samples[111].x[5],0.193
Riyadh.samples[111].x[6],0.8
Riyadh.samples[111].x[7],0.143
Riyadh.samples[111].x[8],3.72
Riyadh.samples[111].x[9],0.762
Riyadh.samples[111].x[10],0.735
Riyadh.samples[111].x[11],1.157
Riyadh.samples[111].x[12],0.747
Riyadh.samples[111].x[13],1.26
Riyadh.samples[111].x[14],0.017
Riyadh.samples[111].x[15],1.16
Riyadh.samples[111].x[16],-0.276
Riyadh.samples[111].setpoint_pct,8.7
Riyadh.samples[111].envelope_pct,53.2
Riyadh.samples[111].inverter_pct,15.5
Riyadh.samples[111].best_precool_pct,0.0
Riyadh.samples[111].prepeak2_pct,3.72
Riyadh.samples[111].night2_pct,6.87
Riyadh.samples[111].admissible,True
Riyadh.samples[111].precode_admissible,False
Riyadh.samples[112].x[0],0.023
Riyadh.samples[112].x[1],0.026
Riyadh.samples[112].x[2],1.355
Riyadh.samples[112].x[3],1.293
Riyadh.samples[112].x[4],0.176
Riyadh.samples[112].x[5],0.314
Riyadh.samples[112].x[6],0.882
Riyadh.samples[112].x[7],0.143
Riyadh.samples[112].x[8],2.749
Riyadh.samples[112].x[9],0.726
Riyadh.samples[112].x[10],0.994
Riyadh.samples[112].x[11],1.016
Riyadh.samples[112].x[12],0.643
Riyadh.samples[112].x[13],0.531
Riyadh.samples[112].x[14],0.007
Riyadh.samples[112].x[15],0.822
Riyadh.samples[112].x[16],1.887
Riyadh.samples[112].setpoint_pct,12.4
Riyadh.samples[112].envelope_pct,46.9
Riyadh.samples[112].inverter_pct,14.7
Riyadh.samples[112].best_precool_pct,0.0
Riyadh.samples[112].prepeak2_pct,2.77
Riyadh.samples[112].night2_pct,5.5
Riyadh.samples[112].admissible,True
Riyadh.samples[112].precode_admissible,True
Riyadh.samples[113].x[0],0.026
Riyadh.samples[113].x[1],0.022
Riyadh.samples[113].x[2],1.553
Riyadh.samples[113].x[3],1.102
Riyadh.samples[113].x[4],0.062
Riyadh.samples[113].x[5],0.168
Riyadh.samples[113].x[6],1.131
Riyadh.samples[113].x[7],0.088
Riyadh.samples[113].x[8],3.668
Riyadh.samples[113].x[9],0.692
Riyadh.samples[113].x[10],1.2
Riyadh.samples[113].x[11],1.165
Riyadh.samples[113].x[12],0.742
Riyadh.samples[113].x[13],1.107
Riyadh.samples[113].x[14],0.007
Riyadh.samples[113].x[15],0.81
Riyadh.samples[113].x[16],1.333
Riyadh.samples[113].setpoint_pct,13.1
Riyadh.samples[113].envelope_pct,51.2
Riyadh.samples[113].inverter_pct,15.9
Riyadh.samples[113].best_precool_pct,0.0
Riyadh.samples[113].prepeak2_pct,3.62
Riyadh.samples[113].night2_pct,6.33
Riyadh.samples[113].admissible,True
Riyadh.samples[113].precode_admissible,True
Riyadh.samples[114].x[0],0.009
Riyadh.samples[114].x[1],0.023
Riyadh.samples[114].x[2],1.538
Riyadh.samples[114].x[3],1.179
Riyadh.samples[114].x[4],0.207
Riyadh.samples[114].x[5],0.211
Riyadh.samples[114].x[6],0.825
Riyadh.samples[114].x[7],0.053
Riyadh.samples[114].x[8],2.58
Riyadh.samples[114].x[9],0.743
Riyadh.samples[114].x[10],1.259
Riyadh.samples[114].x[11],1.174
Riyadh.samples[114].x[12],0.79
Riyadh.samples[114].x[13],1.063
Riyadh.samples[114].x[14],0.006
Riyadh.samples[114].x[15],0.892
Riyadh.samples[114].x[16],-0.071
Riyadh.samples[114].setpoint_pct,9.3
Riyadh.samples[114].envelope_pct,53.5
Riyadh.samples[114].inverter_pct,11.3
Riyadh.samples[114].best_precool_pct,0.0
Riyadh.samples[114].prepeak2_pct,2.7
Riyadh.samples[114].night2_pct,4.08
Riyadh.samples[114].admissible,True
Riyadh.samples[114].precode_admissible,True
Riyadh.samples[115].x[0],0.02
Riyadh.samples[115].x[1],0.02
Riyadh.samples[115].x[2],1.467
Riyadh.samples[115].x[3],1.132
Riyadh.samples[115].x[4],0.091
Riyadh.samples[115].x[5],0.255
Riyadh.samples[115].x[6],1.277
Riyadh.samples[115].x[7],0.088
Riyadh.samples[115].x[8],2.685
Riyadh.samples[115].x[9],0.509
Riyadh.samples[115].x[10],1.114
Riyadh.samples[115].x[11],1.1
Riyadh.samples[115].x[12],0.683
Riyadh.samples[115].x[13],0.64
Riyadh.samples[115].x[14],0.007
Riyadh.samples[115].x[15],0.875
Riyadh.samples[115].x[16],0.182
Riyadh.samples[115].setpoint_pct,12.0
Riyadh.samples[115].envelope_pct,52.2
Riyadh.samples[115].inverter_pct,16.9
Riyadh.samples[115].best_precool_pct,0.0
Riyadh.samples[115].prepeak2_pct,2.46
Riyadh.samples[115].night2_pct,4.61
Riyadh.samples[115].admissible,True
Riyadh.samples[115].precode_admissible,True
Riyadh.samples[116].x[0],0.025
Riyadh.samples[116].x[1],0.016
Riyadh.samples[116].x[2],1.572
Riyadh.samples[116].x[3],1.185
Riyadh.samples[116].x[4],0.15
Riyadh.samples[116].x[5],0.263
Riyadh.samples[116].x[6],1.207
Riyadh.samples[116].x[7],0.025
Riyadh.samples[116].x[8],3.156
Riyadh.samples[116].x[9],0.757
Riyadh.samples[116].x[10],0.886
Riyadh.samples[116].x[11],1.108
Riyadh.samples[116].x[12],0.769
Riyadh.samples[116].x[13],1.279
Riyadh.samples[116].x[14],0.016
Riyadh.samples[116].x[15],0.979
Riyadh.samples[116].x[16],-0.795
Riyadh.samples[116].setpoint_pct,10.1
Riyadh.samples[116].envelope_pct,56.3
Riyadh.samples[116].inverter_pct,15.2
Riyadh.samples[116].best_precool_pct,0.0
Riyadh.samples[116].prepeak2_pct,4.17
Riyadh.samples[116].night2_pct,6.96
Riyadh.samples[116].admissible,True
Riyadh.samples[116].precode_admissible,True
Riyadh.samples[117].x[0],0.022
Riyadh.samples[117].x[1],0.019
Riyadh.samples[117].x[2],1.436
Riyadh.samples[117].x[3],1.154
Riyadh.samples[117].x[4],0.102
Riyadh.samples[117].x[5],0.323
Riyadh.samples[117].x[6],1.652
Riyadh.samples[117].x[7],0.095
Riyadh.samples[117].x[8],2.976
Riyadh.samples[117].x[9],0.307
Riyadh.samples[117].x[10],1.151
Riyadh.samples[117].x[11],1.04
Riyadh.samples[117].x[12],0.697
Riyadh.samples[117].x[13],0.889
Riyadh.samples[117].x[14],0.014
Riyadh.samples[117].x[15],1.046
Riyadh.samples[117].x[16],1.65
Riyadh.samples[117].setpoint_pct,12.6
Riyadh.samples[117].envelope_pct,52.8
Riyadh.samples[117].inverter_pct,18.7
Riyadh.samples[117].best_precool_pct,0.0
Riyadh.samples[117].prepeak2_pct,2.45
Riyadh.samples[117].night2_pct,4.42
Riyadh.samples[117].admissible,True
Riyadh.samples[117].precode_admissible,False
Riyadh.samples[118].x[0],0.012
Riyadh.samples[118].x[1],0.019
Riyadh.samples[118].x[2],1.407
Riyadh.samples[118].x[3],1.211
Riyadh.samples[118].x[4],0.065
Riyadh.samples[118].x[5],0.183
Riyadh.samples[118].x[6],1.893
Riyadh.samples[118].x[7],0.041
Riyadh.samples[118].x[8],3.304
Riyadh.samples[118].x[9],0.227
Riyadh.samples[118].x[10],1.036
Riyadh.samples[118].x[11],1.197
Riyadh.samples[118].x[12],0.613
Riyadh.samples[118].x[13],1.173
Riyadh.samples[118].x[14],0.02
Riyadh.samples[118].x[15],0.819
Riyadh.samples[118].x[16],0.225
Riyadh.samples[118].setpoint_pct,12.1
Riyadh.samples[118].envelope_pct,57.4
Riyadh.samples[118].inverter_pct,14.4
Riyadh.samples[118].best_precool_pct,0.0
Riyadh.samples[118].prepeak2_pct,2.79
Riyadh.samples[118].night2_pct,4.55
Riyadh.samples[118].admissible,True
Riyadh.samples[118].precode_admissible,False
Riyadh.samples[119].x[0],0.028
Riyadh.samples[119].x[1],0.015
Riyadh.samples[119].x[2],1.445
Riyadh.samples[119].x[3],1.187
Riyadh.samples[119].x[4],0.211
Riyadh.samples[119].x[5],0.304
Riyadh.samples[119].x[6],0.743
Riyadh.samples[119].x[7],0.037
Riyadh.samples[119].x[8],3.856
Riyadh.samples[119].x[9],0.291
Riyadh.samples[119].x[10],1.287
Riyadh.samples[119].x[11],1.045
Riyadh.samples[119].x[12],0.893
Riyadh.samples[119].x[13],0.943
Riyadh.samples[119].x[14],0.013
Riyadh.samples[119].x[15],0.83
Riyadh.samples[119].x[16],0.251
Riyadh.samples[119].setpoint_pct,14.3
Riyadh.samples[119].envelope_pct,58.3
Riyadh.samples[119].inverter_pct,13.0
Riyadh.samples[119].best_precool_pct,0.0
Riyadh.samples[119].prepeak2_pct,3.42
Riyadh.samples[119].night2_pct,7.15
Riyadh.samples[119].admissible,True
Riyadh.samples[119].precode_admissible,True
Riyadh.samples[120].x[0],0.005
Riyadh.samples[120].x[1],0.02
Riyadh.samples[120].x[2],1.393
Riyadh.samples[120].x[3],1.183
Riyadh.samples[120].x[4],0.124
Riyadh.samples[120].x[5],0.17
Riyadh.samples[120].x[6],1.992
Riyadh.samples[120].x[7],0.046
Riyadh.samples[120].x[8],3.322
Riyadh.samples[120].x[9],0.266
Riyadh.samples[120].x[10],0.873
Riyadh.samples[120].x[11],1.141
Riyadh.samples[120].x[12],0.792
Riyadh.samples[120].x[13],1.028
Riyadh.samples[120].x[14],0.012
Riyadh.samples[120].x[15],1.01
Riyadh.samples[120].x[16],1.514
Riyadh.samples[120].setpoint_pct,10.5
Riyadh.samples[120].envelope_pct,59.1
Riyadh.samples[120].inverter_pct,12.1
Riyadh.samples[120].best_precool_pct,0.0
Riyadh.samples[120].prepeak2_pct,1.66
Riyadh.samples[120].night2_pct,3.06
Riyadh.samples[120].admissible,True
Riyadh.samples[120].precode_admissible,False
Riyadh.samples[121].x[0],0.019
Riyadh.samples[121].x[1],0.015
Riyadh.samples[121].x[2],1.368
Riyadh.samples[121].x[3],1.289
Riyadh.samples[121].x[4],0.086
Riyadh.samples[121].x[5],0.333
Riyadh.samples[121].x[6],1.922
Riyadh.samples[121].x[7],0.139
Riyadh.samples[121].x[8],2.649
Riyadh.samples[121].x[9],0.285
Riyadh.samples[121].x[10],1.128
Riyadh.samples[121].x[11],1.065
Riyadh.samples[121].x[12],0.565
Riyadh.samples[121].x[13],0.866
Riyadh.samples[121].x[14],0.016
Riyadh.samples[121].x[15],1.237
Riyadh.samples[121].x[16],-0.629
Riyadh.samples[121].setpoint_pct,12.4
Riyadh.samples[121].envelope_pct,53.7
Riyadh.samples[121].inverter_pct,17.9
Riyadh.samples[121].best_precool_pct,0.0
Riyadh.samples[121].prepeak2_pct,2.36
Riyadh.samples[121].night2_pct,4.48
Riyadh.samples[121].admissible,True
Riyadh.samples[121].precode_admissible,False
Riyadh.samples[122].x[0],0.029
Riyadh.samples[122].x[1],0.025
Riyadh.samples[122].x[2],1.322
Riyadh.samples[122].x[3],1.209
Riyadh.samples[122].x[4],0.141
Riyadh.samples[122].x[5],0.207
Riyadh.samples[122].x[6],1.96
Riyadh.samples[122].x[7],0.109
Riyadh.samples[122].x[8],3.131
Riyadh.samples[122].x[9],0.392
Riyadh.samples[122].x[10],0.913
Riyadh.samples[122].x[11],1.154
Riyadh.samples[122].x[12],0.589
Riyadh.samples[122].x[13],1.385
Riyadh.samples[122].x[14],0.018
Riyadh.samples[122].x[15],1.212
Riyadh.samples[122].x[16],-0.717
Riyadh.samples[122].setpoint_pct,12.1
Riyadh.samples[122].envelope_pct,54.3
Riyadh.samples[122].inverter_pct,10.5
Riyadh.samples[122].best_precool_pct,0.0
Riyadh.samples[122].prepeak2_pct,2.83
Riyadh.samples[122].night2_pct,3.86
Riyadh.samples[122].admissible,True
Riyadh.samples[122].precode_admissible,False
Riyadh.samples[123].x[0],0.004
Riyadh.samples[123].x[1],0.017
Riyadh.samples[123].x[2],1.512
Riyadh.samples[123].x[3],1.264
Riyadh.samples[123].x[4],0.097
Riyadh.samples[123].x[5],0.24
Riyadh.samples[123].x[6],1.107
Riyadh.samples[123].x[7],0.039
Riyadh.samples[123].x[8],3.706
Riyadh.samples[123].x[9],0.615
Riyadh.samples[123].x[10],1.026
Riyadh.samples[123].x[11],1.07
Riyadh.samples[123].x[12],0.644
Riyadh.samples[123].x[13],0.834
Riyadh.samples[123].x[14],0.015
Riyadh.samples[123].x[15],1.024
Riyadh.samples[123].x[16],-0.33
Riyadh.samples[123].setpoint_pct,8.3
Riyadh.samples[123].envelope_pct,54.5
Riyadh.samples[123].inverter_pct,16.8
Riyadh.samples[123].best_precool_pct,0.0
Riyadh.samples[123].prepeak2_pct,2.86
Riyadh.samples[123].night2_pct,4.1
Riyadh.samples[123].admissible,True
Riyadh.samples[123].precode_admissible,True
Riyadh.samples[124].x[0],0.014
Riyadh.samples[124].x[1],0.01
Riyadh.samples[124].x[2],1.463
Riyadh.samples[124].x[3],1.283
Riyadh.samples[124].x[4],0.196
Riyadh.samples[124].x[5],0.173
Riyadh.samples[124].x[6],0.958
Riyadh.samples[124].x[7],0.06
Riyadh.samples[124].x[8],2.886
Riyadh.samples[124].x[9],0.259
Riyadh.samples[124].x[10],1.102
Riyadh.samples[124].x[11],1.102
Riyadh.samples[124].x[12],0.543
Riyadh.samples[124].x[13],1.169
Riyadh.samples[124].x[14],0.015
Riyadh.samples[124].x[15],0.934
Riyadh.samples[124].x[16],1.708
Riyadh.samples[124].setpoint_pct,12.0
Riyadh.samples[124].envelope_pct,52.8
Riyadh.samples[124].inverter_pct,11.0
Riyadh.samples[124].best_precool_pct,0.0
Riyadh.samples[124].prepeak2_pct,2.37
Riyadh.samples[124].night2_pct,4.44
Riyadh.samples[124].admissible,True
Riyadh.samples[124].precode_admissible,True
Riyadh.samples[125].x[0],0.021
Riyadh.samples[125].x[1],0.024
Riyadh.samples[125].x[2],1.312
Riyadh.samples[125].x[3],1.12
Riyadh.samples[125].x[4],0.209
Riyadh.samples[125].x[5],0.17
Riyadh.samples[125].x[6],1.063
Riyadh.samples[125].x[7],0.129
Riyadh.samples[125].x[8],3.889
Riyadh.samples[125].x[9],0.351
Riyadh.samples[125].x[10],0.975
Riyadh.samples[125].x[11],1.124
Riyadh.samples[125].x[12],0.787
Riyadh.samples[125].x[13],0.933
Riyadh.samples[125].x[14],0.019
Riyadh.samples[125].x[15],0.904
Riyadh.samples[125].x[16],0.775
Riyadh.samples[125].setpoint_pct,12.7
Riyadh.samples[125].envelope_pct,54.6
Riyadh.samples[125].inverter_pct,7.5
Riyadh.samples[125].best_precool_pct,0.0
Riyadh.samples[125].prepeak2_pct,2.2
Riyadh.samples[125].night2_pct,4.68
Riyadh.samples[125].admissible,True
Riyadh.samples[125].precode_admissible,False
Riyadh.samples[126].x[0],0.004
Riyadh.samples[126].x[1],0.028
Riyadh.samples[126].x[2],1.596
Riyadh.samples[126].x[3],1.225
Riyadh.samples[126].x[4],0.055
Riyadh.samples[126].x[5],0.3
Riyadh.samples[126].x[6],1.193
Riyadh.samples[126].x[7],0.021
Riyadh.samples[126].x[8],3.36
Riyadh.samples[126].x[9],0.786
Riyadh.samples[126].x[10],1.074
Riyadh.samples[126].x[11],1.062
Riyadh.samples[126].x[12],0.617
Riyadh.samples[126].x[13],1.327
Riyadh.samples[126].x[14],0.011
Riyadh.samples[126].x[15],1.128
Riyadh.samples[126].x[16],-0.306
Riyadh.samples[126].setpoint_pct,7.2
Riyadh.samples[126].envelope_pct,53.7
Riyadh.samples[126].inverter_pct,18.9
Riyadh.samples[126].best_precool_pct,0.0
Riyadh.samples[126].prepeak2_pct,3.0
Riyadh.samples[126].night2_pct,3.37
Riyadh.samples[126].admissible,True
Riyadh.samples[126].precode_admissible,True
Riyadh.samples[127].x[0],0.029
Riyadh.samples[127].x[1],0.019
Riyadh.samples[127].x[2],1.595
Riyadh.samples[127].x[3],1.221
Riyadh.samples[127].x[4],0.072
Riyadh.samples[127].x[5],0.265
Riyadh.samples[127].x[6],0.619
Riyadh.samples[127].x[7],0.077
Riyadh.samples[127].x[8],2.522
Riyadh.samples[127].x[9],0.536
Riyadh.samples[127].x[10],1.098
Riyadh.samples[127].x[11],1.161
Riyadh.samples[127].x[12],0.595
Riyadh.samples[127].x[13],1.115
Riyadh.samples[127].x[14],0.011
Riyadh.samples[127].x[15],1.037
Riyadh.samples[127].x[16],-0.401
Riyadh.samples[127].setpoint_pct,12.7
Riyadh.samples[127].envelope_pct,54.4
Riyadh.samples[127].inverter_pct,18.8
Riyadh.samples[127].best_precool_pct,0.0
Riyadh.samples[127].prepeak2_pct,4.38
Riyadh.samples[127].night2_pct,5.98
Riyadh.samples[127].admissible,True
Riyadh.samples[127].precode_admissible,True
parameters[0].name,gamma_indoor
parameters[0].low,0.0
parameters[0].high,0.03
parameters[1].name,cop_slope_outdoor
parameters[1].low,0.01
parameters[1].high,0.03
parameters[2].name,cop_ratio_low
parameters[2].low,1.3
parameters[2].high,1.6
parameters[3].name,cop_ratio_mid
parameters[3].low,1.1
parameters[3].high,1.3
parameters[4].name,cd_inverter
parameters[4].low,0.05
parameters[4].high,0.25
parameters[5].name,cd_fixed
parameters[5].low,0.15
parameters[5].high,0.35
parameters[6].name,escalation_scale
parameters[6].low,0.5
parameters[6].high,2.0
parameters[7].name,air_fraction
parameters[7].low,0.02
parameters[7].high,0.15
parameters[8].name,cop_latent
parameters[8].low,2.5
parameters[8].high,4.0
parameters[9].name,ach
parameters[9].low,0.2
parameters[9].high,0.8
parameters[10].name,gains_scale
parameters[10].low,0.7
parameters[10].high,1.3
parameters[11].name,wall_u_factor
parameters[11].low,1.0
parameters[11].high,1.2
parameters[12].name,absorptance
parameters[12].low,0.5
parameters[12].high,0.9
parameters[13].name,door_scale
parameters[13].low,0.5
parameters[13].high,1.5
parameters[14].name,derating_slope
parameters[14].low,0.005
parameters[14].high,0.02
parameters[15].name,weather_swing
parameters[15].low,0.8
parameters[15].high,1.3
parameters[16].name,weather_shift_K
parameters[16].low,-1.0
parameters[16].high,2.0
