key,value
Jeddah.quantiles.setpoint_pct[0],7.63
Jeddah.quantiles.setpoint_pct[1],9.6
Jeddah.quantiles.setpoint_pct[2],11.66
Jeddah.quantiles.envelope_pct[0],35.59
Jeddah.quantiles.envelope_pct[1],42.35
Jeddah.quantiles.envelope_pct[2],51.52
Jeddah.quantiles.inverter_pct[0],6.54
Jeddah.quantiles.inverter_pct[1],10.55
Jeddah.quantiles.inverter_pct[2],15.16
Jeddah.quantiles.best_precool_pct[0],0.0
Jeddah.quantiles.best_precool_pct[1],0.0
Jeddah.quantiles.best_precool_pct[2],0.0
Jeddah.quantiles.prepeak2_pct[0],1.94
Jeddah.quantiles.prepeak2_pct[1],3.08
Jeddah.quantiles.prepeak2_pct[2],5.34
Jeddah.quantiles.night2_pct[0],2.48
Jeddah.quantiles.night2_pct[1],4.41
Jeddah.quantiles.night2_pct[2],6.67
Jeddah.n_samples,128
Jeddah.n_reference_admissible,128
Jeddah.n_precode_admissible,60
Jeddah.envelope_quantiles_precode_admissible[0],35.59
Jeddah.envelope_quantiles_precode_admissible[1],42.35
Jeddah.envelope_quantiles_precode_admissible[2],51.52
Jeddah.share_precool_saves_pct,0.0
Jeddah.max_precool_saving_pct,0.0
Jeddah.share_ranking_holds_pct,100.0
Jeddah.n_ranking_samples,60
Jeddah.n_valid.setpoint_pct,128
Jeddah.n_valid.envelope_pct,60
Jeddah.n_valid.inverter_pct,128
Jeddah.n_valid.best_precool_pct,128
Jeddah.n_valid.prepeak2_pct,128
Jeddah.n_valid.night2_pct,128
Jeddah.prepeak2_always_costs,True
Jeddah.prcc.setpoint_pct.gamma_indoor,0.98
Jeddah.prcc.setpoint_pct.cop_slope_outdoor,-0.1
Jeddah.prcc.setpoint_pct.cop_ratio_low,-0.28
Jeddah.prcc.setpoint_pct.cop_ratio_mid,-0.09
Jeddah.prcc.setpoint_pct.cd_inverter,0.16
Jeddah.prcc.setpoint_pct.cd_fixed,0.22
Jeddah.prcc.setpoint_pct.escalation_scale,-0.27
Jeddah.prcc.setpoint_pct.air_fraction,-0.41
Jeddah.prcc.setpoint_pct.cop_latent,0.84
Jeddah.prcc.setpoint_pct.ach,-0.57
Jeddah.prcc.setpoint_pct.gains_scale,-0.8
Jeddah.prcc.setpoint_pct.wall_u_factor,0.06
Jeddah.prcc.setpoint_pct.absorptance,-0.43
Jeddah.prcc.setpoint_pct.door_scale,-0.11
Jeddah.prcc.setpoint_pct.derating_slope,0.04
Jeddah.prcc.setpoint_pct.weather_swing,-0.2
Jeddah.prcc.setpoint_pct.weather_shift_K,-0.78
Jeddah.prcc.envelope_pct.gamma_indoor,0.1
Jeddah.prcc.envelope_pct.cop_slope_outdoor,0.39
Jeddah.prcc.envelope_pct.cop_ratio_low,0.33
Jeddah.prcc.envelope_pct.cop_ratio_mid,-0.1
Jeddah.prcc.envelope_pct.cd_inverter,-0.04
Jeddah.prcc.envelope_pct.cd_fixed,0.03
Jeddah.prcc.envelope_pct.escalation_scale,-0.27
Jeddah.prcc.envelope_pct.air_fraction,-0.8
Jeddah.prcc.envelope_pct.cop_latent,0.77
Jeddah.prcc.envelope_pct.ach,-0.96
Jeddah.prcc.envelope_pct.gains_scale,-0.77
Jeddah.prcc.envelope_pct.wall_u_factor,0.0
Jeddah.prcc.envelope_pct.absorptance,0.87
Jeddah.prcc.envelope_pct.door_scale,0.11
Jeddah.prcc.envelope_pct.derating_slope,0.15
Jeddah.prcc.envelope_pct.weather_swing,-0.03
Jeddah.prcc.envelope_pct.weather_shift_K,0.78
Jeddah.prcc.inverter_pct.gamma_indoor,-0.09
Jeddah.prcc.inverter_pct.cop_slope_outdoor,0.09
Jeddah.prcc.inverter_pct.cop_ratio_low,0.89
Jeddah.prcc.inverter_pct.cop_ratio_mid,0.17
Jeddah.prcc.inverter_pct.cd_inverter,-0.89
Jeddah.prcc.inverter_pct.cd_fixed,0.95
Jeddah.prcc.inverter_pct.escalation_scale,0.33
Jeddah.prcc.inverter_pct.air_fraction,0.05
Jeddah.prcc.inverter_pct.cop_latent,0.64
Jeddah.prcc.inverter_pct.ach,-0.82
Jeddah.prcc.inverter_pct.gains_scale,0.01
Jeddah.prcc.inverter_pct.wall_u_factor,0.07
Jeddah.prcc.inverter_pct.absorptance,0.18
Jeddah.prcc.inverter_pct.door_scale,-0.29
Jeddah.prcc.inverter_pct.derating_slope,-0.03
Jeddah.prcc.inverter_pct.weather_swing,0.13
Jeddah.prcc.inverter_pct.weather_shift_K,0.36
Jeddah.prcc.best_precool_pct.gamma_indoor,0.01
Jeddah.prcc.best_precool_pct.cop_slope_outdoor,-0.0
Jeddah.prcc.best_precool_pct.cop_ratio_low,0.0
Jeddah.prcc.best_precool_pct.cop_ratio_mid,0.01
Jeddah.prcc.best_precool_pct.cd_inverter,0.01
Jeddah.prcc.best_precool_pct.cd_fixed,-0.0
Jeddah.prcc.best_precool_pct.escalation_scale,-0.02
Jeddah.prcc.best_precool_pct.air_fraction,0.0
Jeddah.prcc.best_precool_pct.cop_latent,-0.03
Jeddah.prcc.best_precool_pct.ach,-0.0
Jeddah.prcc.best_precool_pct.gains_scale,-0.0
Jeddah.prcc.best_precool_pct.wall_u_factor,0.02
Jeddah.prcc.best_precool_pct.absorptance,0.03
Jeddah.prcc.best_precool_pct.door_scale,-0.0
Jeddah.prcc.best_precool_pct.derating_slope,-0.06
Jeddah.prcc.best_precool_pct.weather_swing,0.0
Jeddah.prcc.best_precool_pct.weather_shift_K,0.02
Jeddah.prcc.prepeak2_pct.gamma_indoor,0.65
Jeddah.prcc.prepeak2_pct.cop_slope_outdoor,0.34
Jeddah.prcc.prepeak2_pct.cop_ratio_low,0.34
Jeddah.prcc.prepeak2_pct.cop_ratio_mid,0.03
Jeddah.prcc.prepeak2_pct.cd_inverter,-0.38
Jeddah.prcc.prepeak2_pct.cd_fixed,-0.14
Jeddah.prcc.prepeak2_pct.escalation_scale,-0.34
Jeddah.prcc.prepeak2_pct.air_fraction,-0.46
Jeddah.prcc.prepeak2_pct.cop_latent,0.16
Jeddah.prcc.prepeak2_pct.ach,-0.27
Jeddah.prcc.prepeak2_pct.gains_scale,-0.24
Jeddah.prcc.prepeak2_pct.wall_u_factor,-0.03
Jeddah.prcc.prepeak2_pct.absorptance,0.09
Jeddah.prcc.prepeak2_pct.door_scale,0.03
Jeddah.prcc.prepeak2_pct.derating_slope,0.12
Jeddah.prcc.prepeak2_pct.weather_swing,0.12
Jeddah.prcc.prepeak2_pct.weather_shift_K,-0.28
Jeddah.prcc.night2_pct.gamma_indoor,0.81
Jeddah.prcc.night2_pct.cop_slope_outdoor,-0.8
Jeddah.prcc.night2_pct.cop_ratio_low,0.16
Jeddah.prcc.night2_pct.cop_ratio_mid,0.07
Jeddah.prcc.night2_pct.cd_inverter,-0.16
Jeddah.prcc.night2_pct.cd_fixed,-0.16
Jeddah.prcc.night2_pct.escalation_scale,-0.19
Jeddah.prcc.night2_pct.air_fraction,-0.04
Jeddah.prcc.night2_pct.cop_latent,0.33
Jeddah.prcc.night2_pct.ach,0.15
Jeddah.prcc.night2_pct.gains_scale,-0.37
Jeddah.prcc.night2_pct.wall_u_factor,-0.03
Jeddah.prcc.night2_pct.absorptance,0.03
Jeddah.prcc.night2_pct.door_scale,0.01
Jeddah.prcc.night2_pct.derating_slope,0.22
Jeddah.prcc.night2_pct.weather_swing,-0.55
Jeddah.prcc.night2_pct.weather_shift_K,-0.42
Jeddah.samples[0].x[0],0.004
Jeddah.samples[0].x[1],0.022
Jeddah.samples[0].x[2],1.32
Jeddah.samples[0].x[3],1.201
Jeddah.samples[0].x[4],0.101
Jeddah.samples[0].x[5],0.244
Jeddah.samples[0].x[6],1.321
Jeddah.samples[0].x[7],0.134
Jeddah.samples[0].x[8],3.008
Jeddah.samples[0].x[9],0.316
Jeddah.samples[0].x[10],0.77
Jeddah.samples[0].x[11],1.167
Jeddah.samples[0].x[12],0.826
Jeddah.samples[0].x[13],0.744
Jeddah.samples[0].x[14],0.012
Jeddah.samples[0].x[15],1.082
Jeddah.samples[0].x[16],1.052
Jeddah.samples[0].setpoint_pct,8.4
Jeddah.samples[0].envelope_pct,49.2
Jeddah.samples[0].inverter_pct,10.5
Jeddah.samples[0].best_precool_pct,0.0
Jeddah.samples[0].prepeak2_pct,2.54
Jeddah.samples[0].night2_pct,3.06
Jeddah.samples[0].admissible,True
Jeddah.samples[0].precode_admissible,False
Jeddah.samples[1].x[0],0.022
Jeddah.samples[1].x[1],0.02
Jeddah.samples[1].x[2],1.391
Jeddah.samples[1].x[3],1.121
Jeddah.samples[1].x[4],0.126
Jeddah.samples[1].x[5],0.271
Jeddah.samples[1].x[6],0.535
Jeddah.samples[1].x[7],0.081
Jeddah.samples[1].x[8],2.742
Jeddah.samples[1].x[9],0.471
Jeddah.samples[1].x[10],0.908
Jeddah.samples[1].x[11],1.079
Jeddah.samples[1].x[12],0.53
Jeddah.samples[1].x[13],1.498
Jeddah.samples[1].x[14],0.012
Jeddah.samples[1].x[15],1.063
Jeddah.samples[1].x[16],0.392
Jeddah.samples[1].setpoint_pct,10.4
Jeddah.samples[1].envelope_pct,40.5
Jeddah.samples[1].inverter_pct,10.0
Jeddah.samples[1].best_precool_pct,0.0
Jeddah.samples[1].prepeak2_pct,4.18
Jeddah.samples[1].night2_pct,4.54
Jeddah.samples[1].admissible,True
Jeddah.samples[1].precode_admissible,True
Jeddah.samples[2].x[0],0.001
Jeddah.samples[2].x[1],0.023
Jeddah.samples[2].x[2],1.465
Jeddah.samples[2].x[3],1.26
Jeddah.samples[2].x[4],0.153
Jeddah.samples[2].x[5],0.331
Jeddah.samples[2].x[6],0.902
Jeddah.samples[2].x[7],0.056
Jeddah.samples[2].x[8],3.622
Jeddah.samples[2].x[9],0.581
Jeddah.samples[2].x[10],1.205
Jeddah.samples[2].x[11],1.152
Jeddah.samples[2].x[12],0.729
Jeddah.samples[2].x[13],1.194
Jeddah.samples[2].x[14],0.015
Jeddah.samples[2].x[15],0.919
Jeddah.samples[2].x[16],0.415
Jeddah.samples[2].setpoint_pct,8.1
Jeddah.samples[2].envelope_pct,41.7
Jeddah.samples[2].inverter_pct,13.4
Jeddah.samples[2].best_precool_pct,0.0
Jeddah.samples[2].prepeak2_pct,2.76
Jeddah.samples[2].night2_pct,3.47
Jeddah.samples[2].admissible,True
Jeddah.samples[2].precode_admissible,True
Jeddah.samples[3].x[0],0.024
Jeddah.samples[3].x[1],0.024
Jeddah.samples[3].x[2],1.353
Jeddah.samples[3].x[3],1.216
Jeddah.samples[3].x[4],0.121
Jeddah.samples[3].x[5],0.152
Jeddah.samples[3].x[6],0.601
Jeddah.samples[3].x[7],0.142
Jeddah.samples[3].x[8],3.229
Jeddah.samples[3].x[9],0.577
Jeddah.samples[3].x[10],1.172
Jeddah.samples[3].x[11],1.179
Jeddah.samples[3].x[12],0.834
Jeddah.samples[3].x[13],1.149
Jeddah.samples[3].x[14],0.011
Jeddah.samples[3].x[15],1.179
Jeddah.samples[3].x[16],1.195
Jeddah.samples[3].setpoint_pct,10.0
Jeddah.samples[3].envelope_pct,42.1
Jeddah.samples[3].inverter_pct,7.3
Jeddah.samples[3].best_precool_pct,0.0
Jeddah.samples[3].prepeak2_pct,3.54
Jeddah.samples[3].night2_pct,4.36
Jeddah.samples[3].admissible,True
Jeddah.samples[3].precode_admissible,False
Jeddah.samples[4].x[0],0.026
Jeddah.samples[4].x[1],0.013
Jeddah.samples[4].x[2],1.324
Jeddah.samples[4].x[3],1.279
Jeddah.samples[4].x[4],0.143
Jeddah.samples[4].x[5],0.269
Jeddah.samples[4].x[6],0.759
Jeddah.samples[4].x[7],0.022
Jeddah.samples[4].x[8],3.518
Jeddah.samples[4].x[9],0.28
Jeddah.samples[4].x[10],1.187
Jeddah.samples[4].x[11],1.145
Jeddah.samples[4].x[12],0.88
Jeddah.samples[4].x[13],0.69
Jeddah.samples[4].x[14],0.019
Jeddah.samples[4].x[15],1.022
Jeddah.samples[4].x[16],-0.953
Jeddah.samples[4].setpoint_pct,11.7
Jeddah.samples[4].envelope_pct,51.5
Jeddah.samples[4].inverter_pct,10.5
Jeddah.samples[4].best_precool_pct,0.0
Jeddah.samples[4].prepeak2_pct,5.6
Jeddah.samples[4].night2_pct,7.05
Jeddah.samples[4].admissible,True
Jeddah.samples[4].precode_admissible,True
Jeddah.samples[5].x[0],0.011
Jeddah.samples[5].x[1],0.028
Jeddah.samples[5].x[2],1.418
Jeddah.samples[5].x[3],1.137
Jeddah.samples[5].x[4],0.225
Jeddah.samples[5].x[5],0.18
Jeddah.samples[5].x[6],0.556
Jeddah.samples[5].x[7],0.125
Jeddah.samples[5].x[8],2.725
Jeddah.samples[5].x[9],0.23
Jeddah.samples[5].x[10],0.748
Jeddah.samples[5].x[11],1.177
Jeddah.samples[5].x[12],0.81
Jeddah.samples[5].x[13],0.725
Jeddah.samples[5].x[14],0.019
Jeddah.samples[5].x[15],1.016
Jeddah.samples[5].x[16],0.169
Jeddah.samples[5].setpoint_pct,9.4
Jeddah.samples[5].envelope_pct,50.8
Jeddah.samples[5].inverter_pct,7.8
Jeddah.samples[5].best_precool_pct,0.0
Jeddah.samples[5].prepeak2_pct,3.22
Jeddah.samples[5].night2_pct,3.01
Jeddah.samples[5].admissible,True
Jeddah.samples[5].precode_admissible,True
Jeddah.samples[6].x[0],0.018
Jeddah.samples[6].x[1],0.023
Jeddah.samples[6].x[2],1.547
Jeddah.samples[6].x[3],1.3
Jeddah.samples[6].x[4],0.118
Jeddah.samples[6].x[5],0.197
Jeddah.samples[6].x[6],1.36
Jeddah.samples[6].x[7],0.121
Jeddah.samples[6].x[8],3.383
Jeddah.samples[6].x[9],0.545
Jeddah.samples[6].x[10],1.02
Jeddah.samples[6].x[11],1.159
Jeddah.samples[6].x[12],0.652
Jeddah.samples[6].x[13],0.781
Jeddah.samples[6].x[14],0.006
Jeddah.samples[6].x[15],1.099
Jeddah.samples[6].x[16],1.268
Jeddah.samples[6].setpoint_pct,9.5
Jeddah.samples[6].envelope_pct,40.3
Jeddah.samples[6].inverter_pct,11.4
Jeddah.samples[6].best_precool_pct,0.0
Jeddah.samples[6].prepeak2_pct,3.33
Jeddah.samples[6].night2_pct,4.27
Jeddah.samples[6].admissible,True
Jeddah.samples[6].precode_admissible,False
Jeddah.samples[7].x[0],0.0
Jeddah.samples[7].x[1],0.014
Jeddah.samples[7].x[2],1.502
Jeddah.samples[7].x[3],1.218
Jeddah.samples[7].x[4],0.07
Jeddah.samples[7].x[5],0.237
Jeddah.samples[7].x[6],0.545
Jeddah.samples[7].x[7],0.145
Jeddah.samples[7].x[8],3.897
Jeddah.samples[7].x[9],0.207
Jeddah.samples[7].x[10],0.829
Jeddah.samples[7].x[11],1.136
Jeddah.samples[7].x[12],0.695
Jeddah.samples[7].x[13],1.369
Jeddah.samples[7].x[14],0.009
Jeddah.samples[7].x[15],0.858
Jeddah.samples[7].x[16],1.446
Jeddah.samples[7].setpoint_pct,8.3
Jeddah.samples[7].envelope_pct,51.5
Jeddah.samples[7].inverter_pct,15.3
Jeddah.samples[7].best_precool_pct,0.0
Jeddah.samples[7].prepeak2_pct,3.08
Jeddah.samples[7].night2_pct,4.94
Jeddah.samples[7].admissible,True
Jeddah.samples[7].precode_admissible,True
Jeddah.samples[8].x[0],0.007
Jeddah.samples[8].x[1],0.011
Jeddah.samples[8].x[2],1.372
Jeddah.samples[8].x[3],1.146
Jeddah.samples[8].x[4],0.197
Jeddah.samples[8].x[5],0.154
Jeddah.samples[8].x[6],1.706
Jeddah.samples[8].x[7],0.107
Jeddah.samples[8].x[8],3.192
Jeddah.samples[8].x[9],0.541
Jeddah.samples[8].x[10],1.243
Jeddah.samples[8].x[11],1.028
Jeddah.samples[8].x[12],0.587
Jeddah.samples[8].x[13],0.662
Jeddah.samples[8].x[14],0.012
Jeddah.samples[8].x[15],1.127
Jeddah.samples[8].x[16],-0.92
Jeddah.samples[8].setpoint_pct,8.8
Jeddah.samples[8].envelope_pct,32.6
Jeddah.samples[8].inverter_pct,5.6
Jeddah.samples[8].best_precool_pct,0.0
Jeddah.samples[8].prepeak2_pct,1.95
Jeddah.samples[8].night2_pct,4.67
Jeddah.samples[8].admissible,True
Jeddah.samples[8].precode_admissible,False
Jeddah.samples[9].x[0],0.02
Jeddah.samples[9].x[1],0.01
Jeddah.samples[9].x[2],1.41
Jeddah.samples[9].x[3],1.213
Jeddah.samples[9].x[4],0.163
Jeddah.samples[9].x[5],0.183
Jeddah.samples[9].x[6],1.862
Jeddah.samples[9].x[7],0.035
Jeddah.samples[9].x[8],3.819
Jeddah.samples[9].x[9],0.358
Jeddah.samples[9].x[10],1.076
Jeddah.samples[9].x[11],1.19
Jeddah.samples[9].x[12],0.797
Jeddah.samples[9].x[13],1.125
Jeddah.samples[9].x[14],0.013
Jeddah.samples[9].x[15],0.932
Jeddah.samples[9].x[16],0.677
Jeddah.samples[9].setpoint_pct,10.5
Jeddah.samples[9].envelope_pct,48.3
Jeddah.samples[9].inverter_pct,9.5
Jeddah.samples[9].best_precool_pct,0.0
Jeddah.samples[9].prepeak2_pct,3.85
Jeddah.samples[9].night2_pct,6.44
Jeddah.samples[9].admissible,True
Jeddah.samples[9].precode_admissible,False
Jeddah.samples[10].x[0],0.016
Jeddah.samples[10].x[1],0.019
Jeddah.samples[10].x[2],1.306
Jeddah.samples[10].x[3],1.219
Jeddah.samples[10].x[4],0.138
Jeddah.samples[10].x[5],0.205
Jeddah.samples[10].x[6],0.935
Jeddah.samples[10].x[7],0.098
Jeddah.samples[10].x[8],3.369
Jeddah.samples[10].x[9],0.339
Jeddah.samples[10].x[10],0.856
Jeddah.samples[10].x[11],1.09
Jeddah.samples[10].x[12],0.691
Jeddah.samples[10].x[13],1.094
Jeddah.samples[10].x[14],0.012
Jeddah.samples[10].x[15],0.926
Jeddah.samples[10].x[16],-0.947
Jeddah.samples[10].setpoint_pct,10.7
Jeddah.samples[10].envelope_pct,43.6
Jeddah.samples[10].inverter_pct,7.7
Jeddah.samples[10].best_precool_pct,0.0
Jeddah.samples[10].prepeak2_pct,2.81
Jeddah.samples[10].night2_pct,4.9
Jeddah.samples[10].admissible,True
Jeddah.samples[10].precode_admissible,True
Jeddah.samples[11].x[0],0.017
Jeddah.samples[11].x[1],0.021
Jeddah.samples[11].x[2],1.367
Jeddah.samples[11].x[3],1.211
Jeddah.samples[11].x[4],0.09
Jeddah.samples[11].x[5],0.199
Jeddah.samples[11].x[6],0.704
Jeddah.samples[11].x[7],0.042
Jeddah.samples[11].x[8],3.49
Jeddah.samples[11].x[9],0.36
Jeddah.samples[11].x[10],0.793
Jeddah.samples[11].x[11],1.148
Jeddah.samples[11].x[12],0.658
Jeddah.samples[11].x[13],1.338
Jeddah.samples[11].x[14],0.007
Jeddah.samples[11].x[15],0.866
Jeddah.samples[11].x[16],0.717
Jeddah.samples[11].setpoint_pct,10.7
Jeddah.samples[11].envelope_pct,49.8
Jeddah.samples[11].inverter_pct,9.8
Jeddah.samples[11].best_precool_pct,0.0
Jeddah.samples[11].prepeak2_pct,5.0
Jeddah.samples[11].night2_pct,6.23
Jeddah.samples[11].admissible,True
Jeddah.samples[11].precode_admissible,True
Jeddah.samples[12].x[0],0.019
Jeddah.samples[12].x[1],0.024
Jeddah.samples[12].x[2],1.6
Jeddah.samples[12].x[3],1.259
Jeddah.samples[12].x[4],0.233
Jeddah.samples[12].x[5],0.274
Jeddah.samples[12].x[6],0.685
Jeddah.samples[12].x[7],0.03
Jeddah.samples[12].x[8],2.673
Jeddah.samples[12].x[9],0.348
Jeddah.samples[12].x[10],0.822
Jeddah.samples[12].x[11],1.085
Jeddah.samples[12].x[12],0.727
Jeddah.samples[12].x[13],0.891
Jeddah.samples[12].x[14],0.018
Jeddah.samples[12].x[15],0.807
Jeddah.samples[12].x[16],1.17
Jeddah.samples[12].setpoint_pct,10.5
Jeddah.samples[12].envelope_pct,52.2
Jeddah.samples[12].inverter_pct,10.2
Jeddah.samples[12].best_precool_pct,0.0
Jeddah.samples[12].prepeak2_pct,5.58
Jeddah.samples[12].night2_pct,7.06
Jeddah.samples[12].admissible,True
Jeddah.samples[12].precode_admissible,True
Jeddah.samples[13].x[0],0.023
Jeddah.samples[13].x[1],0.027
Jeddah.samples[13].x[2],1.47
Jeddah.samples[13].x[3],1.237
Jeddah.samples[13].x[4],0.1
Jeddah.samples[13].x[5],0.337
Jeddah.samples[13].x[6],1.813
Jeddah.samples[13].x[7],0.086
Jeddah.samples[13].x[8],3.146
Jeddah.samples[13].x[9],0.575
Jeddah.samples[13].x[10],0.971
Jeddah.samples[13].x[11],1.055
Jeddah.samples[13].x[12],0.804
Jeddah.samples[13].x[13],0.762
Jeddah.samples[13].x[14],0.013
Jeddah.samples[13].x[15],0.924
Jeddah.samples[13].x[16],0.039
Jeddah.samples[13].setpoint_pct,10.4
Jeddah.samples[13].envelope_pct,40.6
Jeddah.samples[13].inverter_pct,14.0
Jeddah.samples[13].best_precool_pct,0.0
Jeddah.samples[13].prepeak2_pct,3.08
Jeddah.samples[13].night2_pct,4.44
Jeddah.samples[13].admissible,True
Jeddah.samples[13].precode_admissible,False
Jeddah.samples[14].x[0],0.016
Jeddah.samples[14].x[1],0.018
Jeddah.samples[14].x[2],1.577
Jeddah.samples[14].x[3],1.197
Jeddah.samples[14].x[4],0.194
Jeddah.samples[14].x[5],0.234
Jeddah.samples[14].x[6],1.987
Jeddah.samples[14].x[7],0.113
Jeddah.samples[14].x[8],3.35
Jeddah.samples[14].x[9],0.368
Jeddah.samples[14].x[10],1.267
Jeddah.samples[14].x[11],1.192
Jeddah.samples[14].x[12],0.863
Jeddah.samples[14].x[13],1.303
Jeddah.samples[14].x[14],0.01
Jeddah.samples[14].x[15],1.293
Jeddah.samples[14].x[16],1.376
Jeddah.samples[14].setpoint_pct,8.9
Jeddah.samples[14].envelope_pct,45.3
Jeddah.samples[14].inverter_pct,12.4
Jeddah.samples[14].best_precool_pct,0.0
Jeddah.samples[14].prepeak2_pct,2.83
Jeddah.samples[14].night2_pct,3.99
Jeddah.samples[14].admissible,True
Jeddah.samples[14].precode_admissible,False
Jeddah.samples[15].x[0],0.001
Jeddah.samples[15].x[1],0.021
Jeddah.samples[15].x[2],1.584
Jeddah.samples[15].x[3],1.141
Jeddah.samples[15].x[4],0.14
Jeddah.samples[15].x[5],0.338
Jeddah.samples[15].x[6],0.857
Jeddah.samples[15].x[7],0.084
Jeddah.samples[15].x[8],3.065
Jeddah.samples[15].x[9],0.45
Jeddah.samples[15].x[10],1.182
Jeddah.samples[15].x[11],1.18
Jeddah.samples[15].x[12],0.706
Jeddah.samples[15].x[13],0.618
Jeddah.samples[15].x[14],0.006
Jeddah.samples[15].x[15],0.882
Jeddah.samples[15].x[16],1.134
Jeddah.samples[15].setpoint_pct,7.4
Jeddah.samples[15].envelope_pct,43.1
Jeddah.samples[15].inverter_pct,16.0
Jeddah.samples[15].best_precool_pct,0.0
Jeddah.samples[15].prepeak2_pct,2.12
Jeddah.samples[15].night2_pct,2.94
Jeddah.samples[15].admissible,True
Jeddah.samples[15].precode_admissible,True
Jeddah.samples[16].x[0],0.002
Jeddah.samples[16].x[1],0.023
Jeddah.samples[16].x[2],1.334
Jeddah.samples[16].x[3],1.152
Jeddah.samples[16].x[4],0.178
Jeddah.samples[16].x[5],0.18
Jeddah.samples[16].x[6],0.648
Jeddah.samples[16].x[7],0.05
Jeddah.samples[16].x[8],3.909
Jeddah.samples[16].x[9],0.602
Jeddah.samples[16].x[10],1.299
Jeddah.samples[16].x[11],1.05
Jeddah.samples[16].x[12],0.753
Jeddah.samples[16].x[13],1.423
Jeddah.samples[16].x[14],0.016
Jeddah.samples[16].x[15],0.843
Jeddah.samples[16].x[16],1.824
Jeddah.samples[16].setpoint_pct,8.0
Jeddah.samples[16].envelope_pct,43.8
Jeddah.samples[16].inverter_pct,5.7
Jeddah.samples[16].best_precool_pct,0.0
Jeddah.samples[16].prepeak2_pct,2.65
Jeddah.samples[16].night2_pct,4.26
Jeddah.samples[16].admissible,True
Jeddah.samples[16].precode_admissible,True
Jeddah.samples[17].x[0],0.024
Jeddah.samples[17].x[1],0.021
Jeddah.samples[17].x[2],1.449
Jeddah.samples[17].x[3],1.25
Jeddah.samples[17].x[4],0.188
Jeddah.samples[17].x[5],0.238
Jeddah.samples[17].x[6],0.506
Jeddah.samples[17].x[7],0.102
Jeddah.samples[17].x[8],3.038
Jeddah.samples[17].x[9],0.493
Jeddah.samples[17].x[10],1.142
Jeddah.samples[17].x[11],1.172
Jeddah.samples[17].x[12],0.78
Jeddah.samples[17].x[13],1.125
Jeddah.samples[17].x[14],0.02
Jeddah.samples[17].x[15],0.838
Jeddah.samples[17].x[16],0.282
Jeddah.samples[17].setpoint_pct,10.4
Jeddah.samples[17].envelope_pct,42.0
Jeddah.samples[17].inverter_pct,9.4
Jeddah.samples[17].best_precool_pct,0.0
Jeddah.samples[17].prepeak2_pct,3.7
Jeddah.samples[17].night2_pct,5.23
Jeddah.samples[17].admissible,True
Jeddah.samples[17].precode_admissible,True
Jeddah.samples[18].x[0],0.021
Jeddah.samples[18].x[1],0.021
Jeddah.samples[18].x[2],1.35
Jeddah.samples[18].x[3],1.15
Jeddah.samples[18].x[4],0.108
Jeddah.samples[18].x[5],0.21
Jeddah.samples[18].x[6],1.642
Jeddah.samples[18].x[7],0.12
Jeddah.samples[18].x[8],2.783
Jeddah.samples[18].x[9],0.63
Jeddah.samples[18].x[10],0.942
Jeddah.samples[18].x[11],1.023
Jeddah.samples[18].x[12],0.725
Jeddah.samples[18].x[13],0.734
Jeddah.samples[18].x[14],0.017
Jeddah.samples[18].x[15],1.113
Jeddah.samples[18].x[16],1.124
Jeddah.samples[18].setpoint_pct,9.5
Jeddah.samples[18].envelope_pct,38.2
Jeddah.samples[18].inverter_pct,8.1
Jeddah.samples[18].best_precool_pct,0.0
Jeddah.samples[18].prepeak2_pct,2.99
Jeddah.samples[18].night2_pct,4.38
Jeddah.samples[18].admissible,True
Jeddah.samples[18].precode_admissible,False
Jeddah.samples[19].x[0],0.025
Jeddah.samples[19].x[1],0.012
Jeddah.samples[19].x[2],1.544
Jeddah.samples[19].x[3],1.276
Jeddah.samples[19].x[4],0.059
Jeddah.samples[19].x[5],0.308
Jeddah.samples[19].x[6],0.83
Jeddah.samples[19].x[7],0.085
Jeddah.samples[19].x[8],2.712
Jeddah.samples[19].x[9],0.503
Jeddah.samples[19].x[10],0.781
Jeddah.samples[19].x[11],1.143
Jeddah.samples[19].x[12],0.574
Jeddah.samples[19].x[13],0.814
Jeddah.samples[19].x[14],0.018
Jeddah.samples[19].x[15],1.167
Jeddah.samples[19].x[16],-0.6
Jeddah.samples[19].setpoint_pct,10.8
Jeddah.samples[19].envelope_pct,37.8
Jeddah.samples[19].inverter_pct,13.5
Jeddah.samples[19].best_precool_pct,0.0
Jeddah.samples[19].prepeak2_pct,3.42
Jeddah.samples[19].night2_pct,6.15
Jeddah.samples[19].admissible,True
Jeddah.samples[19].precode_admissible,True
Jeddah.samples[20].x[0],0.019
Jeddah.samples[20].x[1],0.023
Jeddah.samples[20].x[2],1.433
Jeddah.samples[20].x[3],1.127
Jeddah.samples[20].x[4],0.113
Jeddah.samples[20].x[5],0.285
Jeddah.samples[20].x[6],1.045
Jeddah.samples[20].x[7],0.059
Jeddah.samples[20].x[8],3.061
Jeddah.samples[20].x[9],0.323
Jeddah.samples[20].x[10],0.732
Jeddah.samples[20].x[11],1.138
Jeddah.samples[20].x[12],0.665
Jeddah.samples[20].x[13],0.801
Jeddah.samples[20].x[14],0.014
Jeddah.samples[20].x[15],1.086
Jeddah.samples[20].x[16],1.735
Jeddah.samples[20].setpoint_pct,10.3
Jeddah.samples[20].envelope_pct,50.3
Jeddah.samples[20].inverter_pct,13.6
Jeddah.samples[20].best_precool_pct,0.0
Jeddah.samples[20].prepeak2_pct,3.46
Jeddah.samples[20].night2_pct,3.75
Jeddah.samples[20].admissible,True
Jeddah.samples[20].precode_admissible,True
Jeddah.samples[21].x[0],0.017
Jeddah.samples[21].x[1],0.02
Jeddah.samples[21].x[2],1.404
Jeddah.samples[21].x[3],1.143
Jeddah.samples[21].x[4],0.183
Jeddah.samples[21].x[5],0.258
Jeddah.samples[21].x[6],1.288
Jeddah.samples[21].x[7],0.093
Jeddah.samples[21].x[8],3.878
Jeddah.samples[21].x[9],0.238
Jeddah.samples[21].x[10],0.714
Jeddah.samples[21].x[11],1.155
Jeddah.samples[21].x[12],0.521
Jeddah.samples[21].x[13],1.31
Jeddah.samples[21].x[14],0.02
Jeddah.samples[21].x[15],0.801
Jeddah.samples[21].x[16],-0.027
Jeddah.samples[21].setpoint_pct,11.6
Jeddah.samples[21].envelope_pct,46.3
Jeddah.samples[21].inverter_pct,10.9
Jeddah.samples[21].best_precool_pct,0.0
Jeddah.samples[21].prepeak2_pct,3.01
Jeddah.samples[21].night2_pct,5.39
Jeddah.samples[21].admissible,True
Jeddah.samples[21].precode_admissible,False
Jeddah.samples[22].x[0],0.013
Jeddah.samples[22].x[1],0.025
Jeddah.samples[22].x[2],1.422
Jeddah.samples[22].x[3],1.189
Jeddah.samples[22].x[4],0.084
Jeddah.samples[22].x[5],0.343
Jeddah.samples[22].x[6],0.664
Jeddah.samples[22].x[7],0.091
Jeddah.samples[22].x[8],2.998
Jeddah.samples[22].x[9],0.448
Jeddah.samples[22].x[10],1.12
Jeddah.samples[22].x[11],1.057
Jeddah.samples[22].x[12],0.559
Jeddah.samples[22].x[13],0.961
Jeddah.samples[22].x[14],0.018
Jeddah.samples[22].x[15],0.987
Jeddah.samples[22].x[16],-0.479
Jeddah.samples[22].setpoint_pct,9.3
Jeddah.samples[22].envelope_pct,38.4
Jeddah.samples[22].inverter_pct,13.9
Jeddah.samples[22].best_precool_pct,0.0
Jeddah.samples[22].prepeak2_pct,3.14
Jeddah.samples[22].night2_pct,3.69
Jeddah.samples[22].admissible,True
Jeddah.samples[22].precode_admissible,True
Jeddah.samples[23].x[0],0.028
Jeddah.samples[23].x[1],0.013
Jeddah.samples[23].x[2],1.318
Jeddah.samples[23].x[3],1.244
Jeddah.samples[23].x[4],0.247
Jeddah.samples[23].x[5],0.328
Jeddah.samples[23].x[6],1.908
Jeddah.samples[23].x[7],0.136
Jeddah.samples[23].x[8],3.102
Jeddah.samples[23].x[9],0.518
Jeddah.samples[23].x[10],0.952
Jeddah.samples[23].x[11],1.17
Jeddah.samples[23].x[12],0.525
Jeddah.samples[23].x[13],0.796
Jeddah.samples[23].x[14],0.009
Jeddah.samples[23].x[15],0.842
Jeddah.samples[23].x[16],-0.501
Jeddah.samples[23].setpoint_pct,12.0
Jeddah.samples[23].envelope_pct,35.5
Jeddah.samples[23].inverter_pct,8.4
Jeddah.samples[23].best_precool_pct,0.0
Jeddah.samples[23].prepeak2_pct,2.87
Jeddah.samples[23].night2_pct,6.8
Jeddah.samples[23].admissible,True
Jeddah.samples[23].precode_admissible,False
Jeddah.samples[24].x[0],0.013
Jeddah.samples[24].x[1],0.019
Jeddah.samples[24].x[2],1.344
Jeddah.samples[24].x[3],1.274
Jeddah.samples[24].x[4],0.127
Jeddah.samples[24].x[5],0.329
Jeddah.samples[24].x[6],1.972
Jeddah.samples[24].x[7],0.027
Jeddah.samples[24].x[8],3.522
Jeddah.samples[24].x[9],0.432
Jeddah.samples[24].x[10],0.742
Jeddah.samples[24].x[11],1.019
Jeddah.samples[24].x[12],0.581
Jeddah.samples[24].x[13],0.653
Jeddah.samples[24].x[14],0.015
Jeddah.samples[24].x[15],1.258
Jeddah.samples[24].x[16],0.212
Jeddah.samples[24].setpoint_pct,10.2
Jeddah.samples[24].envelope_pct,43.3
Jeddah.samples[24].inverter_pct,12.9
Jeddah.samples[24].best_precool_pct,0.0
Jeddah.samples[24].prepeak2_pct,3.24
Jeddah.samples[24].night2_pct,3.97
Jeddah.samples[24].admissible,True
Jeddah.samples[24].precode_admissible,True
Jeddah.samples[25].x[0],0.002
Jeddah.samples[25].x[1],0.029
Jeddah.samples[25].x[2],1.476
Jeddah.samples[25].x[3],1.272
Jeddah.samples[25].x[4],0.167
Jeddah.samples[25].x[5],0.335
Jeddah.samples[25].x[6],1.226
Jeddah.samples[25].x[7],0.149
Jeddah.samples[25].x[8],3.919
Jeddah.samples[25].x[9],0.49
Jeddah.samples[25].x[10],0.934
Jeddah.samples[25].x[11],1.068
Jeddah.samples[25].x[12],0.649
Jeddah.samples[25].x[13],1.411
Jeddah.samples[25].x[14],0.009
Jeddah.samples[25].x[15],1.149
Jeddah.samples[25].x[16],0.489
Jeddah.samples[25].setpoint_pct,8.5
Jeddah.samples[25].envelope_pct,41.5
Jeddah.samples[25].inverter_pct,14.1
Jeddah.samples[25].best_precool_pct,0.0
Jeddah.samples[25].prepeak2_pct,2.44
Jeddah.samples[25].night2_pct,2.44
Jeddah.samples[25].admissible,True
Jeddah.samples[25].precode_admissible,False
Jeddah.samples[26].x[0],0.028
Jeddah.samples[26].x[1],0.016
Jeddah.samples[26].x[2],1.482
Jeddah.samples[26].x[3],1.134
Jeddah.samples[26].x[4],0.08
Jeddah.samples[26].x[5],0.34
Jeddah.samples[26].x[6],0.669
Jeddah.samples[26].x[7],0.055
Jeddah.samples[26].x[8],3.637
Jeddah.samples[26].x[9],0.467
Jeddah.samples[26].x[10],0.924
Jeddah.samples[26].x[11],1.161
Jeddah.samples[26].x[12],0.686
Jeddah.samples[26].x[13],0.929
Jeddah.samples[26].x[14],0.016
Jeddah.samples[26].x[15],1.067
Jeddah.samples[26].x[16],0.94
Jeddah.samples[26].setpoint_pct,12.1
Jeddah.samples[26].envelope_pct,47.7
Jeddah.samples[26].inverter_pct,15.2
Jeddah.samples[26].best_precool_pct,0.0
Jeddah.samples[26].prepeak2_pct,5.64
Jeddah.samples[26].night2_pct,7.02
Jeddah.samples[26].admissible,True
Jeddah.samples[26].precode_admissible,True
Jeddah.samples[27].x[0],0.011
Jeddah.samples[27].x[1],0.026
Jeddah.samples[27].x[2],1.437
Jeddah.samples[27].x[3],1.266
Jeddah.samples[27].x[4],0.16
Jeddah.samples[27].x[5],0.257
Jeddah.samples[27].x[6],1.424
Jeddah.samples[27].x[7],0.068
Jeddah.samples[27].x[8],3.137
Jeddah.samples[27].x[9],0.777
Jeddah.samples[27].x[10],1.134
Jeddah.samples[27].x[11],1.11
Jeddah.samples[27].x[12],0.87
Jeddah.samples[27].x[13],0.959
Jeddah.samples[27].x[14],0.01
Jeddah.samples[27].x[15],1.076
Jeddah.samples[27].x[16],1.582
Jeddah.samples[27].setpoint_pct,8.2
Jeddah.samples[27].envelope_pct,38.5
Jeddah.samples[27].inverter_pct,10.0
Jeddah.samples[27].best_precool_pct,0.0
Jeddah.samples[27].prepeak2_pct,2.11
Jeddah.samples[27].night2_pct,2.81
Jeddah.samples[27].admissible,True
Jeddah.samples[27].precode_admissible,False
Jeddah.samples[28].x[0],0.012
Jeddah.samples[28].x[1],0.028
Jeddah.samples[28].x[2],1.588
Jeddah.samples[28].x[3],1.157
Jeddah.samples[28].x[4],0.203
Jeddah.samples[28].x[5],0.342
Jeddah.samples[28].x[6],0.896
Jeddah.samples[28].x[7],0.075
Jeddah.samples[28].x[8],2.64
Jeddah.samples[28].x[9],0.308
Jeddah.samples[28].x[10],1.192
Jeddah.samples[28].x[11],1.026
Jeddah.samples[28].x[12],0.888
Jeddah.samples[28].x[13],0.718
Jeddah.samples[28].x[14],0.009
Jeddah.samples[28].x[15],1.278
Jeddah.samples[28].x[16],-0.244
Jeddah.samples[28].setpoint_pct,8.5
Jeddah.samples[28].envelope_pct,47.4
Jeddah.samples[28].inverter_pct,15.5
Jeddah.samples[28].best_precool_pct,0.0
Jeddah.samples[28].prepeak2_pct,2.99
Jeddah.samples[28].night2_pct,1.81
Jeddah.samples[28].admissible,True
Jeddah.samples[28].precode_admissible,True
Jeddah.samples[29].x[0],0.03
Jeddah.samples[29].x[1],0.018
Jeddah.samples[29].x[2],1.46
Jeddah.samples[29].x[3],1.296
Jeddah.samples[29].x[4],0.148
Jeddah.samples[29].x[5],0.306
Jeddah.samples[29].x[6],1.096
Jeddah.samples[29].x[7],0.035
Jeddah.samples[29].x[8],3.598
Jeddah.samples[29].x[9],0.566
Jeddah.samples[29].x[10],0.999
Jeddah.samples[29].x[11],1.134
Jeddah.samples[29].x[12],0.69
Jeddah.samples[29].x[13],0.606
Jeddah.samples[29].x[14],0.017
Jeddah.samples[29].x[15],1.095
Jeddah.samples[29].x[16],1.911
Jeddah.samples[29].setpoint_pct,11.4
Jeddah.samples[29].envelope_pct,45.0
Jeddah.samples[29].inverter_pct,13.2
Jeddah.samples[29].best_precool_pct,0.0
Jeddah.samples[29].prepeak2_pct,4.33
Jeddah.samples[29].night2_pct,5.74
Jeddah.samples[29].admissible,True
Jeddah.samples[29].precode_admissible,True
Jeddah.samples[30].x[0],0.01
Jeddah.samples[30].x[1],0.021
Jeddah.samples[30].x[2],1.565
Jeddah.samples[30].x[3],1.164
Jeddah.samples[30].x[4],0.159
Jeddah.samples[30].x[5],0.208
Jeddah.samples[30].x[6],1.01
Jeddah.samples[30].x[7],0.033
Jeddah.samples[30].x[8],2.798
Jeddah.samples[30].x[9],0.523
Jeddah.samples[30].x[10],1.161
Jeddah.samples[30].x[11],1.194
Jeddah.samples[30].x[12],0.538
Jeddah.samples[30].x[13],0.519
Jeddah.samples[30].x[14],0.01
Jeddah.samples[30].x[15],0.938
Jeddah.samples[30].x[16],-0.389
Jeddah.samples[30].setpoint_pct,9.2
Jeddah.samples[30].envelope_pct,39.1
Jeddah.samples[30].inverter_pct,9.1
Jeddah.samples[30].best_precool_pct,0.0
Jeddah.samples[30].prepeak2_pct,4.54
Jeddah.samples[30].night2_pct,4.82
Jeddah.samples[30].admissible,True
Jeddah.samples[30].precode_admissible,True
Jeddah.samples[31].x[0],0.008
Jeddah.samples[31].x[1],0.015
Jeddah.samples[31].x[2],1.45
Jeddah.samples[31].x[3],1.183
Jeddah.samples[31].x[4],0.249
Jeddah.samples[31].x[5],0.279
Jeddah.samples[31].x[6],1.379
Jeddah.samples[31].x[7],0.089
Jeddah.samples[31].x[8],2.943
Jeddah.samples[31].x[9],0.699
Jeddah.samples[31].x[10],1.178
Jeddah.samples[31].x[11],1.054
Jeddah.samples[31].x[12],0.67
Jeddah.samples[31].x[13],1.206
Jeddah.samples[31].x[14],0.005
Jeddah.samples[31].x[15],0.899
Jeddah.samples[31].x[16],0.826
Jeddah.samples[31].setpoint_pct,8.0
Jeddah.samples[31].envelope_pct,33.1
Jeddah.samples[31].inverter_pct,8.6
Jeddah.samples[31].best_precool_pct,0.0
Jeddah.samples[31].prepeak2_pct,1.4
Jeddah.samples[31].night2_pct,3.56
Jeddah.samples[31].admissible,True
Jeddah.samples[31].precode_admissible,False
Jeddah.samples[32].x[0],0.003
Jeddah.samples[32].x[1],0.011
Jeddah.samples[32].x[2],1.386
Jeddah.samples[32].x[3],1.139
Jeddah.samples[32].x[4],0.063
Jeddah.samples[32].x[5],0.321
Jeddah.samples[32].x[6],1.685
Jeddah.samples[32].x[7],0.106
Jeddah.samples[32].x[8],3.432
Jeddah.samples[32].x[9],0.412
Jeddah.samples[32].x[10],1.283
Jeddah.samples[32].x[11],1.035
Jeddah.samples[32].x[12],0.82
Jeddah.samples[32].x[13],0.905
Jeddah.samples[32].x[14],0.009
Jeddah.samples[32].x[15],0.97
Jeddah.samples[32].x[16],0.502
Jeddah.samples[32].setpoint_pct,7.9
Jeddah.samples[32].envelope_pct,42.5
Jeddah.samples[32].inverter_pct,14.0
Jeddah.samples[32].best_precool_pct,0.0
Jeddah.samples[32].prepeak2_pct,1.94
Jeddah.samples[32].night2_pct,4.18
Jeddah.samples[32].admissible,True
Jeddah.samples[32].precode_admissible,False
Jeddah.samples[33].x[0],0.001
Jeddah.samples[33].x[1],0.022
Jeddah.samples[33].x[2],1.345
Jeddah.samples[33].x[3],1.243
Jeddah.samples[33].x[4],0.174
Jeddah.samples[33].x[5],0.195
Jeddah.samples[33].x[6],0.574
Jeddah.samples[33].x[7],0.045
Jeddah.samples[33].x[8],2.899
Jeddah.samples[33].x[9],0.417
Jeddah.samples[33].x[10],0.775
Jeddah.samples[33].x[11],1.049
Jeddah.samples[33].x[12],0.767
Jeddah.samples[33].x[13],1.248
Jeddah.samples[33].x[14],0.016
Jeddah.samples[33].x[15],1.216
Jeddah.samples[33].x[16],0.569
Jeddah.samples[33].setpoint_pct,8.2
Jeddah.samples[33].envelope_pct,48.1
Jeddah.samples[33].inverter_pct,6.6
Jeddah.samples[33].best_precool_pct,0.0
Jeddah.samples[33].prepeak2_pct,3.34
Jeddah.samples[33].night2_pct,3.15
Jeddah.samples[33].admissible,True
Jeddah.samples[33].precode_admissible,True
Jeddah.samples[34].x[0],0.027
Jeddah.samples[34].x[1],0.012
Jeddah.samples[34].x[2],1.348
Jeddah.samples[34].x[3],1.159
Jeddah.samples[34].x[4],0.093
Jeddah.samples[34].x[5],0.316
Jeddah.samples[34].x[6],1.175
Jeddah.samples[34].x[7],0.078
Jeddah.samples[34].x[8],3.12
Jeddah.samples[34].x[9],0.383
Jeddah.samples[34].x[10],0.985
Jeddah.samples[34].x[11],1.187
Jeddah.samples[34].x[12],0.858
Jeddah.samples[34].x[13],0.511
Jeddah.samples[34].x[14],0.016
Jeddah.samples[34].x[15],1.155
Jeddah.samples[34].x[16],0.332
Jeddah.samples[34].setpoint_pct,11.3
Jeddah.samples[34].envelope_pct,46.5
Jeddah.samples[34].inverter_pct,12.9
Jeddah.samples[34].best_precool_pct,0.0
Jeddah.samples[34].prepeak2_pct,3.25
Jeddah.samples[34].night2_pct,5.96
Jeddah.samples[34].admissible,True
Jeddah.samples[34].precode_admissible,False
Jeddah.samples[35].x[0],0.002
Jeddah.samples[35].x[1],0.03
Jeddah.samples[35].x[2],1.458
Jeddah.samples[35].x[3],1.147
Jeddah.samples[35].x[4],0.2
Jeddah.samples[35].x[5],0.194
Jeddah.samples[35].x[6],1.581
Jeddah.samples[35].x[7],0.063
Jeddah.samples[35].x[8],2.987
Jeddah.samples[35].x[9],0.618
Jeddah.samples[35].x[10],1.166
Jeddah.samples[35].x[11],1.017
Jeddah.samples[35].x[12],0.593
Jeddah.samples[35].x[13],0.503
Jeddah.samples[35].x[14],0.02
Jeddah.samples[35].x[15],1.183
Jeddah.samples[35].x[16],0.967
Jeddah.samples[35].setpoint_pct,7.4
Jeddah.samples[35].envelope_pct,35.5
Jeddah.samples[35].inverter_pct,8.2
Jeddah.samples[35].best_precool_pct,0.0
Jeddah.samples[35].prepeak2_pct,1.72
Jeddah.samples[35].night2_pct,1.58
Jeddah.samples[35].admissible,True
Jeddah.samples[35].precode_admissible,False
Jeddah.samples[36].x[0],0.023
Jeddah.samples[36].x[1],0.016
Jeddah.samples[36].x[2],1.41
Jeddah.samples[36].x[3],1.116
Jeddah.samples[36].x[4],0.073
Jeddah.samples[36].x[5],0.228
Jeddah.samples[36].x[6],1.575
Jeddah.samples[36].x[7],0.032
Jeddah.samples[36].x[8],3.933
Jeddah.samples[36].x[9],0.712
Jeddah.samples[36].x[10],0.987
Jeddah.samples[36].x[11],1.077
Jeddah.samples[36].x[12],0.866
Jeddah.samples[36].x[13],0.994
Jeddah.samples[36].x[14],0.008
Jeddah.samples[36].x[15],1.231
Jeddah.samples[36].x[16],-0.905
Jeddah.samples[36].setpoint_pct,11.1
Jeddah.samples[36].envelope_pct,43.3
Jeddah.samples[36].inverter_pct,10.6
Jeddah.samples[36].best_precool_pct,0.0
Jeddah.samples[36].prepeak2_pct,5.2
Jeddah.samples[36].night2_pct,5.79
Jeddah.samples[36].admissible,True
Jeddah.samples[36].precode_admissible,True
Jeddah.samples[37].x[0],0.009
Jeddah.samples[37].x[1],0.023
Jeddah.samples[37].x[2],1.568
Jeddah.samples[37].x[3],1.247
Jeddah.samples[37].x[4],0.076
Jeddah.samples[37].x[5],0.306
Jeddah.samples[37].x[6],1.509
Jeddah.samples[37].x[7],0.04
Jeddah.samples[37].x[8],3.207
Jeddah.samples[37].x[9],0.677
Jeddah.samples[37].x[10],0.895
Jeddah.samples[37].x[11],1.082
Jeddah.samples[37].x[12],0.846
Jeddah.samples[37].x[13],0.561
Jeddah.samples[37].x[14],0.008
Jeddah.samples[37].x[15],0.983
Jeddah.samples[37].x[16],1.611
Jeddah.samples[37].setpoint_pct,8.3
Jeddah.samples[37].envelope_pct,43.8
Jeddah.samples[37].inverter_pct,15.1
Jeddah.samples[37].best_precool_pct,0.0
Jeddah.samples[37].prepeak2_pct,2.98
Jeddah.samples[37].night2_pct,3.03
Jeddah.samples[37].admissible,True
Jeddah.samples[37].precode_admissible,True
Jeddah.samples[38].x[0],0.023
Jeddah.samples[38].x[1],0.027
Jeddah.samples[38].x[2],1.415
Jeddah.samples[38].x[3],1.25
Jeddah.samples[38].x[4],0.227
Jeddah.samples[38].x[5],0.249
Jeddah.samples[38].x[6],1.795
Jeddah.samples[38].x[7],0.083
Jeddah.samples[38].x[8],3.439
Jeddah.samples[38].x[9],0.766
Jeddah.samples[38].x[10],0.963
Jeddah.samples[38].x[11],1.075
Jeddah.samples[38].x[12],0.51
Jeddah.samples[38].x[13],0.845
Jeddah.samples[38].x[14],0.015
Jeddah.samples[38].x[15],1.0
Jeddah.samples[38].x[16],1.238
Jeddah.samples[38].setpoint_pct,10.4
Jeddah.samples[38].envelope_pct,33.7
Jeddah.samples[38].inverter_pct,8.3
Jeddah.samples[38].best_precool_pct,0.0
Jeddah.samples[38].prepeak2_pct,2.65
Jeddah.samples[38].night2_pct,4.09
Jeddah.samples[38].admissible,True
Jeddah.samples[38].precode_admissible,False
Jeddah.samples[39].x[0],0.03
Jeddah.samples[39].x[1],0.02
Jeddah.samples[39].x[2],1.396
Jeddah.samples[39].x[3],1.236
Jeddah.samples[39].x[4],0.183
Jeddah.samples[39].x[5],0.213
Jeddah.samples[39].x[6],0.778
Jeddah.samples[39].x[7],0.099
Jeddah.samples[39].x[8],3.475
Jeddah.samples[39].x[9],0.407
Jeddah.samples[39].x[10],0.899
Jeddah.samples[39].x[11],1.188
Jeddah.samples[39].x[12],0.547
Jeddah.samples[39].x[13],0.974
Jeddah.samples[39].x[14],0.019
Jeddah.samples[39].x[15],1.143
Jeddah.samples[39].x[16],0.639
Jeddah.samples[39].setpoint_pct,12.0
Jeddah.samples[39].envelope_pct,42.2
Jeddah.samples[39].inverter_pct,8.6
Jeddah.samples[39].best_precool_pct,0.0
Jeddah.samples[39].prepeak2_pct,3.72
Jeddah.samples[39].night2_pct,5.46
Jeddah.samples[39].admissible,True
Jeddah.samples[39].precode_admissible,True
Jeddah.samples[40].x[0],0.018
Jeddah.samples[40].x[1],0.028
Jeddah.samples[40].x[2],1.497
Jeddah.samples[40].x[3],1.215
Jeddah.samples[40].x[4],0.105
Jeddah.samples[40].x[5],0.232
Jeddah.samples[40].x[6],1.662
Jeddah.samples[40].x[7],0.022
Jeddah.samples[40].x[8],3.653
Jeddah.samples[40].x[9],0.655
Jeddah.samples[40].x[10],0.92
Jeddah.samples[40].x[11],1.08
Jeddah.samples[40].x[12],0.532
Jeddah.samples[40].x[13],1.403
Jeddah.samples[40].x[14],0.013
Jeddah.samples[40].x[15],0.832
Jeddah.samples[40].x[16],0.131
Jeddah.samples[40].setpoint_pct,10.4
Jeddah.samples[40].envelope_pct,39.7
Jeddah.samples[40].inverter_pct,11.6
Jeddah.samples[40].best_precool_pct,0.0
Jeddah.samples[40].prepeak2_pct,5.39
Jeddah.samples[40].night2_pct,5.27
Jeddah.samples[40].admissible,True
Jeddah.samples[40].precode_admissible,False
Jeddah.samples[41].x[0],0.006
Jeddah.samples[41].x[1],0.027
Jeddah.samples[41].x[2],1.589
Jeddah.samples[41].x[3],1.224
Jeddah.samples[41].x[4],0.191
Jeddah.samples[41].x[5],0.292
Jeddah.samples[41].x[6],1.854
Jeddah.samples[41].x[7],0.028
Jeddah.samples[41].x[8],3.341
Jeddah.samples[41].x[9],0.648
Jeddah.samples[41].x[10],0.814
Jeddah.samples[41].x[11],1.096
Jeddah.samples[41].x[12],0.746
Jeddah.samples[41].x[13],0.882
Jeddah.samples[41].x[14],0.007
Jeddah.samples[41].x[15],1.222
Jeddah.samples[41].x[16],1.299
Jeddah.samples[41].setpoint_pct,8.4
Jeddah.samples[41].envelope_pct,44.3
Jeddah.samples[41].inverter_pct,13.4
Jeddah.samples[41].best_precool_pct,0.0
Jeddah.samples[41].prepeak2_pct,3.85
Jeddah.samples[41].night2_pct,2.42
Jeddah.samples[41].admissible,True
Jeddah.samples[41].precode_admissible,True
Jeddah.samples[42].x[0],0.015
Jeddah.samples[42].x[1],0.011
Jeddah.samples[42].x[2],1.518
Jeddah.samples[42].x[3],1.193
Jeddah.samples[42].x[4],0.185
Jeddah.samples[42].x[5],0.159
Jeddah.samples[42].x[6],1.545
Jeddah.samples[42].x[7],0.114
Jeddah.samples[42].x[8],2.594
Jeddah.samples[42].x[9],0.247
Jeddah.samples[42].x[10],1.207
Jeddah.samples[42].x[11],1.021
Jeddah.samples[42].x[12],0.841
Jeddah.samples[42].x[13],0.541
Jeddah.samples[42].x[14],0.017
Jeddah.samples[42].x[15],1.29
Jeddah.samples[42].x[16],0.371
Jeddah.samples[42].setpoint_pct,8.8
Jeddah.samples[42].envelope_pct,45.0
Jeddah.samples[42].inverter_pct,9.5
Jeddah.samples[42].best_precool_pct,0.0
Jeddah.samples[42].prepeak2_pct,2.8
Jeddah.samples[42].night2_pct,4.82
Jeddah.samples[42].admissible,True
Jeddah.samples[42].precode_admissible,False
Jeddah.samples[43].x[0],0.012
Jeddah.samples[43].x[1],0.018
Jeddah.samples[43].x[2],1.572
Jeddah.samples[43].x[3],1.169
Jeddah.samples[43].x[4],0.204
Jeddah.samples[43].x[5],0.26
Jeddah.samples[43].x[6],1.242
Jeddah.samples[43].x[7],0.042
Jeddah.samples[43].x[8],2.555
Jeddah.samples[43].x[9],0.342
Jeddah.samples[43].x[10],1.059
Jeddah.samples[43].x[11],1.03
Jeddah.samples[43].x[12],0.815
Jeddah.samples[43].x[13],0.917
Jeddah.samples[43].x[14],0.018
Jeddah.samples[43].x[15],1.012
Jeddah.samples[43].x[16],0.896
Jeddah.samples[43].setpoint_pct,8.4
Jeddah.samples[43].envelope_pct,48.3
Jeddah.samples[43].inverter_pct,12.4
Jeddah.samples[43].best_precool_pct,0.0
Jeddah.samples[43].prepeak2_pct,4.01
Jeddah.samples[43].night2_pct,4.07
Jeddah.samples[43].admissible,True
Jeddah.samples[43].precode_admissible,True
Jeddah.samples[44].x[0],0.016
Jeddah.samples[44].x[1],0.015
Jeddah.samples[44].x[2],1.491
Jeddah.samples[44].x[3],1.131
Jeddah.samples[44].x[4],0.108
Jeddah.samples[44].x[5],0.292
Jeddah.samples[44].x[6],0.991
Jeddah.samples[44].x[7],0.101
Jeddah.samples[44].x[8],3.628
Jeddah.samples[44].x[9],0.327
Jeddah.samples[44].x[10],0.874
Jeddah.samples[44].x[11],1.1
Jeddah.samples[44].x[12],0.535
Jeddah.samples[44].x[13],1.469
Jeddah.samples[44].x[14],0.008
Jeddah.samples[44].x[15],1.243
Jeddah.samples[44].x[16],-0.132
Jeddah.samples[44].setpoint_pct,10.6
Jeddah.samples[44].envelope_pct,42.5
Jeddah.samples[44].inverter_pct,14.2
Jeddah.samples[44].best_precool_pct,0.0
Jeddah.samples[44].prepeak2_pct,3.34
Jeddah.samples[44].night2_pct,5.03
Jeddah.samples[44].admissible,True
Jeddah.samples[44].precode_admissible,True
Jeddah.samples[45].x[0],0.029
Jeddah.samples[45].x[1],0.012
Jeddah.samples[45].x[2],1.53
Jeddah.samples[45].x[3],1.101
Jeddah.samples[45].x[4],0.116
Jeddah.samples[45].x[5],0.177
Jeddah.samples[45].x[6],1.605
Jeddah.samples[45].x[7],0.023
Jeddah.samples[45].x[8],3.186
Jeddah.samples[45].x[9],0.705
Jeddah.samples[45].x[10],0.725
Jeddah.samples[45].x[11],1.072
Jeddah.samples[45].x[12],0.873
Jeddah.samples[45].x[13],1.01
Jeddah.samples[45].x[14],0.019
Jeddah.samples[45].x[15],1.118
Jeddah.samples[45].x[16],1.28
Jeddah.samples[45].setpoint_pct,11.1
Jeddah.samples[45].envelope_pct,46.1
Jeddah.samples[45].inverter_pct,9.2
Jeddah.samples[45].best_precool_pct,0.0
Jeddah.samples[45].prepeak2_pct,5.24
Jeddah.samples[45].night2_pct,5.9
Jeddah.samples[45].admissible,True
Jeddah.samples[45].precode_admissible,False
Jeddah.samples[46].x[0],0.005
Jeddah.samples[46].x[1],0.026
Jeddah.samples[46].x[2],1.342
Jeddah.samples[46].x[3],1.232
Jeddah.samples[46].x[4],0.246
Jeddah.samples[46].x[5],0.223
Jeddah.samples[46].x[6],0.594
Jeddah.samples[46].x[7],0.099
Jeddah.samples[46].x[8],3.847
Jeddah.samples[46].x[9],0.53
Jeddah.samples[46].x[10],1.092
Jeddah.samples[46].x[11],1.015
Jeddah.samples[46].x[12],0.566
Jeddah.samples[46].x[13],0.854
Jeddah.samples[46].x[14],0.006
Jeddah.samples[46].x[15],0.824
Jeddah.samples[46].x[16],1.408
Jeddah.samples[46].setpoint_pct,8.4
Jeddah.samples[46].envelope_pct,39.2
Jeddah.samples[46].inverter_pct,6.8
Jeddah.samples[46].best_precool_pct,0.0
Jeddah.samples[46].prepeak2_pct,2.09
Jeddah.samples[46].night2_pct,2.66
Jeddah.samples[46].admissible,True
Jeddah.samples[46].precode_admissible,True
Jeddah.samples[47].x[0],0.009
Jeddah.samples[47].x[1],0.021
Jeddah.samples[47].x[2],1.549
Jeddah.samples[47].x[3],1.124
Jeddah.samples[47].x[4],0.165
Jeddah.samples[47].x[5],0.248
Jeddah.samples[47].x[6],0.87
Jeddah.samples[47].x[7],0.049
Jeddah.samples[47].x[8],3.685
Jeddah.samples[47].x[9],0.768
Jeddah.samples[47].x[10],0.794
Jeddah.samples[47].x[11],1.032
Jeddah.samples[47].x[12],0.632
Jeddah.samples[47].x[13],0.867
Jeddah.samples[47].x[14],0.012
Jeddah.samples[47].x[15],0.909
Jeddah.samples[47].x[16],-0.206
Jeddah.samples[47].setpoint_pct,9.9
Jeddah.samples[47].envelope_pct,39.7
Jeddah.samples[47].inverter_pct,10.2
Jeddah.samples[47].best_precool_pct,0.0
Jeddah.samples[47].prepeak2_pct,4.6
Jeddah.samples[47].night2_pct,5.13
Jeddah.samples[47].admissible,True
Jeddah.samples[47].precode_admissible,True
Jeddah.samples[48].x[0],0.007
Jeddah.samples[48].x[1],0.017
Jeddah.samples[48].x[2],1.384
Jeddah.samples[48].x[3],1.191
Jeddah.samples[48].x[4],0.17
Jeddah.samples[48].x[5],0.235
Jeddah.samples[48].x[6],1.025
Jeddah.samples[48].x[7],0.048
Jeddah.samples[48].x[8],3.613
Jeddah.samples[48].x[9],0.61
Jeddah.samples[48].x[10],1.125
Jeddah.samples[48].x[11],1.043
Jeddah.samples[48].x[12],0.653
Jeddah.samples[48].x[13],1.318
Jeddah.samples[48].x[14],0.007
Jeddah.samples[48].x[15],1.204
Jeddah.samples[48].x[16],-0.611
Jeddah.samples[48].setpoint_pct,9.1
Jeddah.samples[48].envelope_pct,38.7
Jeddah.samples[48].inverter_pct,8.5
Jeddah.samples[48].best_precool_pct,0.0
Jeddah.samples[48].prepeak2_pct,3.42
Jeddah.samples[48].night2_pct,4.5
Jeddah.samples[48].admissible,True
Jeddah.samples[48].precode_admissible,True
Jeddah.samples[49].x[0],0.018
Jeddah.samples[49].x[1],0.025
Jeddah.samples[49].x[2],1.555
Jeddah.samples[49].x[3],1.297
Jeddah.samples[49].x[4],0.23
Jeddah.samples[49].x[5],0.347
Jeddah.samples[49].x[6],1.43
Jeddah.samples[49].x[7],0.128
Jeddah.samples[49].x[8],3.268
Jeddah.samples[49].x[9],0.204
Jeddah.samples[49].x[10],1.088
Jeddah.samples[49].x[11],1.105
Jeddah.samples[49].x[12],0.503
Jeddah.samples[49].x[13],0.707
Jeddah.samples[49].x[14],0.016
Jeddah.samples[49].x[15],1.273
Jeddah.samples[49].x[16],1.882
Jeddah.samples[49].setpoint_pct,9.7
Jeddah.samples[49].envelope_pct,45.8
Jeddah.samples[49].inverter_pct,16.6
Jeddah.samples[49].best_precool_pct,0.0
Jeddah.samples[49].prepeak2_pct,3.29
Jeddah.samples[49].night2_pct,2.9
Jeddah.samples[49].admissible,True
Jeddah.samples[49].precode_admissible,False
Jeddah.samples[50].x[0],0.008
Jeddah.samples[50].x[1],0.012
Jeddah.samples[50].x[2],1.472
Jeddah.samples[50].x[3],1.203
Jeddah.samples[50].x[4],0.134
Jeddah.samples[50].x[5],0.16
Jeddah.samples[50].x[6],1.931
Jeddah.samples[50].x[7],0.122
Jeddah.samples[50].x[8],2.625
Jeddah.samples[50].x[9],0.597
Jeddah.samples[50].x[10],1.25
Jeddah.samples[50].x[11],1.004
Jeddah.samples[50].x[12],0.612
Jeddah.samples[50].x[13],0.55
Jeddah.samples[50].x[14],0.012
Jeddah.samples[50].x[15],1.092
Jeddah.samples[50].x[16],1.982
Jeddah.samples[50].setpoint_pct,7.2
Jeddah.samples[50].envelope_pct,34.4
Jeddah.samples[50].inverter_pct,8.2
Jeddah.samples[50].best_precool_pct,0.0
Jeddah.samples[50].prepeak2_pct,1.99
Jeddah.samples[50].night2_pct,3.89
Jeddah.samples[50].admissible,True
Jeddah.samples[50].precode_admissible,False
Jeddah.samples[51].x[0],0.014
Jeddah.samples[51].x[1],0.025
Jeddah.samples[51].x[2],1.425
Jeddah.samples[51].x[3],1.114
Jeddah.samples[51].x[4],0.155
Jeddah.samples[51].x[5],0.246
Jeddah.samples[51].x[6],1.343
Jeddah.samples[51].x[7],0.126
Jeddah.samples[51].x[8],2.822
Jeddah.samples[51].x[9],0.626
Jeddah.samples[51].x[10],0.959
Jeddah.samples[51].x[11],1.089
Jeddah.samples[51].x[12],0.555
Jeddah.samples[51].x[13],0.809
Jeddah.samples[51].x[14],0.011
Jeddah.samples[51].x[15],1.195
Jeddah.samples[51].x[16],-0.432
Jeddah.samples[51].setpoint_pct,9.3
Jeddah.samples[51].envelope_pct,33.5
Jeddah.samples[51].inverter_pct,8.8
Jeddah.samples[51].best_precool_pct,0.0
Jeddah.samples[51].prepeak2_pct,2.8
Jeddah.samples[51].night2_pct,3.77
Jeddah.samples[51].admissible,True
Jeddah.samples[51].precode_admissible,False
Jeddah.samples[52].x[0],0.029
Jeddah.samples[52].x[1],0.015
Jeddah.samples[52].x[2],1.494
Jeddah.samples[52].x[3],1.11
Jeddah.samples[52].x[4],0.068
Jeddah.samples[52].x[5],0.298
Jeddah.samples[52].x[6],1.233
Jeddah.samples[52].x[7],0.134
Jeddah.samples[52].x[8],3.55
Jeddah.samples[52].x[9],0.744
Jeddah.samples[52].x[10],1.039
Jeddah.samples[52].x[11],1.066
Jeddah.samples[52].x[12],0.85
Jeddah.samples[52].x[13],0.979
Jeddah.samples[52].x[14],0.007
Jeddah.samples[52].x[15],1.055
Jeddah.samples[52].x[16],-0.663
Jeddah.samples[52].setpoint_pct,11.4
Jeddah.samples[52].envelope_pct,38.0
Jeddah.samples[52].inverter_pct,12.6
Jeddah.samples[52].best_precool_pct,0.0
Jeddah.samples[52].prepeak2_pct,4.03
Jeddah.samples[52].night2_pct,6.9
Jeddah.samples[52].admissible,True
Jeddah.samples[52].precode_admissible,False
Jeddah.samples[53].x[0],0.027
Jeddah.samples[53].x[1],0.027
Jeddah.samples[53].x[2],1.44
Jeddah.samples[53].x[3],1.14
Jeddah.samples[53].x[4],0.214
Jeddah.samples[53].x[5],0.269
Jeddah.samples[53].x[6],1.31
Jeddah.samples[53].x[7],0.115
Jeddah.samples[53].x[8],3.168
Jeddah.samples[53].x[9],0.56
Jeddah.samples[53].x[10],0.764
Jeddah.samples[53].x[11],1.182
Jeddah.samples[53].x[12],0.561
Jeddah.samples[53].x[13],1.348
Jeddah.samples[53].x[14],0.017
Jeddah.samples[53].x[15],1.006
Jeddah.samples[53].x[16],1.488
Jeddah.samples[53].setpoint_pct,11.1
Jeddah.samples[53].envelope_pct,39.9
Jeddah.samples[53].inverter_pct,9.7
Jeddah.samples[53].best_precool_pct,0.0
Jeddah.samples[53].prepeak2_pct,3.41
Jeddah.samples[53].night2_pct,4.62
Jeddah.samples[53].admissible,True
Jeddah.samples[53].precode_admissible,False
Jeddah.samples[54].x[0],0.013
Jeddah.samples[54].x[1],0.029
Jeddah.samples[54].x[2],1.421
Jeddah.samples[54].x[3],1.255
Jeddah.samples[54].x[4],0.178
Jeddah.samples[54].x[5],0.217
Jeddah.samples[54].x[6],1.806
Jeddah.samples[54].x[7],0.105
Jeddah.samples[54].x[8],2.593
Jeddah.samples[54].x[9],0.456
Jeddah.samples[54].x[10],1.11
Jeddah.samples[54].x[11],1.012
Jeddah.samples[54].x[12],0.571
Jeddah.samples[54].x[13],0.58
Jeddah.samples[54].x[14],0.01
Jeddah.samples[54].x[15],1.027
Jeddah.samples[54].x[16],1.808
Jeddah.samples[54].setpoint_pct,8.3
Jeddah.samples[54].envelope_pct,38.7
Jeddah.samples[54].inverter_pct,9.0
Jeddah.samples[54].best_precool_pct,0.0
Jeddah.samples[54].prepeak2_pct,2.46
Jeddah.samples[54].night2_pct,2.58
Jeddah.samples[54].admissible,True
Jeddah.samples[54].precode_admissible,False
Jeddah.samples[55].x[0],0.009
Jeddah.samples[55].x[1],0.027
Jeddah.samples[55].x[2],1.427
Jeddah.samples[55].x[3],1.156
Jeddah.samples[55].x[4],0.167
Jeddah.samples[55].x[5],0.219
Jeddah.samples[55].x[6],1.872
Jeddah.samples[55].x[7],0.137
Jeddah.samples[55].x[8],3.777
Jeddah.samples[55].x[9],0.214
Jeddah.samples[55].x[10],1.018
Jeddah.samples[55].x[11],1.029
Jeddah.samples[55].x[12],0.734
Jeddah.samples[55].x[13],1.414
Jeddah.samples[55].x[14],0.014
Jeddah.samples[55].x[15],1.286
Jeddah.samples[55].x[16],0.45
Jeddah.samples[55].setpoint_pct,9.0
Jeddah.samples[55].envelope_pct,48.5
Jeddah.samples[55].inverter_pct,11.0
Jeddah.samples[55].best_precool_pct,0.0
Jeddah.samples[55].prepeak2_pct,3.1
Jeddah.samples[55].night2_pct,1.59
Jeddah.samples[55].admissible,True
Jeddah.samples[55].precode_admissible,False
Jeddah.samples[56].x[0],0.013
Jeddah.samples[56].x[1],0.03
Jeddah.samples[56].x[2],1.339
Jeddah.samples[56].x[3],1.278
Jeddah.samples[56].x[4],0.111
Jeddah.samples[56].x[5],0.161
Jeddah.samples[56].x[6],1.153
Jeddah.samples[56].x[7],0.116
Jeddah.samples[56].x[8],3.311
Jeddah.samples[56].x[9],0.221
Jeddah.samples[56].x[10],0.84
Jeddah.samples[56].x[11],1.131
Jeddah.samples[56].x[12],0.772
Jeddah.samples[56].x[13],1.455
Jeddah.samples[56].x[14],0.008
Jeddah.samples[56].x[15],1.139
Jeddah.samples[56].x[16],1.088
Jeddah.samples[56].setpoint_pct,9.5
Jeddah.samples[56].envelope_pct,51.4
Jeddah.samples[56].inverter_pct,8.7
Jeddah.samples[56].best_precool_pct,0.0
Jeddah.samples[56].prepeak2_pct,3.48
Jeddah.samples[56].night2_pct,1.85
Jeddah.samples[56].admissible,True
Jeddah.samples[56].precode_admissible,False
Jeddah.samples[57].x[0],0.021
Jeddah.samples[57].x[1],0.025
Jeddah.samples[57].x[2],1.303
Jeddah.samples[57].x[3],1.125
Jeddah.samples[57].x[4],0.111
Jeddah.samples[57].x[5],0.201
Jeddah.samples[57].x[6],1.539
Jeddah.samples[57].x[7],0.138
Jeddah.samples[57].x[8],2.965
Jeddah.samples[57].x[9],0.442
Jeddah.samples[57].x[10],1.222
Jeddah.samples[57].x[11],1.036
Jeddah.samples[57].x[12],0.667
Jeddah.samples[57].x[13],0.988
Jeddah.samples[57].x[14],0.016
Jeddah.samples[57].x[15],1.061
Jeddah.samples[57].x[16],1.348
Jeddah.samples[57].setpoint_pct,9.6
Jeddah.samples[57].envelope_pct,41.0
Jeddah.samples[57].inverter_pct,8.0
Jeddah.samples[57].best_precool_pct,0.0
Jeddah.samples[57].prepeak2_pct,3.21
Jeddah.samples[57].night2_pct,3.98
Jeddah.samples[57].admissible,True
Jeddah.samples[57].precode_admissible,False
Jeddah.samples[58].x[0],0.006
Jeddah.samples[58].x[1],0.017
Jeddah.samples[58].x[2],1.534
Jeddah.samples[58].x[3],1.129
Jeddah.samples[58].x[4],0.206
Jeddah.samples[58].x[5],0.205
Jeddah.samples[58].x[6],0.561
Jeddah.samples[58].x[7],0.096
Jeddah.samples[58].x[8],2.709
Jeddah.samples[58].x[9],0.722
Jeddah.samples[58].x[10],1.268
Jeddah.samples[58].x[11],1.193
Jeddah.samples[58].x[12],0.84
Jeddah.samples[58].x[13],1.223
Jeddah.samples[58].x[14],0.007
Jeddah.samples[58].x[15],1.21
Jeddah.samples[58].x[16],0.999
Jeddah.samples[58].setpoint_pct,7.6
Jeddah.samples[58].envelope_pct,37.8
Jeddah.samples[58].inverter_pct,8.0
Jeddah.samples[58].best_precool_pct,0.0
Jeddah.samples[58].prepeak2_pct,2.62
Jeddah.samples[58].night2_pct,3.14
Jeddah.samples[58].admissible,True
Jeddah.samples[58].precode_admissible,True
Jeddah.samples[59].x[0],0.002
Jeddah.samples[59].x[1],0.017
Jeddah.samples[59].x[2],1.478
Jeddah.samples[59].x[3],1.173
Jeddah.samples[59].x[4],0.123
Jeddah.samples[59].x[5],0.346
Jeddah.samples[59].x[6],1.191
Jeddah.samples[59].x[7],0.092
Jeddah.samples[59].x[8],2.813
Jeddah.samples[59].x[9],0.461
Jeddah.samples[59].x[10],1.216
Jeddah.samples[59].x[11],1.112
Jeddah.samples[59].x[12],0.761
Jeddah.samples[59].x[13],1.433
Jeddah.samples[59].x[14],0.013
Jeddah.samples[59].x[15],1.18
Jeddah.samples[59].x[16],-0.741
Jeddah.samples[59].setpoint_pct,7.7
Jeddah.samples[59].envelope_pct,38.2
Jeddah.samples[59].inverter_pct,13.6
Jeddah.samples[59].best_precool_pct,0.0
Jeddah.samples[59].prepeak2_pct,1.72
Jeddah.samples[59].night2_pct,3.24
Jeddah.samples[59].admissible,True
Jeddah.samples[59].precode_admissible,False
Jeddah.samples[60].x[0],0.024
Jeddah.samples[60].x[1],0.02
Jeddah.samples[60].x[2],1.562
Jeddah.samples[60].x[3],1.238
Jeddah.samples[60].x[4],0.115
Jeddah.samples[60].x[5],0.254
Jeddah.samples[60].x[6],1.453
Jeddah.samples[60].x[7],0.078
Jeddah.samples[60].x[8],3.25
Jeddah.samples[60].x[9],0.253
Jeddah.samples[60].x[10],0.853
Jeddah.samples[60].x[11],1.033
Jeddah.samples[60].x[12],0.753
Jeddah.samples[60].x[13],1.487
Jeddah.samples[60].x[14],0.013
Jeddah.samples[60].x[15],0.957
Jeddah.samples[60].x[16],1.552
Jeddah.samples[60].setpoint_pct,10.8
Jeddah.samples[60].envelope_pct,49.3
Jeddah.samples[60].inverter_pct,15.0
Jeddah.samples[60].best_precool_pct,0.0
Jeddah.samples[60].prepeak2_pct,3.36
Jeddah.samples[60].night2_pct,4.69
Jeddah.samples[60].admissible,True
Jeddah.samples[60].precode_admissible,False
Jeddah.samples[61].x[0],0.014
Jeddah.samples[61].x[1],0.013
Jeddah.samples[61].x[2],1.487
Jeddah.samples[61].x[3],1.169
Jeddah.samples[61].x[4],0.119
Jeddah.samples[61].x[5],0.215
Jeddah.samples[61].x[6],1.675
Jeddah.samples[61].x[7],0.052
Jeddah.samples[61].x[8],2.834
Jeddah.samples[61].x[9],0.525
Jeddah.samples[61].x[10],0.761
Jeddah.samples[61].x[11],1.199
Jeddah.samples[61].x[12],0.882
Jeddah.samples[61].x[13],1.468
Jeddah.samples[61].x[14],0.006
Jeddah.samples[61].x[15],1.261
Jeddah.samples[61].x[16],-0.826
Jeddah.samples[61].setpoint_pct,9.4
Jeddah.samples[61].envelope_pct,43.3
Jeddah.samples[61].inverter_pct,9.6
Jeddah.samples[61].best_precool_pct,0.0
Jeddah.samples[61].prepeak2_pct,3.0
Jeddah.samples[61].night2_pct,5.05
Jeddah.samples[61].admissible,True
Jeddah.samples[61].precode_admissible,False
Jeddah.samples[62].x[0],0.015
Jeddah.samples[62].x[1],0.013
Jeddah.samples[62].x[2],1.5
Jeddah.samples[62].x[3],1.261
Jeddah.samples[62].x[4],0.15
Jeddah.samples[62].x[5],0.288
Jeddah.samples[62].x[6],1.463
Jeddah.samples[62].x[7],0.044
Jeddah.samples[62].x[8],2.691
Jeddah.samples[62].x[9],0.59
Jeddah.samples[62].x[10],0.889
Jeddah.samples[62].x[11],1.06
Jeddah.samples[62].x[12],0.824
Jeddah.samples[62].x[13],1.257
Jeddah.samples[62].x[14],0.015
Jeddah.samples[62].x[15],0.973
Jeddah.samples[62].x[16],0.031
Jeddah.samples[62].setpoint_pct,9.0
Jeddah.samples[62].envelope_pct,40.6
Jeddah.samples[62].inverter_pct,11.2
Jeddah.samples[62].best_precool_pct,0.0
Jeddah.samples[62].prepeak2_pct,2.83
Jeddah.samples[62].night2_pct,5.13
Jeddah.samples[62].admissible,True
Jeddah.samples[62].precode_admissible,False
Jeddah.samples[63].x[0],0.028
Jeddah.samples[63].x[1],0.029
Jeddah.samples[63].x[2],1.336
Jeddah.samples[63].x[3],1.162
Jeddah.samples[63].x[4],0.181
Jeddah.samples[63].x[5],0.312
Jeddah.samples[63].x[6],1.449
Jeddah.samples[63].x[7],0.119
Jeddah.samples[63].x[8],3.283
Jeddah.samples[63].x[9],0.369
Jeddah.samples[63].x[10],1.082
Jeddah.samples[63].x[11],1.166
Jeddah.samples[63].x[12],0.784
Jeddah.samples[63].x[13],0.679
Jeddah.samples[63].x[14],0.006
Jeddah.samples[63].x[15],1.072
Jeddah.samples[63].x[16],1.032
Jeddah.samples[63].setpoint_pct,11.2
Jeddah.samples[63].envelope_pct,45.8
Jeddah.samples[63].inverter_pct,11.3
Jeddah.samples[63].best_precool_pct,0.0
Jeddah.samples[63].prepeak2_pct,3.63
Jeddah.samples[63].night2_pct,3.99
Jeddah.samples[63].admissible,True
Jeddah.samples[63].precode_admissible,False
Jeddah.samples[64].x[0],0.008
Jeddah.samples[64].x[1],0.016
Jeddah.samples[64].x[2],1.542
Jeddah.samples[64].x[3],1.229
Jeddah.samples[64].x[4],0.187
Jeddah.samples[64].x[5],0.282
Jeddah.samples[64].x[6],1.564
Jeddah.samples[64].x[7],0.081
Jeddah.samples[64].x[8],3.943
Jeddah.samples[64].x[9],0.64
Jeddah.samples[64].x[10],0.701
Jeddah.samples[64].x[11],1.105
Jeddah.samples[64].x[12],0.72
Jeddah.samples[64].x[13],1.057
Jeddah.samples[64].x[14],0.011
Jeddah.samples[64].x[15],0.871
Jeddah.samples[64].x[16],0.459
Jeddah.samples[64].setpoint_pct,9.6
Jeddah.samples[64].envelope_pct,40.0
Jeddah.samples[64].inverter_pct,11.8
Jeddah.samples[64].best_precool_pct,0.0
Jeddah.samples[64].prepeak2_pct,1.85
Jeddah.samples[64].night2_pct,4.61
Jeddah.samples[64].admissible,True
Jeddah.samples[64].precode_admissible,False
Jeddah.samples[65].x[0],0.017
Jeddah.samples[65].x[1],0.025
Jeddah.samples[65].x[2],1.358
Jeddah.samples[65].x[3],1.118
Jeddah.samples[65].x[4],0.24
Jeddah.samples[65].x[5],0.175
Jeddah.samples[65].x[6],1.345
Jeddah.samples[65].x[7],0.058
Jeddah.samples[65].x[8],3.535
Jeddah.samples[65].x[9],0.262
Jeddah.samples[65].x[10],0.745
Jeddah.samples[65].x[11],1.001
Jeddah.samples[65].x[12],0.661
Jeddah.samples[65].x[13],0.566
Jeddah.samples[65].x[14],0.011
Jeddah.samples[65].x[15],1.227
Jeddah.samples[65].x[16],0.71
Jeddah.samples[65].setpoint_pct,10.7
Jeddah.samples[65].envelope_pct,49.2
Jeddah.samples[65].inverter_pct,6.5
Jeddah.samples[65].best_precool_pct,0.0
Jeddah.samples[65].prepeak2_pct,2.78
Jeddah.samples[65].night2_pct,2.54
Jeddah.samples[65].admissible,True
Jeddah.samples[65].precode_admissible,True
Jeddah.samples[66].x[0],0.01
Jeddah.samples[66].x[1],0.018
Jeddah.samples[66].x[2],1.534
Jeddah.samples[66].x[3],1.295
Jeddah.samples[66].x[4],0.13
Jeddah.samples[66].x[5],0.349
Jeddah.samples[66].x[6],0.727
Jeddah.samples[66].x[7],0.062
Jeddah.samples[66].x[8],2.841
Jeddah.samples[66].x[9],0.242
Jeddah.samples[66].x[10],1.044
Jeddah.samples[66].x[11],1.121
Jeddah.samples[66].x[12],0.525
Jeddah.samples[66].x[13],1.367
Jeddah.samples[66].x[14],0.018
Jeddah.samples[66].x[15],0.813
Jeddah.samples[66].x[16],-0.357
Jeddah.samples[66].setpoint_pct,9.3
Jeddah.samples[66].envelope_pct,43.5
Jeddah.samples[66].inverter_pct,16.4
Jeddah.samples[66].best_precool_pct,0.0
Jeddah.samples[66].prepeak2_pct,3.4
Jeddah.samples[66].night2_pct,4.0
Jeddah.samples[66].admissible,True
Jeddah.samples[66].precode_admissible,True
Jeddah.samples[67].x[0],0.025
Jeddah.samples[67].x[1],0.024
Jeddah.samples[67].x[2],1.591
Jeddah.samples[67].x[3],1.269
Jeddah.samples[67].x[4],0.236
Jeddah.samples[67].x[5],0.186
Jeddah.samples[67].x[6],1.394
Jeddah.samples[67].x[7],0.146
Jeddah.samples[67].x[8],2.542
Jeddah.samples[67].x[9],0.297
Jeddah.samples[67].x[10],1.104
Jeddah.samples[67].x[11],1.038
Jeddah.samples[67].x[12],0.898
Jeddah.samples[67].x[13],1.33
Jeddah.samples[67].x[14],0.017
Jeddah.samples[67].x[15],1.11
Jeddah.samples[67].x[16],1.951
Jeddah.samples[67].setpoint_pct,9.6
Jeddah.samples[67].envelope_pct,47.2
Jeddah.samples[67].inverter_pct,10.3
Jeddah.samples[67].best_precool_pct,0.0
Jeddah.samples[67].prepeak2_pct,3.62
Jeddah.samples[67].night2_pct,4.18
Jeddah.samples[67].admissible,True
Jeddah.samples[67].precode_admissible,False
Jeddah.samples[68].x[0],0.022
Jeddah.samples[68].x[1],0.024
Jeddah.samples[68].x[2],1.584
Jeddah.samples[68].x[3],1.112
Jeddah.samples[68].x[4],0.129
Jeddah.samples[68].x[5],0.223
Jeddah.samples[68].x[6],1.144
Jeddah.samples[68].x[7],0.07
Jeddah.samples[68].x[8],3.986
Jeddah.samples[68].x[9],0.664
Jeddah.samples[68].x[10],1.055
Jeddah.samples[68].x[11],1.119
Jeddah.samples[68].x[12],0.759
Jeddah.samples[68].x[13],0.698
Jeddah.samples[68].x[14],0.009
Jeddah.samples[68].x[15],0.915
Jeddah.samples[68].x[16],-0.457
Jeddah.samples[68].setpoint_pct,10.8
Jeddah.samples[68].envelope_pct,40.7
Jeddah.samples[68].inverter_pct,11.8
Jeddah.samples[68].best_precool_pct,0.0
Jeddah.samples[68].prepeak2_pct,3.28
Jeddah.samples[68].night2_pct,4.88
Jeddah.samples[68].admissible,True
Jeddah.samples[68].precode_admissible,True
Jeddah.samples[69].x[0],0.025
Jeddah.samples[69].x[1],0.028
Jeddah.samples[69].x[2],1.389
Jeddah.samples[69].x[3],1.196
Jeddah.samples[69].x[4],0.173
Jeddah.samples[69].x[5],0.284
Jeddah.samples[69].x[6],1.715
Jeddah.samples[69].x[7],0.128
Jeddah.samples[69].x[8],2.526
Jeddah.samples[69].x[9],0.4
Jeddah.samples[69].x[10],1.138
Jeddah.samples[69].x[11],1.052
Jeddah.samples[69].x[12],0.736
Jeddah.samples[69].x[13],0.531
Jeddah.samples[69].x[14],0.017
Jeddah.samples[69].x[15],0.887
Jeddah.samples[69].x[16],0.801
Jeddah.samples[69].setpoint_pct,10.1
Jeddah.samples[69].envelope_pct,41.6
Jeddah.samples[69].inverter_pct,10.5
Jeddah.samples[69].best_precool_pct,0.0
Jeddah.samples[69].prepeak2_pct,3.28
Jeddah.samples[69].night2_pct,4.32
Jeddah.samples[69].admissible,True
Jeddah.samples[69].precode_admissible,False
Jeddah.samples[70].x[0],0.009
Jeddah.samples[70].x[1],0.015
Jeddah.samples[70].x[2],1.453
Jeddah.samples[70].x[3],1.205
Jeddah.samples[70].x[4],0.201
Jeddah.samples[70].x[5],0.188
Jeddah.samples[70].x[6],1.117
Jeddah.samples[70].x[7],0.051
Jeddah.samples[70].x[8],3.401
Jeddah.samples[70].x[9],0.607
Jeddah.samples[70].x[10],0.843
Jeddah.samples[70].x[11],1.184
Jeddah.samples[70].x[12],0.622
Jeddah.samples[70].x[13],1.018
Jeddah.samples[70].x[14],0.016
Jeddah.samples[70].x[15],1.032
Jeddah.samples[70].x[16],1.484
Jeddah.samples[70].setpoint_pct,8.9
Jeddah.samples[70].envelope_pct,41.8
Jeddah.samples[70].inverter_pct,8.0
Jeddah.samples[70].best_precool_pct,0.0
Jeddah.samples[70].prepeak2_pct,2.99
Jeddah.samples[70].night2_pct,4.48
Jeddah.samples[70].admissible,True
Jeddah.samples[70].precode_admissible,True
Jeddah.samples[71].x[0],0.011
Jeddah.samples[71].x[1],0.028
Jeddah.samples[71].x[2],1.516
Jeddah.samples[71].x[3],1.239
Jeddah.samples[71].x[4],0.052
Jeddah.samples[71].x[5],0.221
Jeddah.samples[71].x[6],0.851
Jeddah.samples[71].x[7],0.136
Jeddah.samples[71].x[8],3.751
Jeddah.samples[71].x[9],0.514
Jeddah.samples[71].x[10],0.905
Jeddah.samples[71].x[11],1.128
Jeddah.samples[71].x[12],0.677
Jeddah.samples[71].x[13],0.646
Jeddah.samples[71].x[14],0.013
Jeddah.samples[71].x[15],0.988
Jeddah.samples[71].x[16],0.61
Jeddah.samples[71].setpoint_pct,9.3
Jeddah.samples[71].envelope_pct,42.4
Jeddah.samples[71].inverter_pct,13.1
Jeddah.samples[71].best_precool_pct,0.0
Jeddah.samples[71].prepeak2_pct,3.58
Jeddah.samples[71].night2_pct,4.07
Jeddah.samples[71].admissible,True
Jeddah.samples[71].precode_admissible,True
Jeddah.samples[72].x[0],0.002
Jeddah.samples[72].x[1],0.026
Jeddah.samples[72].x[2],1.441
Jeddah.samples[72].x[3],1.231
Jeddah.samples[72].x[4],0.086
Jeddah.samples[72].x[5],0.29
Jeddah.samples[72].x[6],1.524
Jeddah.samples[72].x[7],0.046
Jeddah.samples[72].x[8],2.768
Jeddah.samples[72].x[9],0.731
Jeddah.samples[72].x[10],1.008
Jeddah.samples[72].x[11],1.025
Jeddah.samples[72].x[12],0.895
Jeddah.samples[72].x[13],0.741
Jeddah.samples[72].x[14],0.014
Jeddah.samples[72].x[15],0.997
Jeddah.samples[72].x[16],0.904
Jeddah.samples[72].setpoint_pct,7.2
Jeddah.samples[72].envelope_pct,39.8
Jeddah.samples[72].inverter_pct,11.6
Jeddah.samples[72].best_precool_pct,0.0
Jeddah.samples[72].prepeak2_pct,2.15
Jeddah.samples[72].night2_pct,2.59
Jeddah.samples[72].admissible,True
Jeddah.samples[72].precode_admissible,False
Jeddah.samples[73].x[0],0.001
Jeddah.samples[73].x[1],0.016
Jeddah.samples[73].x[2],1.456
Jeddah.samples[73].x[3],1.222
Jeddah.samples[73].x[4],0.05
Jeddah.samples[73].x[5],0.287
Jeddah.samples[73].x[6],0.757
Jeddah.samples[73].x[7],0.065
Jeddah.samples[73].x[8],3.042
Jeddah.samples[73].x[9],0.394
Jeddah.samples[73].x[10],0.849
Jeddah.samples[73].x[11],1.127
Jeddah.samples[73].x[12],0.514
Jeddah.samples[73].x[13],1.054
Jeddah.samples[73].x[14],0.011
Jeddah.samples[73].x[15],0.946
Jeddah.samples[73].x[16],-0.563
Jeddah.samples[73].setpoint_pct,8.7
Jeddah.samples[73].envelope_pct,40.2
Jeddah.samples[73].inverter_pct,13.0
Jeddah.samples[73].best_precool_pct,0.0
Jeddah.samples[73].prepeak2_pct,2.79
Jeddah.samples[73].night2_pct,3.92
Jeddah.samples[73].admissible,True
Jeddah.samples[73].precode_admissible,True
Jeddah.samples[74].x[0],0.005
Jeddah.samples[74].x[1],0.011
Jeddah.samples[74].x[2],1.488
Jeddah.samples[74].x[3],1.194
Jeddah.samples[74].x[4],0.104
Jeddah.samples[74].x[5],0.231
Jeddah.samples[74].x[6],1.846
Jeddah.samples[74].x[7],0.104
Jeddah.samples[74].x[8],3.416
Jeddah.samples[74].x[9],0.695
Jeddah.samples[74].x[10],1.146
Jeddah.samples[74].x[11],1.123
Jeddah.samples[74].x[12],0.801
Jeddah.samples[74].x[13],1.242
Jeddah.samples[74].x[14],0.005
Jeddah.samples[74].x[15],0.849
Jeddah.samples[74].x[16],0.854
Jeddah.samples[74].setpoint_pct,7.9
Jeddah.samples[74].envelope_pct,37.6
Jeddah.samples[74].inverter_pct,10.6
Jeddah.samples[74].best_precool_pct,0.0
Jeddah.samples[74].prepeak2_pct,2.12
Jeddah.samples[74].night2_pct,4.46
Jeddah.samples[74].admissible,True
Jeddah.samples[74].precode_admissible,False
Jeddah.samples[75].x[0],0.016
Jeddah.samples[75].x[1],0.013
Jeddah.samples[75].x[2],1.398
Jeddah.samples[75].x[3],1.105
Jeddah.samples[75].x[4],0.219
Jeddah.samples[75].x[5],0.25
Jeddah.samples[75].x[6],1.489
Jeddah.samples[75].x[7],0.073
Jeddah.samples[75].x[8],3.867
Jeddah.samples[75].x[9],0.496
Jeddah.samples[75].x[10],1.049
Jeddah.samples[75].x[11],1.113
Jeddah.samples[75].x[12],0.849
Jeddah.samples[75].x[13],1.229
Jeddah.samples[75].x[14],0.009
Jeddah.samples[75].x[15],1.189
Jeddah.samples[75].x[16],1.853
Jeddah.samples[75].setpoint_pct,9.5
Jeddah.samples[75].envelope_pct,44.0
Jeddah.samples[75].inverter_pct,9.2
Jeddah.samples[75].best_precool_pct,0.0
Jeddah.samples[75].prepeak2_pct,1.97
Jeddah.samples[75].night2_pct,4.21
Jeddah.samples[75].admissible,True
Jeddah.samples[75].precode_admissible,False
Jeddah.samples[76].x[0],0.006
Jeddah.samples[76].x[1],0.012
Jeddah.samples[76].x[2],1.528
Jeddah.samples[76].x[3],1.107
Jeddah.samples[76].x[4],0.243
Jeddah.samples[76].x[5],0.302
Jeddah.samples[76].x[6],1.898
Jeddah.samples[76].x[7],0.102
Jeddah.samples[76].x[8],3.076
Jeddah.samples[76].x[9],0.552
Jeddah.samples[76].x[10],1.277
Jeddah.samples[76].x[11],1.163
Jeddah.samples[76].x[12],0.853
Jeddah.samples[76].x[13],1.0
Jeddah.samples[76].x[14],0.014
Jeddah.samples[76].x[15],1.135
Jeddah.samples[76].x[16],0.572
Jeddah.samples[76].setpoint_pct,7.8
Jeddah.samples[76].envelope_pct,38.7
Jeddah.samples[76].inverter_pct,11.2
Jeddah.samples[76].best_precool_pct,0.0
Jeddah.samples[76].prepeak2_pct,1.62
Jeddah.samples[76].night2_pct,4.04
Jeddah.samples[76].admissible,True
Jeddah.samples[76].precode_admissible,False
Jeddah.samples[77].x[0],0.017
Jeddah.samples[77].x[1],0.022
Jeddah.samples[77].x[2],1.363
Jeddah.samples[77].x[3],1.113
Jeddah.samples[77].x[4],0.075
Jeddah.samples[77].x[5],0.155
Jeddah.samples[77].x[6],1.474
Jeddah.samples[77].x[7],0.071
Jeddah.samples[77].x[8],3.732
Jeddah.samples[77].x[9],0.403
Jeddah.samples[77].x[10],1.155
Jeddah.samples[77].x[11],1.074
Jeddah.samples[77].x[12],0.738
Jeddah.samples[77].x[13],1.186
Jeddah.samples[77].x[14],0.01
Jeddah.samples[77].x[15],1.253
Jeddah.samples[77].x[16],0.112
Jeddah.samples[77].setpoint_pct,9.8
Jeddah.samples[77].envelope_pct,43.5
Jeddah.samples[77].inverter_pct,8.8
Jeddah.samples[77].best_precool_pct,0.0
Jeddah.samples[77].prepeak2_pct,3.12
Jeddah.samples[77].night2_pct,3.36
Jeddah.samples[77].admissible,True
Jeddah.samples[77].precode_admissible,False
Jeddah.samples[78].x[0],0.005
Jeddah.samples[78].x[1],0.012
Jeddah.samples[78].x[2],1.505
Jeddah.samples[78].x[3],1.161
Jeddah.samples[78].x[4],0.191
Jeddah.samples[78].x[5],0.275
Jeddah.samples[78].x[6],1.075
Jeddah.samples[78].x[7],0.028
Jeddah.samples[78].x[8],3.095
Jeddah.samples[78].x[9],0.216
Jeddah.samples[78].x[10],0.707
Jeddah.samples[78].x[11],1.002
Jeddah.samples[78].x[12],0.712
Jeddah.samples[78].x[13],0.685
Jeddah.samples[78].x[14],0.014
Jeddah.samples[78].x[15],1.249
Jeddah.samples[78].x[16],-0.259
Jeddah.samples[78].setpoint_pct,9.7
Jeddah.samples[78].envelope_pct,53.5
Jeddah.samples[78].inverter_pct,13.0
Jeddah.samples[78].best_precool_pct,0.0
Jeddah.samples[78].prepeak2_pct,5.56
Jeddah.samples[78].night2_pct,5.59
Jeddah.samples[78].admissible,True
Jeddah.samples[78].precode_admissible,True
Jeddah.samples[79].x[0],0.003
Jeddah.samples[79].x[1],0.018
Jeddah.samples[79].x[2],1.374
Jeddah.samples[79].x[3],1.19
Jeddah.samples[79].x[4],0.083
Jeddah.samples[79].x[5],0.311
Jeddah.samples[79].x[6],1.0
Jeddah.samples[79].x[7],0.065
Jeddah.samples[79].x[8],2.778
Jeddah.samples[79].x[9],0.55
Jeddah.samples[79].x[10],0.947
Jeddah.samples[79].x[11],1.048
Jeddah.samples[79].x[12],0.638
Jeddah.samples[79].x[13],1.294
Jeddah.samples[79].x[14],0.006
Jeddah.samples[79].x[15],1.199
Jeddah.samples[79].x[16],1.959
Jeddah.samples[79].setpoint_pct,7.4
Jeddah.samples[79].envelope_pct,40.4
Jeddah.samples[79].inverter_pct,11.8
Jeddah.samples[79].best_precool_pct,0.0
Jeddah.samples[79].prepeak2_pct,2.19
Jeddah.samples[79].night2_pct,2.73
Jeddah.samples[79].admissible,True
Jeddah.samples[79].precode_admissible,True
Jeddah.samples[80].x[0],0.021
Jeddah.samples[80].x[1],0.022
Jeddah.samples[80].x[2],1.497
Jeddah.samples[80].x[3],1.205
Jeddah.samples[80].x[4],0.132
Jeddah.samples[80].x[5],0.202
Jeddah.samples[80].x[6],1.834
Jeddah.samples[80].x[7],0.111
Jeddah.samples[80].x[8],2.653
Jeddah.samples[80].x[9],0.709
Jeddah.samples[80].x[10],0.822
Jeddah.samples[80].x[11],1.086
Jeddah.samples[80].x[12],0.715
Jeddah.samples[80].x[13],1.269
Jeddah.samples[80].x[14],0.009
Jeddah.samples[80].x[15],0.894
Jeddah.samples[80].x[16],-0.101
Jeddah.samples[80].setpoint_pct,9.6
Jeddah.samples[80].envelope_pct,34.9
Jeddah.samples[80].inverter_pct,8.3
Jeddah.samples[80].best_precool_pct,0.0
Jeddah.samples[80].prepeak2_pct,3.07
Jeddah.samples[80].night2_pct,5.0
Jeddah.samples[80].admissible,True
Jeddah.samples[80].precode_admissible,False
Jeddah.samples[81].x[0],0.025
Jeddah.samples[81].x[1],0.01
Jeddah.samples[81].x[2],1.401
Jeddah.samples[81].x[3],1.145
Jeddah.samples[81].x[4],0.232
Jeddah.samples[81].x[5],0.299
Jeddah.samples[81].x[6],0.93
Jeddah.samples[81].x[7],0.074
Jeddah.samples[81].x[8],2.607
Jeddah.samples[81].x[9],0.635
Jeddah.samples[81].x[10],1.212
Jeddah.samples[81].x[11],1.135
Jeddah.samples[81].x[12],0.829
Jeddah.samples[81].x[13],1.202
Jeddah.samples[81].x[14],0.008
Jeddah.samples[81].x[15],0.886
Jeddah.samples[81].x[16],-0.983
Jeddah.samples[81].setpoint_pct,10.3
Jeddah.samples[81].envelope_pct,36.4
Jeddah.samples[81].inverter_pct,8.1
Jeddah.samples[81].best_precool_pct,0.0
Jeddah.samples[81].prepeak2_pct,2.61
Jeddah.samples[81].night2_pct,5.57
Jeddah.samples[81].admissible,True
Jeddah.samples[81].precode_admissible,True
Jeddah.samples[82].x[0],0.018
Jeddah.samples[82].x[1],0.014
Jeddah.samples[82].x[2],1.309
Jeddah.samples[82].x[3],1.271
Jeddah.samples[82].x[4],0.223
Jeddah.samples[82].x[5],0.191
Jeddah.samples[82].x[6],1.254
Jeddah.samples[82].x[7],0.066
Jeddah.samples[82].x[8],2.503
Jeddah.samples[82].x[9],0.481
Jeddah.samples[82].x[10],1.246
Jeddah.samples[82].x[11],1.141
Jeddah.samples[82].x[12],0.702
Jeddah.samples[82].x[13],1.084
Jeddah.samples[82].x[14],0.011
Jeddah.samples[82].x[15],1.174
Jeddah.samples[82].x[16],-0.841
Jeddah.samples[82].setpoint_pct,9.4
Jeddah.samples[82].envelope_pct,35.6
Jeddah.samples[82].inverter_pct,4.9
Jeddah.samples[82].best_precool_pct,0.0
Jeddah.samples[82].prepeak2_pct,1.87
Jeddah.samples[82].night2_pct,3.97
Jeddah.samples[82].admissible,True
Jeddah.samples[82].precode_admissible,True
Jeddah.samples[83].x[0],0.012
Jeddah.samples[83].x[1],0.021
Jeddah.samples[83].x[2],1.526
Jeddah.samples[83].x[3],1.176
Jeddah.samples[83].x[4],0.067
Jeddah.samples[83].x[5],0.157
Jeddah.samples[83].x[6],1.785
Jeddah.samples[83].x[7],0.061
Jeddah.samples[83].x[8],3.566
Jeddah.samples[83].x[9],0.429
Jeddah.samples[83].x[10],1.256
Jeddah.samples[83].x[11],1.175
Jeddah.samples[83].x[12],0.635
Jeddah.samples[83].x[13],0.769
Jeddah.samples[83].x[14],0.01
Jeddah.samples[83].x[15],1.165
Jeddah.samples[83].x[16],1.743
Jeddah.samples[83].setpoint_pct,8.5
Jeddah.samples[83].envelope_pct,42.8
Jeddah.samples[83].inverter_pct,11.9
Jeddah.samples[83].best_precool_pct,0.0
Jeddah.samples[83].prepeak2_pct,2.53
Jeddah.samples[83].night2_pct,2.96
Jeddah.samples[83].admissible,True
Jeddah.samples[83].precode_admissible,False
Jeddah.samples[84].x[0],0.02
Jeddah.samples[84].x[1],0.023
Jeddah.samples[84].x[2],1.558
Jeddah.samples[84].x[3],1.291
Jeddah.samples[84].x[4],0.152
Jeddah.samples[84].x[5],0.333
Jeddah.samples[84].x[6],0.956
Jeddah.samples[84].x[7],0.096
Jeddah.samples[84].x[8],3.455
Jeddah.samples[84].x[9],0.279
Jeddah.samples[84].x[10],1.275
Jeddah.samples[84].x[11],1.098
Jeddah.samples[84].x[12],0.578
Jeddah.samples[84].x[13],0.952
Jeddah.samples[84].x[14],0.018
Jeddah.samples[84].x[15],0.867
Jeddah.samples[84].x[16],0.977
Jeddah.samples[84].setpoint_pct,10.0
Jeddah.samples[84].envelope_pct,43.2
Jeddah.samples[84].inverter_pct,16.9
Jeddah.samples[84].best_precool_pct,0.0
Jeddah.samples[84].prepeak2_pct,2.93
Jeddah.samples[84].night2_pct,4.34
Jeddah.samples[84].admissible,True
Jeddah.samples[84].precode_admissible,True
Jeddah.samples[85].x[0],0.0
Jeddah.samples[85].x[1],0.03
Jeddah.samples[85].x[2],1.36
Jeddah.samples[85].x[3],1.164
Jeddah.samples[85].x[4],0.146
Jeddah.samples[85].x[5],0.166
Jeddah.samples[85].x[6],0.515
Jeddah.samples[85].x[7],0.148
Jeddah.samples[85].x[8],3.763
Jeddah.samples[85].x[9],0.565
Jeddah.samples[85].x[10],1.291
Jeddah.samples[85].x[11],1.013
Jeddah.samples[85].x[12],0.716
Jeddah.samples[85].x[13],0.575
Jeddah.samples[85].x[14],0.005
Jeddah.samples[85].x[15],0.95
Jeddah.samples[85].x[16],0.099
Jeddah.samples[85].setpoint_pct,7.7
Jeddah.samples[85].envelope_pct,38.6
Jeddah.samples[85].inverter_pct,7.5
Jeddah.samples[85].best_precool_pct,0.0
Jeddah.samples[85].prepeak2_pct,2.38
Jeddah.samples[85].night2_pct,2.81
Jeddah.samples[85].admissible,True
Jeddah.samples[85].precode_admissible,True
Jeddah.samples[86].x[0],0.027
Jeddah.samples[86].x[1],0.029
Jeddah.samples[86].x[2],1.378
Jeddah.samples[86].x[3],1.247
Jeddah.samples[86].x[4],0.08
Jeddah.samples[86].x[5],0.297
Jeddah.samples[86].x[6],1.766
Jeddah.samples[86].x[7],0.054
Jeddah.samples[86].x[8],3.794
Jeddah.samples[86].x[9],0.779
Jeddah.samples[86].x[10],1.004
Jeddah.samples[86].x[11],1.186
Jeddah.samples[86].x[12],0.673
Jeddah.samples[86].x[13],1.16
Jeddah.samples[86].x[14],0.008
Jeddah.samples[86].x[15],1.043
Jeddah.samples[86].x[16],0.832
Jeddah.samples[86].setpoint_pct,11.3
Jeddah.samples[86].envelope_pct,39.0
Jeddah.samples[86].inverter_pct,12.0
Jeddah.samples[86].best_precool_pct,0.0
Jeddah.samples[86].prepeak2_pct,3.75
Jeddah.samples[86].night2_pct,4.76
Jeddah.samples[86].admissible,True
Jeddah.samples[86].precode_admissible,False
Jeddah.samples[87].x[0],0.007
Jeddah.samples[87].x[1],0.019
Jeddah.samples[87].x[2],1.316
Jeddah.samples[87].x[3],1.253
Jeddah.samples[87].x[4],0.217
Jeddah.samples[87].x[5],0.324
Jeddah.samples[87].x[6],0.978
Jeddah.samples[87].x[7],0.125
Jeddah.samples[87].x[8],3.989
Jeddah.samples[87].x[9],0.319
Jeddah.samples[87].x[10],0.937
Jeddah.samples[87].x[11],1.063
Jeddah.samples[87].x[12],0.502
Jeddah.samples[87].x[13],1.04
Jeddah.samples[87].x[14],0.013
Jeddah.samples[87].x[15],1.273
Jeddah.samples[87].x[16],-0.144
Jeddah.samples[87].setpoint_pct,9.8
Jeddah.samples[87].envelope_pct,41.2
Jeddah.samples[87].inverter_pct,10.5
Jeddah.samples[87].best_precool_pct,0.0
Jeddah.samples[87].prepeak2_pct,2.1
Jeddah.samples[87].night2_pct,3.39
Jeddah.samples[87].admissible,True
Jeddah.samples[87].precode_admissible,False
Jeddah.samples[88].x[0],0.02
Jeddah.samples[88].x[1],0.011
Jeddah.samples[88].x[2],1.508
Jeddah.samples[88].x[3],1.268
Jeddah.samples[88].x[4],0.222
Jeddah.samples[88].x[5],0.277
Jeddah.samples[88].x[6],1.057
Jeddah.samples[88].x[7],0.11
Jeddah.samples[88].x[8],2.924
Jeddah.samples[88].x[9],0.383
Jeddah.samples[88].x[10],0.865
Jeddah.samples[88].x[11],1.094
Jeddah.samples[88].x[12],0.507
Jeddah.samples[88].x[13],1.093
Jeddah.samples[88].x[14],0.019
Jeddah.samples[88].x[15],1.265
Jeddah.samples[88].x[16],-0.2
Jeddah.samples[88].setpoint_pct,10.6
Jeddah.samples[88].envelope_pct,38.0
Jeddah.samples[88].inverter_pct,10.6
Jeddah.samples[88].best_precool_pct,0.0
Jeddah.samples[88].prepeak2_pct,2.82
Jeddah.samples[88].night2_pct,5.98
Jeddah.samples[88].admissible,True
Jeddah.samples[88].precode_admissible,False
Jeddah.samples[89].x[0],0.026
Jeddah.samples[89].x[1],0.027
Jeddah.samples[89].x[2],1.515
Jeddah.samples[89].x[3],1.234
Jeddah.samples[89].x[4],0.193
Jeddah.samples[89].x[5],0.191
Jeddah.samples[89].x[6],1.949
Jeddah.samples[89].x[7],0.086
Jeddah.samples[89].x[8],2.921
Jeddah.samples[89].x[9],0.641
Jeddah.samples[89].x[10],1.011
Jeddah.samples[89].x[11],1.058
Jeddah.samples[89].x[12],0.817
Jeddah.samples[89].x[13],0.63
Jeddah.samples[89].x[14],0.006
Jeddah.samples[89].x[15],0.953
Jeddah.samples[89].x[16],-0.881
Jeddah.samples[89].setpoint_pct,10.5
Jeddah.samples[89].envelope_pct,36.9
Jeddah.samples[89].inverter_pct,8.1
Jeddah.samples[89].best_precool_pct,0.0
Jeddah.samples[89].prepeak2_pct,3.09
Jeddah.samples[89].night2_pct,4.58
Jeddah.samples[89].admissible,True
Jeddah.samples[89].precode_admissible,False
Jeddah.samples[90].x[0],0.024
Jeddah.samples[90].x[1],0.014
Jeddah.samples[90].x[2],1.509
Jeddah.samples[90].x[3],1.167
Jeddah.samples[90].x[4],0.135
Jeddah.samples[90].x[5],0.175
Jeddah.samples[90].x[6],1.271
Jeddah.samples[90].x[7],0.071
Jeddah.samples[90].x[8],3.711
Jeddah.samples[90].x[9],0.237
Jeddah.samples[90].x[10],1.228
Jeddah.samples[90].x[11],1.006
Jeddah.samples[90].x[12],0.627
Jeddah.samples[90].x[13],0.783
Jeddah.samples[90].x[14],0.017
Jeddah.samples[90].x[15],0.852
Jeddah.samples[90].x[16],0.738
Jeddah.samples[90].setpoint_pct,10.6
Jeddah.samples[90].envelope_pct,45.0
Jeddah.samples[90].inverter_pct,11.4
Jeddah.samples[90].best_precool_pct,0.0
Jeddah.samples[90].prepeak2_pct,2.91
Jeddah.samples[90].night2_pct,5.39
Jeddah.samples[90].admissible,True
Jeddah.samples[90].precode_admissible,True
Jeddah.samples[91].x[0],0.026
Jeddah.samples[91].x[1],0.022
Jeddah.samples[91].x[2],1.381
Jeddah.samples[91].x[3],1.151
Jeddah.samples[91].x[4],0.218
Jeddah.samples[91].x[5],0.295
Jeddah.samples[91].x[6],1.371
Jeddah.samples[91].x[7],0.092
Jeddah.samples[91].x[8],3.578
Jeddah.samples[91].x[9],0.738
Jeddah.samples[91].x[10],0.863
Jeddah.samples[91].x[11],1.171
Jeddah.samples[91].x[12],0.878
Jeddah.samples[91].x[13],1.484
Jeddah.samples[91].x[14],0.01
Jeddah.samples[91].x[15],0.964
Jeddah.samples[91].x[16],-0.173
Jeddah.samples[91].setpoint_pct,11.4
Jeddah.samples[91].envelope_pct,39.6
Jeddah.samples[91].inverter_pct,8.9
Jeddah.samples[91].best_precool_pct,0.0
Jeddah.samples[91].prepeak2_pct,2.83
Jeddah.samples[91].night2_pct,5.31
Jeddah.samples[91].admissible,True
Jeddah.samples[91].precode_admissible,False
Jeddah.samples[92].x[0],0.003
Jeddah.samples[92].x[1],0.018
Jeddah.samples[92].x[2],1.576
Jeddah.samples[92].x[3],1.258
Jeddah.samples[92].x[4],0.06
Jeddah.samples[92].x[5],0.186
Jeddah.samples[92].x[6],0.69
Jeddah.samples[92].x[7],0.118
Jeddah.samples[92].x[8],3.294
Jeddah.samples[92].x[9],0.718
Jeddah.samples[92].x[10],1.062
Jeddah.samples[92].x[11],1.151
Jeddah.samples[92].x[12],0.551
Jeddah.samples[92].x[13],1.445
Jeddah.samples[92].x[14],0.007
Jeddah.samples[92].x[15],1.041
Jeddah.samples[92].x[16],1.422
Jeddah.samples[92].setpoint_pct,7.5
Jeddah.samples[92].envelope_pct,35.1
Jeddah.samples[92].inverter_pct,11.1
Jeddah.samples[92].best_precool_pct,0.0
Jeddah.samples[92].prepeak2_pct,2.65
Jeddah.samples[92].night2_pct,3.96
Jeddah.samples[92].admissible,True
Jeddah.samples[92].precode_admissible,True
Jeddah.samples[93].x[0],0.003
Jeddah.samples[93].x[1],0.013
Jeddah.samples[93].x[2],1.563
Jeddah.samples[93].x[3],1.105
Jeddah.samples[93].x[4],0.137
Jeddah.samples[93].x[5],0.243
Jeddah.samples[93].x[6],0.613
Jeddah.samples[93].x[7],0.08
Jeddah.samples[93].x[8],3.779
Jeddah.samples[93].x[9],0.652
Jeddah.samples[93].x[10],0.721
Jeddah.samples[93].x[11],1.092
Jeddah.samples[93].x[12],0.707
Jeddah.samples[93].x[13],0.821
Jeddah.samples[93].x[14],0.015
Jeddah.samples[93].x[15],0.992
Jeddah.samples[93].x[16],0.31
Jeddah.samples[93].setpoint_pct,9.3
Jeddah.samples[93].envelope_pct,43.2
Jeddah.samples[93].inverter_pct,11.3
Jeddah.samples[93].best_precool_pct,0.0
Jeddah.samples[93].prepeak2_pct,4.03
Jeddah.samples[93].night2_pct,5.13
Jeddah.samples[93].admissible,True
Jeddah.samples[93].precode_admissible,True
Jeddah.samples[94].x[0],0.007
Jeddah.samples[94].x[1],0.029
Jeddah.samples[94].x[2],1.54
Jeddah.samples[94].x[3],1.242
Jeddah.samples[94].x[4],0.211
Jeddah.samples[94].x[5],0.317
Jeddah.samples[94].x[6],1.729
Jeddah.samples[94].x[7],0.025
Jeddah.samples[94].x[8],3.409
Jeddah.samples[94].x[9],0.66
Jeddah.samples[94].x[10],0.789
Jeddah.samples[94].x[11],1.01
Jeddah.samples[94].x[12],0.775
Jeddah.samples[94].x[13],0.588
Jeddah.samples[94].x[14],0.011
Jeddah.samples[94].x[15],1.077
Jeddah.samples[94].x[16],-0.527
Jeddah.samples[94].setpoint_pct,9.3
Jeddah.samples[94].envelope_pct,42.3
Jeddah.samples[94].inverter_pct,12.2
Jeddah.samples[94].best_precool_pct,0.0
Jeddah.samples[94].prepeak2_pct,3.92
Jeddah.samples[94].night2_pct,3.0
Jeddah.samples[94].admissible,True
Jeddah.samples[94].precode_admissible,True
Jeddah.samples[95].x[0],0.015
Jeddah.samples[95].x[1],0.028
Jeddah.samples[95].x[2],1.331
Jeddah.samples[95].x[3],1.199
Jeddah.samples[95].x[4],0.162
Jeddah.samples[95].x[5],0.267
Jeddah.samples[95].x[6],1.496
Jeddah.samples[95].x[7],0.108
Jeddah.samples[95].x[8],3.223
Jeddah.samples[95].x[9],0.374
Jeddah.samples[95].x[10],1.067
Jeddah.samples[95].x[11],1.147
Jeddah.samples[95].x[12],0.608
Jeddah.samples[95].x[13],1.352
Jeddah.samples[95].x[14],0.018
Jeddah.samples[95].x[15],1.299
Jeddah.samples[95].x[16],0.658
Jeddah.samples[95].setpoint_pct,9.5
Jeddah.samples[95].envelope_pct,42.4
Jeddah.samples[95].inverter_pct,9.8
Jeddah.samples[95].best_precool_pct,0.0
Jeddah.samples[95].prepeak2_pct,2.86
Jeddah.samples[95].night2_pct,2.18
Jeddah.samples[95].admissible,True
Jeddah.samples[95].precode_admissible,False
Jeddah.samples[96].x[0],0.027
Jeddah.samples[96].x[1],0.017
Jeddah.samples[96].x[2],1.311
Jeddah.samples[96].x[3],1.289
Jeddah.samples[96].x[4],0.171
Jeddah.samples[96].x[5],0.227
Jeddah.samples[96].x[6],1.751
Jeddah.samples[96].x[7],0.03
Jeddah.samples[96].x[8],2.565
Jeddah.samples[96].x[9],0.274
Jeddah.samples[96].x[10],0.8
Jeddah.samples[96].x[11],1.042
Jeddah.samples[96].x[12],0.862
Jeddah.samples[96].x[13],1.392
Jeddah.samples[96].x[14],0.012
Jeddah.samples[96].x[15],1.192
Jeddah.samples[96].x[16],-0.682
Jeddah.samples[96].setpoint_pct,11.2
Jeddah.samples[96].envelope_pct,49.0
Jeddah.samples[96].inverter_pct,8.4
Jeddah.samples[96].best_precool_pct,0.0
Jeddah.samples[96].prepeak2_pct,4.97
Jeddah.samples[96].night2_pct,5.86
Jeddah.samples[96].admissible,True
Jeddah.samples[96].precode_admissible,False
Jeddah.samples[97].x[0],0.019
Jeddah.samples[97].x[1],0.016
Jeddah.samples[97].x[2],1.375
Jeddah.samples[97].x[3],1.207
Jeddah.samples[97].x[4],0.094
Jeddah.samples[97].x[5],0.273
Jeddah.samples[97].x[6],1.411
Jeddah.samples[97].x[7],0.145
Jeddah.samples[97].x[8],3.824
Jeddah.samples[97].x[9],0.485
Jeddah.samples[97].x[10],1.233
Jeddah.samples[97].x[11],1.094
Jeddah.samples[97].x[12],0.763
Jeddah.samples[97].x[13],1.144
Jeddah.samples[97].x[14],0.014
Jeddah.samples[97].x[15],0.861
Jeddah.samples[97].x[16],-0.054
Jeddah.samples[97].setpoint_pct,10.2
Jeddah.samples[97].envelope_pct,41.1
Jeddah.samples[97].inverter_pct,11.6
Jeddah.samples[97].best_precool_pct,0.0
Jeddah.samples[97].prepeak2_pct,3.3
Jeddah.samples[97].night2_pct,5.93
Jeddah.samples[97].admissible,True
Jeddah.samples[97].precode_admissible,False
Jeddah.samples[98].x[0],0.008
Jeddah.samples[98].x[1],0.026
Jeddah.samples[98].x[2],1.362
Jeddah.samples[98].x[3],1.171
Jeddah.samples[98].x[4],0.158
Jeddah.samples[98].x[5],0.326
Jeddah.samples[98].x[6],1.299
Jeddah.samples[98].x[7],0.034
Jeddah.samples[98].x[8],2.948
Jeddah.samples[98].x[9],0.798
Jeddah.samples[98].x[10],1.238
Jeddah.samples[98].x[11],1.046
Jeddah.samples[98].x[12],0.631
Jeddah.samples[98].x[13],0.755
Jeddah.samples[98].x[14],0.005
Jeddah.samples[98].x[15],1.107
Jeddah.samples[98].x[16],-0.765
Jeddah.samples[98].setpoint_pct,8.8
Jeddah.samples[98].envelope_pct,33.6
Jeddah.samples[98].inverter_pct,9.7
Jeddah.samples[98].best_precool_pct,0.0
Jeddah.samples[98].prepeak2_pct,3.25
Jeddah.samples[98].night2_pct,3.11
Jeddah.samples[98].admissible,True
Jeddah.samples[98].precode_admissible,True
Jeddah.samples[99].x[0],0.01
Jeddah.samples[99].x[1],0.011
Jeddah.samples[99].x[2],1.446
Jeddah.samples[99].x[3],1.28
Jeddah.samples[99].x[4],0.224
Jeddah.samples[99].x[5],0.253
Jeddah.samples[99].x[6],1.763
Jeddah.samples[99].x[7],0.057
Jeddah.samples[99].x[8],3.245
Jeddah.samples[99].x[9],0.794
Jeddah.samples[99].x[10],0.718
Jeddah.samples[99].x[11],1.114
Jeddah.samples[99].x[12],0.605
Jeddah.samples[99].x[13],1.376
Jeddah.samples[99].x[14],0.01
Jeddah.samples[99].x[15],1.054
Jeddah.samples[99].x[16],-0.782
Jeddah.samples[99].setpoint_pct,9.7
Jeddah.samples[99].envelope_pct,32.6
Jeddah.samples[99].inverter_pct,7.4
Jeddah.samples[99].best_precool_pct,0.0
Jeddah.samples[99].prepeak2_pct,1.98
Jeddah.samples[99].night2_pct,5.2
Jeddah.samples[99].admissible,True
Jeddah.samples[99].precode_admissible,False
Jeddah.samples[100].x[0],0.004
Jeddah.samples[100].x[1],0.012
Jeddah.samples[100].x[2],1.479
Jeddah.samples[100].x[3],1.266
Jeddah.samples[100].x[4],0.236
Jeddah.samples[100].x[5],0.151
Jeddah.samples[100].x[6],1.735
Jeddah.samples[100].x[7],0.038
Jeddah.samples[100].x[8],2.892
Jeddah.samples[100].x[9],0.435
Jeddah.samples[100].x[10],0.957
Jeddah.samples[100].x[11],1.107
Jeddah.samples[100].x[12],0.601
Jeddah.samples[100].x[13],1.452
Jeddah.samples[100].x[14],0.008
Jeddah.samples[100].x[15],1.155
Jeddah.samples[100].x[16],1.77
Jeddah.samples[100].setpoint_pct,7.8
Jeddah.samples[100].envelope_pct,42.5
Jeddah.samples[100].inverter_pct,7.2
Jeddah.samples[100].best_precool_pct,0.0
Jeddah.samples[100].prepeak2_pct,2.23
Jeddah.samples[100].night2_pct,4.18
Jeddah.samples[100].admissible,True
Jeddah.samples[100].precode_admissible,False
Jeddah.samples[101].x[0],0.006
Jeddah.samples[101].x[1],0.014
Jeddah.samples[101].x[2],1.33
Jeddah.samples[101].x[3],1.122
Jeddah.samples[101].x[4],0.144
Jeddah.samples[101].x[5],0.216
Jeddah.samples[101].x[6],0.635
Jeddah.samples[101].x[7],0.133
Jeddah.samples[101].x[8],3.97
Jeddah.samples[101].x[9],0.68
Jeddah.samples[101].x[10],0.808
Jeddah.samples[101].x[11],1.071
Jeddah.samples[101].x[12],0.62
Jeddah.samples[101].x[13],1.14
Jeddah.samples[101].x[14],0.019
Jeddah.samples[101].x[15],1.104
Jeddah.samples[101].x[16],1.069
Jeddah.samples[101].setpoint_pct,9.1
Jeddah.samples[101].envelope_pct,38.5
Jeddah.samples[101].inverter_pct,7.8
Jeddah.samples[101].best_precool_pct,0.0
Jeddah.samples[101].prepeak2_pct,2.23
Jeddah.samples[101].night2_pct,4.78
Jeddah.samples[101].admissible,True
Jeddah.samples[101].precode_admissible,True
Jeddah.samples[102].x[0],0.027
Jeddah.samples[102].x[1],0.019
Jeddah.samples[102].x[2],1.58
Jeddah.samples[102].x[3],1.135
Jeddah.samples[102].x[4],0.242
Jeddah.samples[102].x[5],0.281
Jeddah.samples[102].x[6],0.711
Jeddah.samples[102].x[7],0.072
Jeddah.samples[102].x[8],3.019
Jeddah.samples[102].x[9],0.299
Jeddah.samples[102].x[10],0.77
Jeddah.samples[102].x[11],1.008
Jeddah.samples[102].x[12],0.679
Jeddah.samples[102].x[13],0.667
Jeddah.samples[102].x[14],0.015
Jeddah.samples[102].x[15],1.253
Jeddah.samples[102].x[16],0.006
Jeddah.samples[102].setpoint_pct,11.7
Jeddah.samples[102].envelope_pct,49.3
Jeddah.samples[102].inverter_pct,12.4
Jeddah.samples[102].best_precool_pct,0.0
Jeddah.samples[102].prepeak2_pct,5.74
Jeddah.samples[102].night2_pct,5.06
Jeddah.samples[102].admissible,True
Jeddah.samples[102].precode_admissible,True
Jeddah.samples[103].x[0],0.015
Jeddah.samples[103].x[1],0.014
Jeddah.samples[103].x[2],1.413
Jeddah.samples[103].x[3],1.282
Jeddah.samples[103].x[4],0.088
Jeddah.samples[103].x[5],0.261
Jeddah.samples[103].x[6],1.163
Jeddah.samples[103].x[7],0.132
Jeddah.samples[103].x[8],3.468
Jeddah.samples[103].x[9],0.335
Jeddah.samples[103].x[10],0.925
Jeddah.samples[103].x[11],1.125
Jeddah.samples[103].x[12],0.518
Jeddah.samples[103].x[13],1.036
Jeddah.samples[103].x[14],0.014
Jeddah.samples[103].x[15],1.124
Jeddah.samples[103].x[16],0.547
Jeddah.samples[103].setpoint_pct,10.2
Jeddah.samples[103].envelope_pct,42.4
Jeddah.samples[103].inverter_pct,12.4
Jeddah.samples[103].best_precool_pct,0.0
Jeddah.samples[103].prepeak2_pct,3.42
Jeddah.samples[103].night2_pct,5.7
Jeddah.samples[103].admissible,True
Jeddah.samples[103].precode_admissible,False
Jeddah.samples[104].x[0],0.011
Jeddah.samples[104].x[1],0.025
Jeddah.samples[104].x[2],1.559
Jeddah.samples[104].x[3],1.228
Jeddah.samples[104].x[4],0.078
Jeddah.samples[104].x[5],0.242
Jeddah.samples[104].x[6],1.595
Jeddah.samples[104].x[7],0.112
Jeddah.samples[104].x[8],2.856
Jeddah.samples[104].x[9],0.786
Jeddah.samples[104].x[10],0.978
Jeddah.samples[104].x[11],1.117
Jeddah.samples[104].x[12],0.599
Jeddah.samples[104].x[13],1.076
Jeddah.samples[104].x[14],0.005
Jeddah.samples[104].x[15],0.944
Jeddah.samples[104].x[16],0.359
Jeddah.samples[104].setpoint_pct,8.4
Jeddah.samples[104].envelope_pct,32.5
Jeddah.samples[104].inverter_pct,11.0
Jeddah.samples[104].best_precool_pct,0.0
Jeddah.samples[104].prepeak2_pct,2.75
Jeddah.samples[104].night2_pct,3.94
Jeddah.samples[104].admissible,True
Jeddah.samples[104].precode_admissible,False
Jeddah.samples[105].x[0],0.014
Jeddah.samples[105].x[1],0.014
Jeddah.samples[105].x[2],1.401
Jeddah.samples[105].x[3],1.109
Jeddah.samples[105].x[4],0.245
Jeddah.samples[105].x[5],0.315
Jeddah.samples[105].x[6],0.788
Jeddah.samples[105].x[7],0.15
Jeddah.samples[105].x[8],3.498
Jeddah.samples[105].x[9],0.749
Jeddah.samples[105].x[10],0.809
Jeddah.samples[105].x[11],1.149
Jeddah.samples[105].x[12],0.886
Jeddah.samples[105].x[13],0.615
Jeddah.samples[105].x[14],0.01
Jeddah.samples[105].x[15],1.239
Jeddah.samples[105].x[16],1.575
Jeddah.samples[105].setpoint_pct,9.3
Jeddah.samples[105].envelope_pct,40.1
Jeddah.samples[105].inverter_pct,9.9
Jeddah.samples[105].best_precool_pct,0.0
Jeddah.samples[105].prepeak2_pct,2.15
Jeddah.samples[105].night2_pct,4.91
Jeddah.samples[105].admissible,True
Jeddah.samples[105].precode_admissible,False
Jeddah.samples[106].x[0],0.016
Jeddah.samples[106].x[1],0.017
Jeddah.samples[106].x[2],1.301
Jeddah.samples[106].x[3],1.173
Jeddah.samples[106].x[4],0.213
Jeddah.samples[106].x[5],0.165
Jeddah.samples[106].x[6],0.919
Jeddah.samples[106].x[7],0.141
Jeddah.samples[106].x[8],3.954
Jeddah.samples[106].x[9],0.586
Jeddah.samples[106].x[10],0.831
Jeddah.samples[106].x[11],1.118
Jeddah.samples[106].x[12],0.799
Jeddah.samples[106].x[13],0.908
Jeddah.samples[106].x[14],0.019
Jeddah.samples[106].x[15],0.964
Jeddah.samples[106].x[16],1.218
Jeddah.samples[106].setpoint_pct,10.2
Jeddah.samples[106].envelope_pct,42.5
Jeddah.samples[106].inverter_pct,5.2
Jeddah.samples[106].best_precool_pct,0.0
Jeddah.samples[106].prepeak2_pct,2.48
Jeddah.samples[106].night2_pct,5.17
Jeddah.samples[106].admissible,True
Jeddah.samples[106].precode_admissible,False
Jeddah.samples[107].x[0],0.006
Jeddah.samples[107].x[1],0.025
Jeddah.samples[107].x[2],1.522
Jeddah.samples[107].x[3],1.177
Jeddah.samples[107].x[4],0.057
Jeddah.samples[107].x[5],0.227
Jeddah.samples[107].x[6],1.63
Jeddah.samples[107].x[7],0.123
Jeddah.samples[107].x[8],3.586
Jeddah.samples[107].x[9],0.686
Jeddah.samples[107].x[10],1.197
Jeddah.samples[107].x[11],1.084
Jeddah.samples[107].x[12],0.807
Jeddah.samples[107].x[13],1.215
Jeddah.samples[107].x[14],0.017
Jeddah.samples[107].x[15],1.225
Jeddah.samples[107].x[16],0.067
Jeddah.samples[107].setpoint_pct,8.2
Jeddah.samples[107].envelope_pct,38.5
Jeddah.samples[107].inverter_pct,12.0
Jeddah.samples[107].best_precool_pct,0.0
Jeddah.samples[107].prepeak2_pct,2.95
Jeddah.samples[107].night2_pct,3.48
Jeddah.samples[107].admissible,True
Jeddah.samples[107].precode_admissible,False
Jeddah.samples[108].x[0],0.01
Jeddah.samples[108].x[1],0.026
Jeddah.samples[108].x[2],1.524
Jeddah.samples[108].x[3],1.181
Jeddah.samples[108].x[4],0.238
Jeddah.samples[108].x[5],0.345
Jeddah.samples[108].x[6],0.809
Jeddah.samples[108].x[7],0.131
Jeddah.samples[108].x[8],3.675
Jeddah.samples[108].x[9],0.473
Jeddah.samples[108].x[10],1.031
Jeddah.samples[108].x[11],1.008
Jeddah.samples[108].x[12],0.835
Jeddah.samples[108].x[13],0.597
Jeddah.samples[108].x[14],0.019
Jeddah.samples[108].x[15],1.147
Jeddah.samples[108].x[16],1.682
Jeddah.samples[108].setpoint_pct,8.6
Jeddah.samples[108].envelope_pct,44.0
Jeddah.samples[108].inverter_pct,14.4
Jeddah.samples[108].best_precool_pct,0.0
Jeddah.samples[108].prepeak2_pct,2.33
Jeddah.samples[108].night2_pct,3.01
Jeddah.samples[108].admissible,True
Jeddah.samples[108].precode_admissible,False
Jeddah.samples[109].x[0],0.014
Jeddah.samples[109].x[1],0.029
Jeddah.samples[109].x[2],1.327
Jeddah.samples[109].x[3],1.287
Jeddah.samples[109].x[4],0.23
Jeddah.samples[109].x[5],0.164
Jeddah.samples[109].x[6],1.62
Jeddah.samples[109].x[7],0.117
Jeddah.samples[109].x[8],2.869
Jeddah.samples[109].x[9],0.671
Jeddah.samples[109].x[10],0.756
Jeddah.samples[109].x[11],1.195
Jeddah.samples[109].x[12],0.582
Jeddah.samples[109].x[13],0.837
Jeddah.samples[109].x[14],0.008
Jeddah.samples[109].x[15],0.912
Jeddah.samples[109].x[16],-0.548
Jeddah.samples[109].setpoint_pct,9.8
Jeddah.samples[109].envelope_pct,34.3
Jeddah.samples[109].inverter_pct,4.3
Jeddah.samples[109].best_precool_pct,0.0
Jeddah.samples[109].prepeak2_pct,2.41
Jeddah.samples[109].night2_pct,3.91
Jeddah.samples[109].admissible,True
Jeddah.samples[109].precode_admissible,False
Jeddah.samples[110].x[0],0.019
Jeddah.samples[110].x[1],0.017
Jeddah.samples[110].x[2],1.431
Jeddah.samples[110].x[3],1.252
Jeddah.samples[110].x[4],0.096
Jeddah.samples[110].x[5],0.32
Jeddah.samples[110].x[6],1.036
Jeddah.samples[110].x[7],0.067
Jeddah.samples[110].x[8],3.807
Jeddah.samples[110].x[9],0.422
Jeddah.samples[110].x[10],0.881
Jeddah.samples[110].x[11],1.133
Jeddah.samples[110].x[12],0.548
Jeddah.samples[110].x[13],1.287
Jeddah.samples[110].x[14],0.014
Jeddah.samples[110].x[15],1.282
Jeddah.samples[110].x[16],1.634
Jeddah.samples[110].setpoint_pct,10.3
Jeddah.samples[110].envelope_pct,44.1
Jeddah.samples[110].inverter_pct,14.6
Jeddah.samples[110].best_precool_pct,0.0
Jeddah.samples[110].prepeak2_pct,3.09
Jeddah.samples[110].night2_pct,4.16
Jeddah.samples[110].admissible,True
Jeddah.samples[110].precode_admissible,True
Jeddah.samples[111].x[0],0.022
Jeddah.samples[111].x[1],0.014
Jeddah.samples[111].x[2],1.483
Jeddah.samples[111].x[3],1.285
Jeddah.samples[111].x[4],0.056
Jeddah.samples[111].x[5],0.193
Jeddah.samples[111].x[6],0.8
Jeddah.samples[111].x[7],0.143
Jeddah.samples[111].x[8],3.72
Jeddah.samples[111].x[9],0.762
Jeddah.samples[111].x[10],0.735
Jeddah.samples[111].x[11],1.157
Jeddah.samples[111].x[12],0.747
Jeddah.samples[111].x[13],1.26
Jeddah.samples[111].x[14],0.017
Jeddah.samples[111].x[15],1.16
Jeddah.samples[111].x[16],-0.276
Jeddah.samples[111].setpoint_pct,10.9
Jeddah.samples[111].envelope_pct,38.3
Jeddah.samples[111].inverter_pct,9.9
Jeddah.samples[111].best_precool_pct,0.0
Jeddah.samples[111].prepeak2_pct,4.0
Jeddah.samples[111].night2_pct,6.79
Jeddah.samples[111].admissible,True
Jeddah.samples[111].precode_admissible,False
Jeddah.samples[112].x[0],0.023
Jeddah.samples[112].x[1],0.026
Jeddah.samples[112].x[2],1.355
Jeddah.samples[112].x[3],1.293
Jeddah.samples[112].x[4],0.176
Jeddah.samples[112].x[5],0.314
Jeddah.samples[112].x[6],0.882
Jeddah.samples[112].x[7],0.143
Jeddah.samples[112].x[8],2.749
Jeddah.samples[112].x[9],0.726
Jeddah.samples[112].x[10],0.994
Jeddah.samples[112].x[11],1.016
Jeddah.samples[112].x[12],0.643
Jeddah.samples[112].x[13],0.531
Jeddah.samples[112].x[14],0.007
Jeddah.samples[112].x[15],0.822
Jeddah.samples[112].x[16],1.887
Jeddah.samples[112].setpoint_pct,9.7
Jeddah.samples[112].envelope_pct,35.5
Jeddah.samples[112].inverter_pct,9.9
Jeddah.samples[112].best_precool_pct,0.0
Jeddah.samples[112].prepeak2_pct,2.71
Jeddah.samples[112].night2_pct,4.47
Jeddah.samples[112].admissible,True
Jeddah.samples[112].precode_admissible,True
Jeddah.samples[113].x[0],0.026
Jeddah.samples[113].x[1],0.022
Jeddah.samples[113].x[2],1.553
Jeddah.samples[113].x[3],1.102
Jeddah.samples[113].x[4],0.062
Jeddah.samples[113].x[5],0.168
Jeddah.samples[113].x[6],1.131
Jeddah.samples[113].x[7],0.088
Jeddah.samples[113].x[8],3.668
Jeddah.samples[113].x[9],0.692
Jeddah.samples[113].x[10],1.2
Jeddah.samples[113].x[11],1.165
Jeddah.samples[113].x[12],0.742
Jeddah.samples[113].x[13],1.107
Jeddah.samples[113].x[14],0.007
Jeddah.samples[113].x[15],0.81
Jeddah.samples[113].x[16],1.333
Jeddah.samples[113].setpoint_pct,10.3
Jeddah.samples[113].envelope_pct,39.6
Jeddah.samples[113].inverter_pct,11.2
Jeddah.samples[113].best_precool_pct,0.0
Jeddah.samples[113].prepeak2_pct,3.49
Jeddah.samples[113].night2_pct,5.31
Jeddah.samples[113].admissible,True
Jeddah.samples[113].precode_admissible,True
Jeddah.samples[114].x[0],0.009
Jeddah.samples[114].x[1],0.023
Jeddah.samples[114].x[2],1.538
Jeddah.samples[114].x[3],1.179
Jeddah.samples[114].x[4],0.207
Jeddah.samples[114].x[5],0.211
Jeddah.samples[114].x[6],0.825
Jeddah.samples[114].x[7],0.053
Jeddah.samples[114].x[8],2.58
Jeddah.samples[114].x[9],0.743
Jeddah.samples[114].x[10],1.259
Jeddah.samples[114].x[11],1.174
Jeddah.samples[114].x[12],0.79
Jeddah.samples[114].x[13],1.063
Jeddah.samples[114].x[14],0.006
Jeddah.samples[114].x[15],0.892
Jeddah.samples[114].x[16],-0.071
Jeddah.samples[114].setpoint_pct,8.2
Jeddah.samples[114].envelope_pct,37.7
Jeddah.samples[114].inverter_pct,7.4
Jeddah.samples[114].best_precool_pct,0.0
Jeddah.samples[114].prepeak2_pct,3.03
Jeddah.samples[114].night2_pct,3.66
Jeddah.samples[114].admissible,True
Jeddah.samples[114].precode_admissible,True
Jeddah.samples[115].x[0],0.02
Jeddah.samples[115].x[1],0.02
Jeddah.samples[115].x[2],1.467
Jeddah.samples[115].x[3],1.132
Jeddah.samples[115].x[4],0.091
Jeddah.samples[115].x[5],0.255
Jeddah.samples[115].x[6],1.277
Jeddah.samples[115].x[7],0.088
Jeddah.samples[115].x[8],2.685
Jeddah.samples[115].x[9],0.509
Jeddah.samples[115].x[10],1.114
Jeddah.samples[115].x[11],1.1
Jeddah.samples[115].x[12],0.683
Jeddah.samples[115].x[13],0.64
Jeddah.samples[115].x[14],0.007
Jeddah.samples[115].x[15],0.875
Jeddah.samples[115].x[16],0.182
Jeddah.samples[115].setpoint_pct,9.5
Jeddah.samples[115].envelope_pct,37.9
Jeddah.samples[115].inverter_pct,11.3
Jeddah.samples[115].best_precool_pct,0.0
Jeddah.samples[115].prepeak2_pct,2.72
Jeddah.samples[115].night2_pct,4.59
Jeddah.samples[115].admissible,True
Jeddah.samples[115].precode_admissible,True
Jeddah.samples[116].x[0],0.025
Jeddah.samples[116].x[1],0.016
Jeddah.samples[116].x[2],1.572
Jeddah.samples[116].x[3],1.185
Jeddah.samples[116].x[4],0.15
Jeddah.samples[116].x[5],0.263
Jeddah.samples[116].x[6],1.207
Jeddah.samples[116].x[7],0.025
Jeddah.samples[116].x[8],3.156
Jeddah.samples[116].x[9],0.757
Jeddah.samples[116].x[10],0.886
Jeddah.samples[116].x[11],1.108
Jeddah.samples[116].x[12],0.769
Jeddah.samples[116].x[13],1.279
Jeddah.samples[116].x[14],0.016
Jeddah.samples[116].x[15],0.979
Jeddah.samples[116].x[16],-0.795
Jeddah.samples[116].setpoint_pct,11.0
Jeddah.samples[116].envelope_pct,40.5
Jeddah.samples[116].inverter_pct,9.9
Jeddah.samples[116].best_precool_pct,0.0
Jeddah.samples[116].prepeak2_pct,4.69
Jeddah.samples[116].night2_pct,6.1
Jeddah.samples[116].admissible,True
Jeddah.samples[116].precode_admissible,True
Jeddah.samples[117].x[0],0.022
Jeddah.samples[117].x[1],0.019
Jeddah.samples[117].x[2],1.436
Jeddah.samples[117].x[3],1.154
Jeddah.samples[117].x[4],0.102
Jeddah.samples[117].x[5],0.323
Jeddah.samples[117].x[6],1.652
Jeddah.samples[117].x[7],0.095
Jeddah.samples[117].x[8],2.976
Jeddah.samples[117].x[9],0.307
Jeddah.samples[117].x[10],1.151
Jeddah.samples[117].x[11],1.04
Jeddah.samples[117].x[12],0.697
Jeddah.samples[117].x[13],0.889
Jeddah.samples[117].x[14],0.014
Jeddah.samples[117].x[15],1.046
Jeddah.samples[117].x[16],1.65
Jeddah.samples[117].setpoint_pct,9.9
Jeddah.samples[117].envelope_pct,45.1
Jeddah.samples[117].inverter_pct,15.0
Jeddah.samples[117].best_precool_pct,0.0
Jeddah.samples[117].prepeak2_pct,3.02
Jeddah.samples[117].night2_pct,4.46
Jeddah.samples[117].admissible,True
Jeddah.samples[117].precode_admissible,False
Jeddah.samples[118].x[0],0.012
Jeddah.samples[118].x[1],0.019
Jeddah.samples[118].x[2],1.407
Jeddah.samples[118].x[3],1.211
Jeddah.samples[118].x[4],0.065
Jeddah.samples[118].x[5],0.183
Jeddah.samples[118].x[6],1.893
Jeddah.samples[118].x[7],0.041
Jeddah.samples[118].x[8],3.304
Jeddah.samples[118].x[9],0.227
Jeddah.samples[118].x[10],1.036
Jeddah.samples[118].x[11],1.197
Jeddah.samples[118].x[12],0.613
Jeddah.samples[118].x[13],1.173
Jeddah.samples[118].x[14],0.02
Jeddah.samples[118].x[15],0.819
Jeddah.samples[118].x[16],0.225
Jeddah.samples[118].setpoint_pct,9.6
Jeddah.samples[118].envelope_pct,47.8
Jeddah.samples[118].inverter_pct,11.9
Jeddah.samples[118].best_precool_pct,0.0
Jeddah.samples[118].prepeak2_pct,3.91
Jeddah.samples[118].night2_pct,5.3
Jeddah.samples[118].admissible,True
Jeddah.samples[118].precode_admissible,False
Jeddah.samples[119].x[0],0.028
Jeddah.samples[119].x[1],0.015
Jeddah.samples[119].x[2],1.445
Jeddah.samples[119].x[3],1.187
Jeddah.samples[119].x[4],0.211
Jeddah.samples[119].x[5],0.304
Jeddah.samples[119].x[6],0.743
Jeddah.samples[119].x[7],0.037
Jeddah.samples[119].x[8],3.856
Jeddah.samples[119].x[9],0.291
Jeddah.samples[119].x[10],1.287
Jeddah.samples[119].x[11],1.045
Jeddah.samples[119].x[12],0.893
Jeddah.samples[119].x[13],0.943
Jeddah.samples[119].x[14],0.013
Jeddah.samples[119].x[15],0.83
Jeddah.samples[119].x[16],0.251
Jeddah.samples[119].setpoint_pct,11.8
Jeddah.samples[119].envelope_pct,51.9
Jeddah.samples[119].inverter_pct,11.3
Jeddah.samples[119].best_precool_pct,0.0
Jeddah.samples[119].prepeak2_pct,5.46
Jeddah.samples[119].night2_pct,8.35
Jeddah.samples[119].admissible,True
Jeddah.samples[119].precode_admissible,True
Jeddah.samples[120].x[0],0.005
Jeddah.samples[120].x[1],0.02
Jeddah.samples[120].x[2],1.393
Jeddah.samples[120].x[3],1.183
Jeddah.samples[120].x[4],0.124
Jeddah.samples[120].x[5],0.17
Jeddah.samples[120].x[6],1.992
Jeddah.samples[120].x[7],0.046
Jeddah.samples[120].x[8],3.322
Jeddah.samples[120].x[9],0.266
Jeddah.samples[120].x[10],0.873
Jeddah.samples[120].x[11],1.141
Jeddah.samples[120].x[12],0.792
Jeddah.samples[120].x[13],1.028
Jeddah.samples[120].x[14],0.012
Jeddah.samples[120].x[15],1.01
Jeddah.samples[120].x[16],1.514
Jeddah.samples[120].setpoint_pct,8.3
Jeddah.samples[120].envelope_pct,51.4
Jeddah.samples[120].inverter_pct,9.9
Jeddah.samples[120].best_precool_pct,0.0
Jeddah.samples[120].prepeak2_pct,2.58
Jeddah.samples[120].night2_pct,3.35
Jeddah.samples[120].admissible,True
Jeddah.samples[120].precode_admissible,False
Jeddah.samples[121].x[0],0.019
Jeddah.samples[121].x[1],0.015
Jeddah.samples[121].x[2],1.368
Jeddah.samples[121].x[3],1.289
Jeddah.samples[121].x[4],0.086
Jeddah.samples[121].x[5],0.333
Jeddah.samples[121].x[6],1.922
Jeddah.samples[121].x[7],0.139
Jeddah.samples[121].x[8],2.649
Jeddah.samples[121].x[9],0.285
Jeddah.samples[121].x[10],1.128
Jeddah.samples[121].x[11],1.065
Jeddah.samples[121].x[12],0.565
Jeddah.samples[121].x[13],0.866
Jeddah.samples[121].x[14],0.016
Jeddah.samples[121].x[15],1.237
Jeddah.samples[121].x[16],-0.629
Jeddah.samples[121].setpoint_pct,10.1
Jeddah.samples[121].envelope_pct,40.0
Jeddah.samples[121].inverter_pct,13.6
Jeddah.samples[121].best_precool_pct,0.0
Jeddah.samples[121].prepeak2_pct,3.24
Jeddah.samples[121].night2_pct,5.08
Jeddah.samples[121].admissible,True
Jeddah.samples[121].precode_admissible,False
Jeddah.samples[122].x[0],0.029
Jeddah.samples[122].x[1],0.025
Jeddah.samples[122].x[2],1.322
Jeddah.samples[122].x[3],1.209
Jeddah.samples[122].x[4],0.141
Jeddah.samples[122].x[5],0.207
Jeddah.samples[122].x[6],1.96
Jeddah.samples[122].x[7],0.109
Jeddah.samples[122].x[8],3.131
Jeddah.samples[122].x[9],0.392
Jeddah.samples[122].x[10],0.913
Jeddah.samples[122].x[11],1.154
Jeddah.samples[122].x[12],0.589
Jeddah.samples[122].x[13],1.385
Jeddah.samples[122].x[14],0.018
Jeddah.samples[122].x[15],1.212
Jeddah.samples[122].x[16],-0.717
Jeddah.samples[122].setpoint_pct,11.9
Jeddah.samples[122].envelope_pct,40.8
Jeddah.samples[122].inverter_pct,7.7
Jeddah.samples[122].best_precool_pct,0.0
Jeddah.samples[122].prepeak2_pct,4.21
Jeddah.samples[122].night2_pct,4.55
Jeddah.samples[122].admissible,True
Jeddah.samples[122].precode_admissible,False
Jeddah.samples[123].x[0],0.004
Jeddah.samples[123].x[1],0.017
Jeddah.samples[123].x[2],1.512
Jeddah.samples[123].x[3],1.264
Jeddah.samples[123].x[4],0.097
Jeddah.samples[123].x[5],0.24
Jeddah.samples[123].x[6],1.107
Jeddah.samples[123].x[7],0.039
Jeddah.samples[123].x[8],3.706
Jeddah.samples[123].x[9],0.615
Jeddah.samples[123].x[10],1.026
Jeddah.samples[123].x[11],1.07
Jeddah.samples[123].x[12],0.644
Jeddah.samples[123].x[13],0.834
Jeddah.samples[123].x[14],0.015
Jeddah.samples[123].x[15],1.024
Jeddah.samples[123].x[16],-0.33
Jeddah.samples[123].setpoint_pct,8.9
Jeddah.samples[123].envelope_pct,39.8
Jeddah.samples[123].inverter_pct,11.8
Jeddah.samples[123].best_precool_pct,0.0
Jeddah.samples[123].prepeak2_pct,3.55
Jeddah.samples[123].night2_pct,4.3
Jeddah.samples[123].admissible,True
Jeddah.samples[123].precode_admissible,True
Jeddah.samples[124].x[0],0.014
Jeddah.samples[124].x[1],0.01
Jeddah.samples[124].x[2],1.463
Jeddah.samples[124].x[3],1.283
Jeddah.samples[124].x[4],0.196
Jeddah.samples[124].x[5],0.173
Jeddah.samples[124].x[6],0.958
Jeddah.samples[124].x[7],0.06
Jeddah.samples[124].x[8],2.886
Jeddah.samples[124].x[9],0.259
Jeddah.samples[124].x[10],1.102
Jeddah.samples[124].x[11],1.102
Jeddah.samples[124].x[12],0.543
Jeddah.samples[124].x[13],1.169
Jeddah.samples[124].x[14],0.015
Jeddah.samples[124].x[15],0.934
Jeddah.samples[124].x[16],1.708
Jeddah.samples[124].setpoint_pct,9.0
Jeddah.samples[124].envelope_pct,44.7
Jeddah.samples[124].inverter_pct,8.7
Jeddah.samples[124].best_precool_pct,0.0
Jeddah.samples[124].prepeak2_pct,2.51
Jeddah.samples[124].night2_pct,4.47
Jeddah.samples[124].admissible,True
Jeddah.samples[124].precode_admissible,True
Jeddah.samples[125].x[0],0.021
Jeddah.samples[125].x[1],0.024
Jeddah.samples[125].x[2],1.312
Jeddah.samples[125].x[3],1.12
Jeddah.samples[125].x[4],0.209
Jeddah.samples[125].x[5],0.17
Jeddah.samples[125].x[6],1.063
Jeddah.samples[125].x[7],0.129
Jeddah.samples[125].x[8],3.889
Jeddah.samples[125].x[9],0.351
Jeddah.samples[125].x[10],0.975
Jeddah.samples[125].x[11],1.124
Jeddah.samples[125].x[12],0.787
Jeddah.samples[125].x[13],0.933
Jeddah.samples[125].x[14],0.019
Jeddah.samples[125].x[15],0.904
Jeddah.samples[125].x[16],0.775
Jeddah.samples[125].setpoint_pct,10.7
Jeddah.samples[125].envelope_pct,46.5
Jeddah.samples[125].inverter_pct,6.0
Jeddah.samples[125].best_precool_pct,0.0
Jeddah.samples[125].prepeak2_pct,3.07
Jeddah.samples[125].night2_pct,4.69
Jeddah.samples[125].admissible,True
Jeddah.samples[125].precode_admissible,False
Jeddah.samples[126].x[0],0.004
Jeddah.samples[126].x[1],0.028
Jeddah.samples[126].x[2],1.596
Jeddah.samples[126].x[3],1.225
Jeddah.samples[126].x[4],0.055
Jeddah.samples[126].x[5],0.3
Jeddah.samples[126].x[6],1.193
Jeddah.samples[126].x[7],0.021
Jeddah.samples[126].x[8],3.36
Jeddah.samples[126].x[9],0.786
Jeddah.samples[126].x[10],1.074
Jeddah.samples[126].x[11],1.062
Jeddah.samples[126].x[12],0.617
Jeddah.samples[126].x[13],1.327
Jeddah.samples[126].x[14],0.011
Jeddah.samples[126].x[15],1.128
Jeddah.samples[126].x[16],-0.306
Jeddah.samples[126].setpoint_pct,8.5
Jeddah.samples[126].envelope_pct,38.0
Jeddah.samples[126].inverter_pct,12.4
Jeddah.samples[126].best_precool_pct,0.0
Jeddah.samples[126].prepeak2_pct,3.82
Jeddah.samples[126].night2_pct,3.24
Jeddah.samples[126].admissible,True
Jeddah.samples[126].precode_admissible,True
Jeddah.samples[127].x[0],0.029
Jeddah.samples[127].x[1],0.019
Jeddah.samples[127].x[2],1.595
Jeddah.samples[127].x[3],1.221
Jeddah.samples[127].x[4],0.072
Jeddah.samples[127].x[5],0.265
Jeddah.samples[127].x[6],0.619
Jeddah.samples[127].x[7],0.077
Jeddah.samples[127].x[8],2.522
Jeddah.samples[127].x[9],0.536
Jeddah.samples[127].x[10],1.098
Jeddah.samples[127].x[11],1.161
Jeddah.samples[127].x[12],0.595
Jeddah.samples[127].x[13],1.115
Jeddah.samples[127].x[14],0.011
Jeddah.samples[127].x[15],1.037
Jeddah.samples[127].x[16],-0.401
Jeddah.samples[127].setpoint_pct,10.6
Jeddah.samples[127].envelope_pct,37.7
Jeddah.samples[127].inverter_pct,12.4
Jeddah.samples[127].best_precool_pct,0.0
Jeddah.samples[127].prepeak2_pct,4.71
Jeddah.samples[127].night2_pct,5.48
Jeddah.samples[127].admissible,True
Jeddah.samples[127].precode_admissible,True
parameters[0].name,gamma_indoor
parameters[0].low,0.0
parameters[0].high,0.03
parameters[1].name,cop_slope_outdoor
parameters[1].low,0.01
parameters[1].high,0.03
parameters[2].name,cop_ratio_low
parameters[2].low,1.3
parameters[2].high,1.6
parameters[3].name,cop_ratio_mid
parameters[3].low,1.1
parameters[3].high,1.3
parameters[4].name,cd_inverter
parameters[4].low,0.05
parameters[4].high,0.25
parameters[5].name,cd_fixed
parameters[5].low,0.15
parameters[5].high,0.35
parameters[6].name,escalation_scale
parameters[6].low,0.5
parameters[6].high,2.0
parameters[7].name,air_fraction
parameters[7].low,0.02
parameters[7].high,0.15
parameters[8].name,cop_latent
parameters[8].low,2.5
parameters[8].high,4.0
parameters[9].name,ach
parameters[9].low,0.2
parameters[9].high,0.8
parameters[10].name,gains_scale
parameters[10].low,0.7
parameters[10].high,1.3
parameters[11].name,wall_u_factor
parameters[11].low,1.0
parameters[11].high,1.2
parameters[12].name,absorptance
parameters[12].low,0.5
parameters[12].high,0.9
parameters[13].name,door_scale
parameters[13].low,0.5
parameters[13].high,1.5
parameters[14].name,derating_slope
parameters[14].low,0.005
parameters[14].high,0.02
parameters[15].name,weather_swing
parameters[15].low,0.8
parameters[15].high,1.3
parameters[16].name,weather_shift_K
parameters[16].low,-1.0
parameters[16].high,2.0
